0,250302.414350907,3688262.63288668,0,0.937445088128492,0
1,250302.473654821,3688262.7135192,0,0.935061056445172,-0.047687019535184
2,250302.53332707,3688262.79384707,0,0.927905291166352,-0.095444752979198
3,250302.593735989,3688262.87356562,0,0.915968399235644,-0.143311509777518
4,250302.655249915,3688262.95237022,0,0.899240146016238,-0.191260269432279
5,250302.718237182,3688263.0299562,0,0.877717657398775,-0.239165272932673
6,250302.782941901,3688263.10612214,0,0.856647570695886,-0.173916294501496
7,250302.848988242,3688263.18118184,0,0.842965679499686,-0.099742914223252
8,250302.915807373,3688263.25560947,0,0.836694364389874,-0.025702768040691
9,250302.982830403,3688263.32987926,0,0.837823025491455,0.048275764938656
10,250303.049488438,3688263.40446545,0,0.846351341975215,0.122306397553775
11,250303.115222848,3688263.47983367,0,0.861333712866925,0.151124041086593
12,250303.179828471,3688263.55615363,0,0.874771554971664,0.117623924695702
13,250303.243534548,3688263.63323135,0,0.884857730438705,0.084099467085003
14,250303.306596994,3688263.71085053,0,0.891591828703005,0.050585473732153
15,250303.369271722,3688263.78879486,0,0.894975408200631,0.017088403318778
16,250303.431814645,3688263.86684803,0,0.895009727401803,-0.016402317514682
17,250303.494469662,3688263.94480397,0,0.892415106819156,-0.027962711534285
18,250303.557335895,3688264.02257991,0,0.889613875805263,-0.028061665206811
19,250303.620416577,3688264.10017476,0,0.886802822766362,-0.028159149230555
20,250303.683713227,3688264.17758888,0,0.883982095504324,-0.028255146907665
21,250303.747227366,3688264.25482265,0,0.881151843478064,-0.028349641796547
22,250303.810960233,3688264.33187663,0,0.878344725332399,-0.026453639004246
23,250303.874895509,3688264.40876514,0,0.875998972490488,-0.020461503946944
24,250303.93898918,3688264.4855241,0,0.874252405517496,-0.014469932309437
25,250304.003194795,3688264.56219137,0,0.873104968216179,-0.008478889851853
26,250304.067465904,3688264.63880478,0,0.872556616140692,-0.002488186545368
27,250304.131756092,3688264.71540214,0,0.87260075155683,0.002928172868629
28,250304.196024899,3688264.79201659,0,0.873067750240721,0.006411814018758
29,250304.260244102,3688264.86867168,0,0.873883116885126,0.009895530127086
30,250304.324386987,3688264.94538977,0,0.875046857947815,0.013379295484714
31,250304.388426838,3688265.0221932,0,0.876558975619875,0.016863048352695
32,250304.452336948,3688265.09910434,0,0.87841802468012,0.020127427371346
33,250304.516093613,3688265.17614289,0,0.880521424284598,0.021940564069214
34,250304.579681298,3688265.25332139,0,0.882806136213736,0.02375366163898
35,250304.643085836,3688265.33065115,0,0.885272152517501,0.025566635581321
36,250304.706293062,3688265.4081435,0,0.887919455639807,0.027379377978103
37,250304.76928881,3688265.48580976,0,0.890748015987877,0.029191755719
38,250304.832061947,3688265.56365876,0,0.893527448849157,0.022001917804174
39,250304.894667415,3688265.64164491,0,0.894938805894667,0.006225440556617
40,250304.957224231,3688265.71966992,0,0.894772548299007,-0.009550712027801
41,250305.019854045,3688265.79763329,0,0.89302860556599,-0.025328578552302
42,250305.082678509,3688265.87543452,0,0.889706729161359,-0.041109484846697
43,250305.145819273,3688265.95297315,0,0.884806622717149,-0.056892865123403
44,250305.209397969,3688266.03014868,0,0.878338550648599,-0.070105965280288
45,250305.27348472,3688266.10690332,0,0.872131744083688,-0.054029680250971
46,250305.337987667,3688266.18331347,0,0.867532616604459,-0.037953195385149
47,250305.402783183,3688266.25948181,0,0.864541008242633,-0.021879515363601
48,250305.467747643,3688266.33551107,0,0.863156616074714,-0.005808702556996
49,250305.532757423,3688266.41150394,0,0.863379226083521,0.010260875804068
50,250305.597688895,3688266.48756313,0,0.86520882038594,0.026331302186759
51,250305.662418466,3688266.56379132,0,0.868633354221556,0.039961810128076
52,250305.726864074,3688266.64025662,0,0.872211693259873,0.031604671915161
53,250305.791067077,3688266.71692449,0,0.874954250222586,0.02324636017233
54,250305.855091656,3688266.79374137,0,0.876860955062656,0.014887725238819
55,250305.919001991,3688266.8706537,0,0.877931796949532,0.006529130279196
56,250305.982862261,3688266.94760795,0,0.878166784307044,-0.001829373585498
57,250306.046736646,3688267.02455056,0,0.877565922368767,-0.01018787208209
58,250306.110689326,3688267.10142798,0,0.876129208252844,-0.018546412594394
59,250306.174774947,3688267.17819461,0,0.874357756950931,-0.013413985814894
60,250306.238963161,3688267.25487562,0,0.873506431427071,-0.003612537593677
61,250306.303179001,3688267.33153336,0,0.873635249391053,0.006188912863794
62,250306.367347103,3688267.40823048,0,0.874744220065952,0.015990539359518
63,250306.431392105,3688267.48502966,0,0.87683336349077,0.025792337326843
64,250306.495250777,3688267.5619835,0,0.879169044051311,0.012848546783196
65,250306.559012618,3688267.63901773,0,0.879181002698807,-0.012609371719495
66,250306.622871489,3688267.71597143,0,0.876647167643011,-0.038067270432026
67,250306.68702327,3688267.792682,0,0.871567623526396,-0.06352267505041
68,250306.751663844,3688267.86898683,0,0.863943031159293,-0.088965712779596
69,250306.816981444,3688267.94472963,0,0.854513708958065,-0.077698122393046
70,250306.882871318,3688268.01999552,0,0.850029148224378,-0.012000128640908
71,250306.948850559,3688268.09518125,0,0.852113532328548,0.053693855860399
72,250307.014411233,3688268.17070419,0,0.860770219452612,0.119454527957468
73,250307.079045406,3688268.24698172,0,0.876006872214923,0.185283055850736
74,250307.142248079,3688268.32442879,0,0.897361534650615,0.21344788846262
75,250307.203883121,3688268.40315787,0,0.914358086031364,0.126497562843277
76,250307.26453823,3688268.48268781,0,0.922665642682378,0.039675553647902
77,250307.324885316,3688268.56246842,0,0.922295518856156,-0.047079771516635
78,250307.385596291,3688268.64194948,0,0.913246752879002,-0.133919626825447
79,250307.447343063,3688268.7205808,0,0.895506941730953,-0.220888920392882
80,250307.510669192,3688268.79791756,0,0.874712863993756,-0.180106955728127
81,250307.575388376,3688268.87411429,0,0.859585791397995,-0.122437165335867
82,250307.641056686,3688268.94953706,0,0.850223417668273,-0.064823702103222
83,250307.7072299,3688269.02455219,0,0.846618638884611,-0.007280457096579
84,250307.773463794,3688269.09952599,0,0.848766661836775,0.05024309435691
85,250307.839314146,3688269.17482478,0,0.85666858036809,0.107804663159146
86,250307.904382612,3688269.25077679,0,0.867822002889307,0.095113516834408
87,250307.968723005,3688269.32733495,0,0.875285431326237,0.054152481161663
88,250308.032646412,3688269.40423865,0,0.87865230893334,0.01318483118116
89,250308.096466902,3688269.48122479,0,0.877922322312548,-0.027785297616464
90,250308.160498538,3688269.55803028,0,0.873095067803921,-0.068760408153667
91,250308.225045632,3688269.63440024,0,0.864982748362861,-0.075216900320119
92,250308.290153978,3688269.71029714,0,0.859078684808326,-0.042865223339716
93,250308.35559034,3688269.78591804,0,0.856409466091412,-0.010520225942406
94,250308.421107617,3688269.86147166,0,0.856974531001379,0.021821622889006
95,250308.486458709,3688269.93716674,0,0.860773921055055,0.05416715507209
96,250308.55139691,3688270.01321165,0,0.867716555037293,0.075724301689998
97,250308.615803507,3688270.08970663,0,0.873725730991653,0.044458901294925
98,250308.67987088,3688270.166489,0,0.876608402314296,0.013195076841877
99,250308.743837766,3688270.2433569,0,0.876364815489843,-0.018066802661326
100,250308.807942902,3688270.32010849,0,0.872994984062732,-0.049330237179044
101,250308.872425024,3688270.3965419,0,0.8664987600638,-0.080593429232247
102,250308.937479634,3688270.47249172,0,0.85904503417909,-0.056405816769538
103,250309.002963784,3688270.54807775,0,0.855385395443758,-0.016788496041245
104,250309.068575101,3688270.62355415,0,0.855687215879852,0.022825515358775
105,250309.134010277,3688270.69917586,0,0.859950847671722,0.062449643449742
106,250309.198966008,3688270.77519782,0,0.868177603833298,0.102086568569022
107,250309.26315031,3688270.85186549,0,0.87944645398752,0.103413459783109
108,250309.326556247,3688270.92918539,0,0.887788374903566,0.063426291494409
109,250309.389476322,3688271.0069131,0,0.892132212655132,0.023453120427238
110,250309.452217236,3688271.08479228,0,0.892479353220888,-0.016509798015826
111,250309.515085696,3688271.1625666,0,0.888830086657857,-0.056477444722344
112,250309.578386546,3688271.23998126,0,0.881428962238949,-0.079863338476949
113,250309.642275952,3688271.31690566,0,0.874247475953908,-0.063764952884115
114,250309.706655275,3688271.39342195,0,0.868676114224789,-0.047662125167546
115,250309.77140084,3688271.46963321,0,0.864715014305692,-0.031560272296272
116,250309.836388972,3688271.54564251,0,0.862363967558017,-0.015461103846323
117,250309.901495996,3688271.62155294,0,0.861622727544131,0.000636124884095
118,250309.966598237,3688271.69746756,0,0.862491192812337,0.016733360291041
119,250310.031574729,3688271.77348719,0,0.864739405061418,0.022831673195141
120,250310.09638027,3688271.84964945,0,0.86674069592394,0.017194013059444
121,250310.161053737,3688271.92592181,0,0.868178187819343,0.011555751841633
122,250310.225638383,3688272.0022681,0,0.869051835572937,0.005917165370982
123,250310.290177465,3688272.07865214,0,0.869361615636022,0.000278419293792
124,250310.354714237,3688272.15503777,0,0.86910751775501,-0.005360377172409
125,250310.419291955,3688272.2313888,0,0.868289542017267,-0.010999117462519
126,250310.483949083,3688272.30767308,0,0.867151447830611,-0.010299134880255
127,250310.548684932,3688272.3838912,0,0.866251684648811,-0.007696139554481
128,250310.61347969,3688272.4600598,0,0.865612217839874,-0.005093206102513
129,250310.678313414,3688272.5361956,0,0.865233041846814,-0.002490319750332
130,250310.743166161,3688272.61231533,0,0.8651141531517,0.000112544627307
131,250310.808017989,3688272.68843572,0,0.865255551046256,0.002715417216718
132,250310.872848955,3688272.76457349,0,0.865657237873495,0.005318327975764
133,250310.937639437,3688272.8407451,0,0.866283757710204,0.005917022520102
134,250311.002386497,3688272.91695306,0,0.866722400505906,0.002855822627284
135,250311.067111682,3688272.99317937,0,0.866854920959748,-0.000205415810485
136,250311.131838493,3688273.06940443,0,0.866681317678449,-0.003266644189807
137,250311.196590429,3688273.14560861,0,0.866201594086213,-0.006327813330302
138,250311.261390991,3688273.22177229,0,0.865415758912626,-0.009388864870924
139,250311.326263678,3688273.29787586,0,0.864323827540815,-0.012449722668663
140,250311.391231992,3688273.37389969,0,0.862925824215509,-0.015510284202395
141,250311.456305256,3688273.44983599,0,0.86181187287006,-0.005997036921943
142,250311.521424593,3688273.5257339,0,0.861728923972268,0.004338045206322
143,250311.586510644,3688273.60165964,0,0.862679493452276,0.014673468931664
144,250311.651484047,3688273.67767944,0,0.864663652987827,0.025009933863353
145,250311.716265439,3688273.75385952,0,0.867681523470874,0.035347669450784
146,250311.780775456,3688273.8302661,0,0.871733211417762,0.045686103449918
147,250311.844934735,3688273.90696542,0,0.876818712214294,0.05602353022939
148,250311.90867565,3688273.9840139,0,0.882251447806254,0.045815495599203
149,250311.972066225,3688274.06135472,0,0.88581267510728,0.025409537010557
150,250312.035261638,3688274.13885828,0,0.887333447277583,0.005006234723968
151,250312.098418505,3688274.21639379,0,0.886813942326236,-0.015396480171227
152,250312.16169344,3688274.29383045,0,0.88425407888599,-0.035801301711012
153,250312.225243054,3688274.37103748,0,0.87965689935602,-0.054847339429103
154,250312.289182787,3688274.44791855,0,0.874548722198963,-0.047315605723815
155,250312.353485739,3688274.52449642,0,0.870193859397322,-0.03978140961041
156,250312.418094275,3688274.60081961,0,0.86659246278277,-0.032246515738348
157,250312.482950758,3688274.67693659,0,0.863744542655006,-0.024712011395905
158,250312.547997551,3688274.75289589,0,0.861650029117366,-0.017178434612519
159,250312.61317702,3688274.82874599,0,0.860308820582395,-0.009645902586484
160,250312.678431528,3688274.9045354,0,0.859720819432371,-0.002114240122606
161,250312.743699105,3688274.98031597,0,0.860063880948048,0.00927149716345
162,250312.808895944,3688275.0561565,0,0.861576384774749,0.020978907827863
163,250312.873931374,3688275.13213112,0,0.864259753021132,0.032689004985422
164,250312.938714718,3688275.20831395,0,0.868114303387842,0.044402585806048
165,250313.003155304,3688275.28477912,0,0.873140370085912,0.056119102789893
166,250313.067162455,3688275.36160075,0,0.879338145193715,0.067836180150562
167,250313.130645989,3688275.43885256,0,0.886625282461212,0.07247024693937
168,250313.193587306,3688275.51654969,0,0.892933465050363,0.053693279666737
169,250313.256113816,3688275.59458775,0,0.897364012865568,0.034918357203504
170,250313.318370724,3688275.67284778,0,0.899917287392863,0.016147838758595
171,250313.380503232,3688275.75121083,0,0.900593684904856,-0.002619607903251
172,250313.442656546,3688275.82955796,0,0.899393366630779,-0.021387020778831
173,250313.504971117,3688275.9077741,0,0.896667121336469,-0.026780082238593
174,250313.567489805,3688275.98582398,0,0.89432536549833,-0.020054865790566
175,250313.630163962,3688276.06374717,0,0.892656172581712,-0.01332890817343
176,250313.692941411,3688276.1415861,0,0.891659595472427,-0.006602596263611
177,250313.755769972,3688276.21938324,0,0.891335658172162,0.000123863928417
178,250313.818597467,3688276.29718104,0,0.891684369322639,0.00685035600022
179,250313.881372457,3688276.37502133,0,0.892631200698605,0.009685477805982
180,250313.944075325,3688276.45292014,0,0.893428118855674,0.006252892018668
181,250314.006729684,3688276.53085842,0,0.893881780542173,0.002820348689649
182,250314.069362236,3688276.60881458,0,0.893992189784751,-0.000612159237221
183,250314.131999681,3688276.68676705,0,0.893759349304902,-0.004044648786741
184,250314.19466872,3688276.76469428,0,0.893183260128738,-0.007477134819677
185,250314.257396054,3688276.84257467,0,0.892263922410005,-0.010909617900497
186,250314.320208384,3688276.92038668,0,0.891001337466333,-0.01434207216513
187,250314.38313332,3688276.99810792,0,0.889344135457308,-0.01922991288403
188,250314.446207672,3688277.07570797,0,0.887146435331074,-0.024724130645509
189,250314.509473588,3688277.1531517,0,0.884399303836284,-0.030218505700864
190,250314.572973282,3688277.23040396,0,0.881102739590544,-0.035712709644906
191,250314.636748969,3688277.30742957,0,0.877256787320127,-0.041206140428665
192,250314.700842863,3688277.38419336,0,0.872861567705499,-0.046697872772978
193,250314.765274627,3688277.46067865,0,0.869015186307203,-0.024635213856315
194,250314.829895609,3688277.5370069,0,0.86800565739795,0.004444404554322
195,250314.894481066,3688277.61336197,0,0.869904159765498,0.033526761875938
196,250314.95880588,3688277.68992806,0,0.87471131672339,0.062618044191462
197,250315.022644936,3688277.76688934,0,0.882428006381297,0.091715929681163
198,250315.08577851,3688277.8444256,0,0.892544005265848,0.095886473146399
199,250315.148185254,3688277.92255463,0,0.900544032284011,0.064114846781215
200,250315.210095171,3688278.00108901,0,0.905367330025982,0.03235323547328
201,250315.271754443,3688278.07982808,0,0.907015029004899,0.000601786904074
202,250315.333409249,3688278.15857122,0,0.905487705110322,-0.031149136607554
203,250315.39530577,3688278.23711778,0,0.900784881411727,-0.06290935436538
204,250315.457690186,3688278.31526711,0,0.892905489986155,-0.094679264839765
205,250315.520760233,3688278.39285807,0,0.883956468691292,-0.079088229759273
206,250315.584443469,3688278.46994983,0,0.87712029791191,-0.057635076263344
207,250315.648573818,3688278.54667788,0,0.872429345892033,-0.036184883894309
208,250315.712985115,3688278.62317779,0,0.869883125525959,-0.014740393333153
209,250315.777511193,3688278.69958515,0,0.86948114998029,0.006700647592098
210,250315.841985887,3688278.77603552,0,0.871223283894764,0.028142523235363
211,250315.906243029,3688278.85266448,0,0.875109798773992,0.04958859391153
212,250315.970119131,3688278.92960542,0,0.880874190390359,0.057281238182873
213,250316.033562431,3688279.00690058,0,0.885902236955643,0.043279113577478
214,250316.096670938,3688279.08447,0,0.889529960137271,0.029275315061595
215,250316.159553151,3688279.16222514,0,0.891757317597259,0.0152719880131
216,250316.222317566,3688279.2400775,0,0.892584388557491,0.00126955554928
217,250316.285072682,3688279.31793856,0,0.892011242768493,-0.012732457560256
218,250316.347926997,3688279.39571979,0,0.890037891862986,-0.026734601180432
219,250316.41097641,3688279.47334287,0,0.887392866649022,-0.018907518607218
220,250316.474170812,3688279.55084773,0,0.886437165343022,-0.000206503452171
221,250316.5373661,3688279.62835042,0,0.887351586848653,0.018495139131317
222,250316.600416616,3688279.70596822,0,0.890136244912872,0.03719826933452
223,250316.663176701,3688279.78381845,0,0.894791258621496,0.055901806583372
224,250316.725514616,3688279.86200722,0,0.900462024512283,0.047348917321889
225,250316.787486152,3688279.94048996,0,0.903958822683708,0.022587558703862
226,250316.849281514,3688280.01911407,0,0.904979626174542,-0.002171240725534
227,250316.911093838,3688280.09772463,0,0.903524565112816,-0.026930309621804
228,250316.973116257,3688280.17616669,0,0.899593468785698,-0.051692077364159
229,250317.035536312,3688280.25428979,0,0.893617504808835,-0.05913829801873
230,250317.098411766,3688280.3320472,0,0.888203389790224,-0.049143813584151
231,250317.16167001,3688280.40949642,0,0.883788738852045,-0.039149377253654
232,250317.225232716,3688280.48669951,0,0.880373461980094,-0.029156472603522
233,250317.289021562,3688280.56371853,0,0.877957381953657,-0.019165410182005
234,250317.35295822,3688280.64061554,0,0.876540336651249,-0.009175627413588
235,250317.416968555,3688280.71744935,0,0.875905875793772,-0.005082029562284
236,250317.48101691,3688280.794249,0,0.875495512546348,-0.003125210012892
237,250317.545088326,3688280.87102752,0,0.875280837989842,-0.001168264384691
238,250317.609168048,3688280.94779775,0,0.875261862188366,0.000788756856747
239,250317.673241316,3688281.02457256,0,0.875438590245004,0.002745804582284
240,250317.737293374,3688281.10136481,0,0.875811022323195,0.00470282875386
241,250317.801309465,3688281.17818736,0,0.876379153443564,0.006659776179099
242,250317.865275266,3688281.25505269,0,0.877097332177729,0.006194741131898
243,250317.929195973,3688281.33195663,0,0.877493370737833,0.001726053362256
244,250317.993103725,3688281.40887198,0,0.877442545778422,-0.002742546904612
245,250318.057032633,3688281.48576989,0,0.876944860717495,-0.007211165806307
246,250318.121016805,3688281.56262146,0,0.876000308957734,-0.011679893050928
247,250318.185090351,3688281.63939784,0,0.874608876867749,-0.016148775149979
248,250318.249287381,3688281.71607015,0,0.872770549440439,-0.020617788642833
249,250318.313642004,3688281.79260952,0,0.870485513449524,-0.024890438424726
250,250318.378174975,3688281.86899838,0,0.868267881891026,-0.01946215447787
251,250318.442856713,3688281.94526176,0,0.866593085543781,-0.014033775101266
252,250318.50764578,3688282.02143472,0,0.865461124307809,-0.008605468478207
253,250318.572500739,3688282.09755233,0,0.864871987867744,-0.003177278731391
254,250318.637380153,3688282.17364964,0,0.864825665699352,0.002250826086158
255,250318.702242584,3688282.24976174,0,0.865322152277123,0.00767890600491
256,250318.767046595,3688282.32592367,0,0.866361447483584,0.013107001158636
257,250318.831756751,3688282.4021654,0,0.867628178933461,0.010119050925297
258,250318.896389961,3688282.47847239,0,0.868350014195336,0.004317659709747
259,250318.960990126,3688282.55480717,0,0.868491710983269,-0.001483729723217
260,250319.02560137,3688282.63113208,0,0.868053265690894,-0.00728519545085
261,250319.090267819,3688282.70740944,0,0.867034667164926,-0.013086800571742
262,250319.155033596,3688282.7836016,0,0.865435901131951,-0.018888534625529
263,250319.219942826,3688282.85967088,0,0.863256960483771,-0.024690255002821
264,250319.285033656,3688282.93558472,0,0.860804662095182,-0.022510097990903
265,250319.350295339,3688283.01135234,0,0.858782699090104,-0.017929165424121
266,250319.415693222,3688283.08700336,0,0.857218825964353,-0.013348320475052
267,250319.481192488,3688283.16256754,0,0.856113029671948,-0.008767632419506
268,250319.546758321,3688283.23807466,0,0.855465294681054,-0.004187086506424
269,250319.612355907,3688283.31355449,0,0.855275609934504,0.000393387200267
270,250319.677950458,3688283.38903676,0,0.855536802372025,0.004098816310004
271,250319.743517735,3688283.46454221,0,0.855908734872573,0.003339830774194
272,250319.809059561,3688283.54006928,0,0.856204768011177,0.002580829748525
273,250319.874581711,3688283.61561306,0,0.85642490043311,0.00182181703294
274,250319.940089959,3688283.69116861,0,0.856569131140252,0.001062795981482
275,250320.005590083,3688283.76673102,0,0.856637459453056,0.00030376963341
276,250320.071087857,3688283.84229535,0,0.856629884985626,-0.000455259155645
277,250320.136589058,3688283.91785669,0,0.856546407633912,-0.001214287582532
278,250320.202096532,3688283.99341263,0,0.856526182998508,0.001361168271447
279,250320.267593738,3688284.06897756,0,0.85682410282303,0.004597226721442
280,250320.333056258,3688284.14457266,0,0.857445627873915,0.007833270623581
281,250320.398459647,3688284.22021913,0,0.858390755752295,0.011069277841911
282,250320.463779463,3688284.29593819,0,0.859659480700013,0.014305201632663
283,250320.528991263,3688284.37175105,0,0.861251790630689,0.017540960481662
284,250320.594069812,3688284.44767947,0,0.863211665337729,0.022101135472628
285,250320.65898059,3688284.52375197,0,0.865683267210221,0.027331014309254
286,250320.723683052,3688284.6000014,0,0.868677890158207,0.03256154442876
287,250320.788136547,3688284.6764607,0,0.872195591590783,0.03779253048267
288,250320.85230043,3688284.75316281,0,0.876236396375968,0.043023509831309
289,250320.916134049,3688284.83014066,0,0.880800267963154,0.048253709595505
290,250320.979609169,3688284.90741686,0,0.885192892141468,0.033579991079712
291,250321.042826766,3688284.98490656,0,0.887385898854825,0.01028055463804
292,250321.105964543,3688285.06246105,0,0.887249027855215,-0.013018194021603
293,250321.169201216,3688285.13993082,0,0.884782149729873,-0.03632018167194
294,250321.2327155,3688285.21716633,0,0.879984816737804,-0.059627215579827
295,250321.29668611,3688285.29401805,0,0.872856664615989,-0.082935185458236
296,250321.361246785,3688285.37037416,0,0.86528466163734,-0.065808219096316
297,250321.426311395,3688285.44630711,0,0.85970467012098,-0.045792121842455
298,250321.491726734,3688285.5219456,0,0.856126080114934,-0.025780555780971
299,250321.557339579,3688285.59741832,0,0.854548408100963,-0.005773412468435
300,250321.622996707,3688285.67285398,0,0.854971356230074,0.014232512196706
301,250321.688545203,3688285.74838101,0,0.857333952871455,0.028063519573125
302,250321.753899448,3688285.82407132,0,0.85957798535924,0.016816754042039
303,250321.819124955,3688285.89986985,0,0.860697253030562,0.005568447770511
304,250321.884307848,3688285.97570423,0,0.860691660670877,-0.005680292817836
305,250321.949534245,3688286.05150208,0,0.859561209589199,-0.016928572555893
306,250322.014890269,3688286.12719103,0,0.857305997829989,-0.028175280782881
307,250322.080452062,3688286.20270709,0,0.854570341956289,-0.018192075400224
308,250322.146150451,3688286.27810837,0,0.853937817414832,0.005541319849451
309,250322.211806396,3688286.35354529,0,0.855678652154905,0.029276070774308
310,250322.27723814,3688286.42917057,0,0.859793234268931,0.053016737794601
311,250322.34226393,3688286.5051369,0,0.866282193970938,0.076762933623807
312,250322.406702012,3688286.58159699,0,0.875144952807876,0.099563519740685
313,250322.470449233,3688286.6586375,0,0.883351391187131,0.064565469009718
314,250322.533702094,3688286.73609336,0,0.888058337954294,0.029575367859974
315,250322.596728485,3688286.81373953,0,0.889266761169188,-0.00540620281023
316,250322.6597963,3688286.89135093,0,0.88697703694635,-0.040389520747072
317,250322.72317343,3688286.96870253,0,0.881188505852094,-0.07538287942195
318,250322.787123428,3688287.0455729,0,0.872329079737219,-0.088754871615772
319,250322.851737635,3688287.12188525,0,0.864430834838328,-0.069208999620109
320,250322.916881644,3688287.19775231,0,0.858487300815971,-0.049662233088259
321,250322.982405755,3688287.27329968,0,0.854498214446856,-0.030120490064977
322,250323.048160267,3688287.34865295,0,0.852463023958266,-0.010583997453778
323,250323.113995478,3688287.4239377,0,0.852381345988523,0.008950466486336
324,250323.179768038,3688287.49927423,0,0.853878040417582,0.017133615733531
325,250323.245409993,3688287.57472,0,0.855709295015947,0.019491482337066
326,250323.310902792,3688287.65029129,0,0.857776336058808,0.021849323071086
327,250323.376228739,3688287.72600367,0,0.860079153931948,0.024206991644163
328,250323.441370141,3688287.80187271,0,0.862617722602972,0.026564305332695
329,250323.506309302,3688287.87791397,0,0.865391995782958,0.028921041081704
330,250323.571032899,3688287.95413926,0,0.868180023290066,0.025590253314113
331,250323.63556204,3688288.03053069,0,0.870492462855539,0.020658558018923
332,250323.699934133,3688288.10705635,0,0.872311742130959,0.015727074812453
333,250323.764186683,3688288.1836842,0,0.873637888182789,0.01079589872445
334,250323.828357198,3688288.26038225,0,0.874470931543901,0.005865010053462
335,250323.892483185,3688288.33711848,0,0.87480965323983,0.000693416266902
336,250323.956606107,3688288.41385748,0,0.874515776566833,-0.006570969091648
337,250324.020779058,3688288.49055387,0,0.873495450157421,-0.013835628905842
338,250324.085057264,3688288.56716045,0,0.871748633741121,-0.021100792755304
339,250324.149495947,3688288.64363,0,0.869275274082644,-0.028366471178109
340,250324.214150333,3688288.71991533,0,0.866075332640834,-0.035632340564872
341,250324.279075137,3688288.79596967,0,0.862220315061383,-0.037814383220954
342,250324.344278966,3688288.87178569,0,0.858979246358574,-0.027006979073291
343,250324.409688214,3688288.94742637,0,0.856818906918412,-0.01619991323058
344,250324.475220775,3688289.02296198,0,0.855739242209856,-0.005393473547819
345,250324.540794543,3688289.09846279,0,0.855740200450562,0.005412619683271
346,250324.606327413,3688289.17399905,0,0.856821770429809,0.016218835093168
347,250324.67173728,3688289.24964103,0,0.858983981473703,0.027025451698734
348,250324.736951804,3688289.32545061,0,0.861756719816596,0.026382851954838
349,250324.801966089,3688289.40143176,0,0.864238275048973,0.023248229665798
350,250324.86680371,3688289.47756404,0,0.866406363972098,0.020113551762677
351,250324.931488344,3688289.5538269,0,0.868260987726416,0.016978941630336
352,250324.996043665,3688289.63019979,0,0.86980215674922,0.013844463361392
353,250325.06049335,3688289.70666218,0,0.871029885307655,0.010710131001225
354,250325.124861075,3688289.7831935,0,0.87194418695627,0.007575917793178
355,250325.18917221,3688289.85977189,0,0.872467822430283,0.00260377248115
356,250325.253463132,3688289.93636666,0,0.87246216044521,-0.002717023094772
357,250325.317774617,3688290.01294368,0,0.871924415969452,-0.008037873157734
358,250325.382147454,3688290.08946876,0,0.870854585417341,-0.013358732834677
359,250325.44662243,3688290.16590775,0,0.869252672727405,-0.018679488983078
360,250325.511240332,3688290.24222646,0,0.867118954595329,-0.023724997386238
361,250325.576022035,3688290.31840744,0,0.865218099439003,-0.014292189612269
362,250325.640913082,3688290.39449638,0,0.864260501182787,-0.004859833825654
363,250325.705841211,3688290.47055391,0,0.864246127394161,0.0045723678928
364,250325.770734158,3688290.54664064,0,0.865174984015383,0.014004843165448
365,250325.83551966,3688290.62281722,0,0.867047115747908,0.02343789759814
366,250325.900125455,3688290.69914426,0,0.869862581262183,0.032871462988805
367,250325.964479277,3688290.7756824,0,0.873621403222261,0.042304845424201
368,250326.028528517,3688290.85247579,0,0.877462336801491,0.032452216892871
369,250326.09232912,3688290.92947767,0,0.880099515233823,0.020291462941995
370,250326.155974307,3688291.00661001,0,0.881520656251253,0.008131484826971
371,250326.219557336,3688291.0837948,0,0.881725830002472,-0.004027971211291
372,250326.283171462,3688291.16095398,0,0.88071505873252,-0.01618751958856
373,250326.346909944,3688291.23800952,0,0.878488307684033,-0.028347596053766
374,250326.410864701,3688291.3148845,0,0.875174271643808,-0.034148626916124
375,250326.475077219,3688291.39154399,0,0.871936713991385,-0.030602478905987
376,250326.5395243,3688291.46800694,0,0.869053779861297,-0.027056207086829
377,250326.604178507,3688291.54429581,0,0.866525468306631,-0.023510059886493
378,250326.669012405,3688291.62043307,0,0.864351758753266,-0.019964183651843
379,250326.733998556,3688291.69644118,0,0.862532620538472,-0.016418636041254
380,250326.799109523,3688291.77234262,0,0.861068021109851,-0.01287339942226
381,250326.8643176,3688291.84816011,0,0.859983861512079,-0.008105943547111
382,250326.92958593,3688291.92392474,0,0.859494604728779,-0.001679167559345
383,250326.994866502,3688291.99967786,0,0.859648032738238,0.004747751262829
384,250327.060110629,3688292.07546141,0,0.860444159458905,0.011174802450661
385,250327.125269625,3688292.15131736,0,0.861882995484278,0.017601916699571
386,250327.190295015,3688292.22728747,0,0.863933113933662,0.021683821213939
387,250327.255159994,3688292.30339483,0,0.865985328831413,0.019360466583404
388,250327.319877821,3688292.379628,0,0.867805206688104,0.017037094040611
389,250327.384466085,3688292.4559718,0,0.869392749303127,0.014713770485855
390,250327.448942377,3688292.53241107,0,0.870747963755007,0.012390535228831
391,250327.513324286,3688292.60893062,0,0.871870859830563,0.01006740375321
392,250327.577629403,3688292.68551527,0,0.872761447830558,0.007744371481621
393,250327.641879133,3688292.76214663,0,0.873246935817767,0.001433868801167
394,250327.706117742,3688292.83878702,0,0.873044133262516,-0.005489940871774
395,250327.77039797,3688292.91539159,0,0.872148940456064,-0.012413963533748
396,250327.834772574,3688292.99191551,0,0.870561329719894,-0.019338305320503
397,250327.899294306,3688293.06831393,0,0.868281270859078,-0.026262893821221
398,250327.964015921,3688293.144542,0,0.865309998298705,-0.032631365045044
399,250328.0289722,3688293.22057018,0,0.862321793901953,-0.027132653173927
400,250328.094135048,3688293.29642244,0,0.859883473342072,-0.021633762754316
401,250328.159462629,3688293.37213447,0,0.857995035992619,-0.016135026547121
402,250328.22491311,3688293.44774195,0,0.856656458179159,-0.01063658106633
403,250328.290444653,3688293.52328055,0,0.855867710309122,-0.005138416477353
404,250328.356015334,3688293.59878602,0,0.855640060830096,0.00109023037333
405,250328.421576816,3688293.67429951,0,0.856142179688835,0.008952183472493
406,250328.487070153,3688293.74987107,0,0.857430510656089,0.016814524984273
407,250328.552435407,3688293.82555157,0,0.859505104810096,0.024677459834571
408,250328.617612635,3688293.90139191,0,0.862366019346337,0.032540881126492
409,250328.682541899,3688293.97744298,0,0.866013279099365,0.04040422421588
410,250328.747173574,3688294.05374689,0,0.869881930653045,0.032537482936497
411,250328.811558,3688294.13026106,0,0.872433878318285,0.018501572047175
412,250328.875801644,3688294.20689528,0,0.873582270739939,0.004466395034812
413,250328.940011594,3688294.28355883,0,0.87332717232133,-0.009568340891171
414,250329.004294939,3688294.360161,0,0.871668598079621,-0.023603192432532
415,250329.068758765,3688294.43661105,0,0.868608889318823,-0.036491452017378
416,250329.133470146,3688294.51285207,0,0.865650580308344,-0.022674759463347
417,250329.19835467,3688294.58894668,0,0.864073921463111,-0.00885850251547
418,250329.263306667,3688294.66498388,0,0.863878870767405,0.004957500205861
419,250329.328220467,3688294.7410527,0,0.865065436301068,0.01877393736956
420,250329.3929904,3688294.81724215,0,0.867633687410825,0.032591213779431
421,250329.457510797,3688294.89364124,0,0.871583686759178,0.046408659030468
422,250329.521675997,3688294.97033898,0,0.876908713170725,0.05803164772257
423,250329.585435374,3688295.04737797,0,0.881590625416897,0.035607127987467
424,250329.648922021,3688295.12464593,0,0.884030265279244,0.013186224574743
425,250329.712307322,3688295.20199827,0,0.884227929162713,-0.00923298017201
426,250329.775762663,3688295.2792904,0,0.882183594124892,-0.031654392140934
427,250329.839459432,3688295.35637775,0,0.877896888050919,-0.054080525487416
428,250329.903569012,3688295.43311572,0,0.871367397927981,-0.0765091197601
429,250329.968241947,3688295.50937736,0,0.863737239856535,-0.067081615599263
430,250330.033425969,3688295.58520715,0,0.858128912323807,-0.045085308058194
431,250330.098954565,3688295.66074616,0,0.85472003646731,-0.023093035734391
432,250330.164659943,3688295.73613652,0,0.853510165744023,-0.00110483477325
433,250330.230374311,3688295.81152037,0,0.854499044066806,0.020882608139763
434,250330.295929877,3688295.88703987,0,0.857686781243375,0.042872766255915
435,250330.361159638,3688295.96283649,0,0.862953028523046,0.055476944728415
436,250330.42598569,3688296.03897619,0,0.867774100355924,0.040944006756864
437,250330.490499847,3688296.11538115,0,0.871141790947875,0.026409814510537
438,250330.554812971,3688296.19195738,0,0.873056084614164,0.011876207159858
439,250330.619035921,3688296.26861091,0,0.873517058231347,-0.002656649727772
440,250330.683279557,3688296.34524777,0,0.872524759932271,-0.017189343093725
441,250330.747653914,3688296.42177466,0,0.870190628443047,-0.024043781090887
442,250330.812199945,3688296.49815661,0,0.868382173654736,-0.012125324873878
443,250330.876838383,3688296.57446004,0,0.867765561862375,-0.000206899609758
444,250330.941477918,3688296.65076157,0,0.868340802511923,0.011711789323363
445,250331.006027238,3688296.72713779,0,0.870107939185834,0.023631045383153
446,250331.070395032,3688296.80366532,0,0.873067025089488,0.035550672896477
447,250331.134490181,3688296.88042059,0,0.877175843755551,0.042745222989748
448,250331.198276123,3688296.95743436,0,0.880724194300949,0.028221872031046
449,250331.261845548,3688297.03462915,0,0.882820251796249,0.013699470582372
450,250331.325309865,3688297.11191182,0,0.883464118604894,-0.000822054128444
451,250331.388780486,3688297.18918921,0,0.882655838822935,-0.015343641534903
452,250331.452368822,3688297.26636818,0,0.880395357548453,-0.029866179071128
453,250331.516186282,3688297.34335556,0,0.876682572013356,-0.044389583473542
454,250331.580314275,3688297.42008333,0,0.872715222961702,-0.034469591024769
455,250331.644706801,3688297.49659012,0,0.869789170814388,-0.024051453724406
456,250331.709284043,3688297.57294286,0,0.867904920186552,-0.013633651227091
457,250331.773966184,3688297.64920851,0,0.867062421776283,-0.003216397715336
458,250331.838673408,3688297.72545401,0,0.867261629883831,0.007200536496056
459,250331.903325897,3688297.80174629,0,0.868502529838371,0.017617485780159
460,250331.967853319,3688297.8781443,0,0.870270532707793,0.013811175223889
461,250332.03227558,3688297.95463078,0,0.871189679379501,0.004571761638306
462,250332.096662527,3688298.03114629,0,0.871184882220978,-0.004667740284677
463,250332.161084537,3688298.10763098,0,0.870256119958772,-0.013907579137423
464,250332.225611984,3688298.18402497,0,0.868403350464647,-0.023147883981865
465,250332.290315245,3688298.26026838,0,0.86562653454244,-0.032388427659319
466,250332.355262298,3688298.33630339,0,0.862128103987461,-0.032962010605011
467,250332.420456467,3688298.41212742,0,0.859297538411218,-0.023649289326461
468,250332.485830628,3688298.48779805,0,0.857398237885469,-0.014336794638278
469,250332.551314101,3688298.5633759,0,0.856430163281774,-0.005024773571545
470,250332.616836207,3688298.6389216,0,0.856393271436704,0.004286899817592
471,250332.682326266,3688298.71449579,0,0.857287540334496,0.013598482165463
472,250332.747714244,3688298.79015852,0,0.859026649068462,0.017094609150889
473,250332.812981404,3688298.86592553,0,0.860222207257444,0.006816574428516
474,250332.878196694,3688298.94173678,0,0.860389964119336,-0.003461462539781
475,250332.943437654,3688299.01752478,0,0.859529903912848,-0.013739820951547
476,250333.008781821,3688299.09322208,0,0.857641981746545,-0.024018710322376
477,250333.074306732,3688299.16876119,0,0.854726150835801,-0.034297904691525
478,250333.140089865,3688299.2440747,0,0.85080149126385,-0.041563740999974
479,250333.206166193,3688299.31913225,0,0.847321159104442,-0.02804294959909
480,250333.272453802,3688299.39400539,0,0.845192874910313,-0.014522899945518
481,250333.338850859,3688299.46878307,0,0.844416550954779,-0.001003668566857
482,250333.405255531,3688299.54355421,0,0.844992137852801,0.01251546432138
483,250333.471565986,3688299.61840774,0,0.846919667125296,0.026035273524442
484,250333.537680391,3688299.69343259,0,0.850199219640635,0.039555847624146
485,250333.603515899,3688299.76870111,0,0.853987631955882,0.034272016236813
486,250333.66909335,3688299.84419509,0,0.857042440215656,0.026824116101949
487,250333.734468808,3688299.91986557,0,0.859352458641951,0.019376305057335
488,250333.799698364,3688299.99566356,0,0.860917714970614,0.011928895570093
489,250333.864838109,3688300.07154007,0,0.861738251029854,0.004481877684341
490,250333.929944137,3688300.14744611,0,0.861814096696529,-0.002964957014937
491,250333.99506948,3688300.22333536,0,0.861284866909697,-0.007207644589132
492,250334.060249124,3688300.29917723,0,0.860375603160168,-0.010977656528823
493,250334.125511449,3688300.37494687,0,0.859089329948402,-0.014747836574251
494,250334.190884829,3688300.45061947,0,0.857426030502222,-0.018518174816196
495,250334.256397634,3688300.5261702,0,0.855385692050872,-0.022288598454239
496,250334.322078236,3688300.60157422,0,0.852968312918476,-0.026058955710712
497,250334.387951485,3688300.6768098,0,0.85037422775671,-0.02411501320741
498,250334.454005996,3688300.75188688,0,0.848181710358718,-0.019735328382143
499,250334.520209077,3688300.82683405,0,0.846427160313933,-0.015355692761683
500,250334.586527761,3688300.90168015,0,0.845110566483135,-0.010976213893297
501,250334.652929083,3688300.97645401,0,0.844231911600449,-0.006596910964661
502,250334.719380076,3688301.05118444,0,0.843791179848805,-0.00221774001302
503,250334.78584755,3688301.12590048,0,0.843802899665136,0.002633195058227
504,250334.852295151,3688301.20063391,0,0.844323458537063,0.007778004290651
505,250334.918684193,3688301.27541854,0,0.845358506623333,0.012922994466543
506,250334.984975936,3688301.35028822,0,0.84690806532115,0.018068217945031
507,250335.051131638,3688301.42527681,0,0.848972156473008,0.023213624460065
508,250335.11711256,3688301.50041817,0,0.851550790060213,0.028359020240594
509,250335.182883943,3688301.57574268,0,0.854409326058544,0.02656500749208
510,250335.248455746,3688301.65124163,0,0.8568100028862,0.021448521472965
511,250335.31386605,3688301.72688172,0,0.858699032997052,0.016332109156276
512,250335.379153371,3688301.80262928,0,0.86007643195488,0.011215909687163
513,250335.444356229,3688301.87845064,0,0.860942222490232,0.006099933955065
514,250335.50951314,3688301.95431213,0,0.8612964236845,0.000984104784948
515,250335.574662345,3688302.03018032,0,0.861155964007566,-0.003611756512105
516,250335.639838695,3688302.10602476,0,0.860578939754688,-0.007928748002437
517,250335.705074753,3688302.18181703,0,0.859570209546065,-0.01224588384569
518,250335.770403042,3688302.25752874,0,0.858129757340264,-0.016563186765174
519,250335.835856085,3688302.33313149,0,0.856257568045833,-0.020880611013179
520,250335.901466403,3688302.40859689,0,0.853953635575897,-0.025198018220881
521,250335.967264304,3688302.48389849,0,0.851358925250313,-0.025007792405661
522,250336.033250062,3688302.55903598,0,0.849002641499603,-0.022117866297414
523,250336.099402334,3688302.63402789,0,0.846935352799576,-0.019227914079498
524,250336.165699301,3688302.70889317,0,0.845157055842402,-0.016338045494694
525,250336.232119141,3688302.78365077,0,0.843667738815202,-0.01344832210856
526,250336.298640038,3688302.85831962,0,0.842467385855503,-0.01055876455521
527,250336.365238177,3688302.93292043,0,0.841703423957243,-0.002213922470477
528,250336.431851598,3688303.00750757,0,0.842131132137398,0.010768140632208
529,250336.498384019,3688303.08216566,0,0.843857073705376,0.023750834239396
530,250336.564737935,3688303.15698045,0,0.846881326041706,0.03673429950501
531,250336.63081584,3688303.23203764,0,0.851203926062867,0.049717476542257
532,250336.69652023,3688303.30742295,0,0.856824717288602,0.062697447982355
533,250336.761777764,3688303.38320081,0,0.862446901508358,0.040891484182032
534,250336.826728684,3688303.45924736,0,0.864852059365762,0.007212675788883
535,250336.891624601,3688303.53534057,0,0.863889468069042,-0.026465272312554
536,250336.956718087,3688303.61125759,0,0.859558697984333,-0.060152127933823
537,250337.022261716,3688303.68677552,0,0.851858697382592,-0.093848653688082
538,250337.088507681,3688303.76167184,0,0.840887786124354,-0.11479016814666
539,250337.155551276,3688303.83586275,0,0.831847143324246,-0.066024670058248
540,250337.223089715,3688303.90961643,0,0.827682172820769,-0.017277981272957
541,250337.290758027,3688303.98325606,0,0.828391226651981,0.03145950509239
542,250337.358191239,3688304.05710483,0,0.833974522624238,0.080209707967316
543,250337.425024378,3688304.13148591,0,0.844433638893614,0.128972123243482
544,250337.490943386,3688304.2066773,0,0.856984356558464,0.101834504238057
545,250337.55610226,3688304.28254154,0,0.864434383190209,0.047170855747806
546,250337.62090698,3688304.35871752,0,0.866419316202082,-0.00747054603409
547,250337.685765959,3688304.43484197,0,0.862939967571008,-0.062120917678164
548,250337.751087612,3688304.51055162,0,0.853993954090015,-0.116804791003037
549,250337.8172711,3688304.58549145,0,0.840438690182454,-0.131742491622285
550,250337.884416653,3688304.6595731,0,0.829125392100295,-0.094521489022865
551,250337.952268076,3688304.73302614,0,0.82153413072608,-0.057307026176544
552,250338.020548307,3688304.80609873,0,0.817663248848371,-0.020113910946706
553,250338.088980285,3688304.87903905,0,0.817510927215304,0.017066842284167
554,250338.157286949,3688304.95209529,0,0.821076790488253,0.054252555202185
555,250338.225191239,3688305.02551561,0,0.828361970042563,0.091453471464788
556,250338.292470892,3688305.0994989,0,0.837006631522653,0.07824195335877
557,250338.35916886,3688305.17400543,0,0.843999250722127,0.061609805818227
558,250338.425408223,3688305.24892338,0,0.849328583020844,0.044977197864058
559,250338.491312079,3688305.32414092,0,0.852994798811458,0.028347721002858
560,250338.557003525,3688305.39954623,0,0.854998229516603,0.011721234646467
561,250338.622605066,3688305.475028,0,0.855422881529833,0.000949324964987
562,250338.688187938,3688305.55052164,0,0.855708651168451,0.004766109677022
563,250338.753733208,3688305.62604467,0,0.856376107494918,0.008583014583631
564,250338.819212784,3688305.70162295,0,0.85742524885607,0.012399761366693
565,250338.884598574,3688305.77728234,0,0.8588560440301,0.016216034201099
566,250338.949862485,3688305.85304871,0,0.860668427645255,0.020031463148444
567,250339.014976426,3688305.9289479,0,0.862862293940082,0.023845607599043
568,250339.079939001,3688306.00498195,0,0.864332386105784,0.004901792370992
569,250339.144865237,3688306.08104894,0,0.863841728204944,-0.014715084856794
570,250339.209901885,3688306.1570186,0,0.861389274686883,-0.034334738921479
571,250339.2751957,3688306.2327607,0,0.856974601806155,-0.053959619267898
572,250339.340893435,3688306.30814498,0,0.850597220221078,-0.073588210094296
573,250339.407141074,3688306.38304186,0,0.842388124968003,-0.082086602046882
574,250339.473976682,3688306.45741767,0,0.835560297860583,-0.054470010385223
575,250339.541220212,3688306.53143249,0,0.831493961172041,-0.026857854878992
576,250339.608665331,3688306.60526977,0,0.830188529007532,0.000748568966053
577,250339.676105706,3688306.67911296,0,0.831643645622873,0.028354106813862
578,250339.743335002,3688306.75314549,0,0.835859483840353,0.055963432696628
579,250339.810155792,3688306.82754289,0,0.842154676023531,0.057600854873124
580,250339.876553386,3688306.90231788,0,0.846821210817292,0.035729741648933
581,250339.942684313,3688306.97733069,0,0.84930065736167,0.013859447764474
582,250340.008711708,3688307.05243564,0,0.849593135194644,-0.008009867668424
583,250340.074798702,3688307.12748707,0,0.84769865418172,-0.029880034185821
584,250340.141108428,3688307.2023393,0,0.843617072547853,-0.051751732064052
585,250340.207785204,3688307.27686349,0,0.838385436070887,-0.045201495644097
586,250340.274798053,3688307.35108733,0,0.834718941986434,-0.028128533939021
587,250340.342020619,3688307.42512369,0,0.832759683058538,-0.011056876986568
588,250340.409325587,3688307.49908633,0,0.832507536995495,0.006013924374338
589,250340.476585645,3688307.57308896,0,0.833962487190548,0.023085285927772
590,250340.543673479,3688307.64724534,0,0.837124644765487,0.040158097735327
591,250340.610464989,3688307.72166634,0,0.841700472004859,0.043875129306321
592,250340.676935966,3688307.79637372,0,0.845422881064028,0.030572938586634
593,250340.743179119,3688307.87128498,0,0.847815064671198,0.017270842237296
594,250340.809293803,3688307.94631167,0,0.848877075335899,0.003969490062724
595,250340.875379375,3688308.02136538,0,0.848608978825307,-0.009331384885895
596,250340.941535188,3688308.09635765,0,0.847010797795828,-0.022632260212578
597,250341.007851498,3688308.1712081,0,0.844648067926408,-0.018385827007626
598,250341.074303837,3688308.24593791,0,0.843505558616956,-0.004464384162672
599,250341.140789237,3688308.3206377,0,0.843755194241923,0.00945716177671
600,250341.207203207,3688308.39539949,0,0.84539701241911,0.023379332792695
601,250341.273441254,3688308.47031527,0,0.848431082217338,0.037302100996599
602,250341.339398887,3688308.54547704,0,0.852857408687364,0.051224078966667
603,250341.404975146,3688308.62097367,0,0.858335133885103,0.048719460603795
604,250341.470195154,3688308.69678297,0,0.861923541164778,0.023049488184169
605,250341.535241559,3688308.77274392,0,0.862945150489209,-0.002617067037476
606,250341.600306928,3688308.84868678,0,0.86140008246686,-0.028284963758324
607,250341.665583829,3688308.9244418,0,0.857287965410085,-0.053958443976089
608,250341.73126483,3688308.99983923,0,0.850608240664927,-0.079636158638676
609,250341.797523571,3688309.07472605,0,0.842476834571032,-0.072446922426536
610,250341.8643233,3688309.1491351,0,0.836368031073764,-0.049729411781791
611,250341.931495997,3688309.22321518,0,0.832530807033056,-0.027015999960376
612,250341.998871644,3688309.29711688,0,0.830964663274061,-0.00430748307631
613,250342.066280224,3688309.37099075,0,0.831669259297191,0.01839952237311
614,250342.133551718,3688309.44498738,0,0.834644655505463,0.041109065678039
615,250342.200518701,3688309.51925504,0,0.839624314596299,0.050102894715777
616,250342.267121275,3688309.59384672,0,0.844007100172802,0.037552386737486
617,250342.333443306,3688309.66868802,0,0.847134749764765,0.025000554238498
618,250342.39957869,3688309.74369566,0,0.849007218072191,0.012448893901603
619,250342.465621324,3688309.81878634,0,0.849624545440109,-0.000102279195659
620,250342.531665104,3688309.89387678,0,0.84898676935986,-0.012653238327097
621,250342.597803925,3688309.96888368,0,0.847094140356763,-0.024864491522025
622,250342.664100966,3688310.04375087,0,0.84515777171023,-0.013862906130264
623,250342.730501734,3688310.1185261,0,0.844321553842085,-0.002861462618625
624,250342.796923566,3688310.19328194,0,0.844585482957037,0.00814009747283
625,250342.863283799,3688310.26809102,0,0.845949589630157,0.019142136518073
626,250342.929499768,3688310.34302592,0,0.848413929225269,0.030144721330076
627,250342.995488811,3688310.41815924,0,0.851978532359986,0.041147223563504
628,250343.061176751,3688310.49355616,0,0.856114186758321,0.035607187063476
629,250343.126598346,3688310.56918635,0,0.858932237877844,0.020754006883759
630,250343.19186385,3688310.64495333,0,0.860265025403126,0.005901898964739
631,250343.257085035,3688310.72075929,0,0.860112633721128,-0.008949740459679
632,250343.322373668,3688310.79650642,0,0.858475059127239,-0.023801905664091
633,250343.38784152,3688310.87209691,0,0.85535221990989,-0.038654998714998
634,250343.453599106,3688310.94743404,0,0.850897962759071,-0.04402672714898
635,250343.519676798,3688311.0224912,0,0.847212947867383,-0.0296735748151
636,250343.585977824,3688311.09735298,0,0.844963225384485,-0.015321033697583
637,250343.652394127,3688311.17211382,0,0.844148713900172,-0.000969277854896
638,250343.718817648,3688311.2468682,0,0.844769369327168,0.013382465394097
639,250343.785140329,3688311.32171057,0,0.84682523523055,0.027735028627628
640,250343.851254113,3688311.39673538,0,0.850316404478327,0.042088417492758
641,250343.917076767,3688311.47201455,0,0.854160252252669,0.033648559621342
642,250343.982646114,3688311.5475152,0,0.857043095731618,0.024008299869318
643,250344.048034831,3688311.623174,0,0.858961921144322,0.014368285338684
644,250344.113315601,3688311.69892764,0,0.859916769313613,0.004728752884619
645,250344.178561106,3688311.7747128,0,0.859907682480489,-0.004910461185066
646,250344.243844028,3688311.85046615,0,0.858934677687678,-0.014549652359728
647,250344.309234369,3688311.92612671,0,0.857214783122825,-0.015330117253254
648,250344.374737494,3688312.00168942,0,0.856103793377107,-0.006889682309631
649,250344.440292417,3688312.0772067,0,0.855836847528002,0.001550783555515
650,250344.505835132,3688312.15273358,0,0.856413957082923,0.009991458157731
651,250344.571301631,3688312.22832507,0,0.857835151177442,0.018432486178532
652,250344.636627907,3688312.3040362,0,0.860100464241283,0.02687379874486
653,250344.701749954,3688312.379922,0,0.863209169223787,0.03482365207838
654,250344.766626421,3688312.45601807,0,0.866294177388511,0.026876455216845
655,250344.831298786,3688312.53228899,0,0.868584460669499,0.018929253450463
656,250344.895827455,3688312.60868315,0,0.870080040555683,0.010982414041609
657,250344.960272835,3688312.68514889,0,0.87078095607475,0.003035945606025
658,250345.024695331,3688312.76163459,0,0.870687235458878,-0.004910351286373
659,250345.089155349,3688312.83808862,0,0.869798882867911,-0.012856733565264
660,250345.153708622,3688312.91446331,0,0.868408689553517,-0.011488344098604
661,250345.218348342,3688312.99076427,0,0.867603360331422,-0.004618224651008
662,250345.283023066,3688313.0670351,0,0.867485047166059,0.002251973258638
663,250345.347680385,3688313.14332023,0,0.868053757373879,0.009122241827234
664,250345.412267892,3688313.21966408,0,0.869309496707262,0.015992541362683
665,250345.476733182,3688313.29611107,0,0.871252261301404,0.022862702999473
666,250345.54102417,3688313.37270535,0,0.87382599132724,0.024804374066461
667,250345.605138434,3688313.449449,0,0.875566320204695,0.010002340017538
668,250345.669176207,3688313.5262571,0,0.875826476195561,-0.004799209999256
669,250345.733250431,3688313.60303398,0,0.874606463710507,-0.019601184333909
670,250345.797474048,3688313.67968395,0,0.87190620398841,-0.03440417593332
671,250345.86196,3688313.75611133,0,0.867725615285258,-0.049207489295759
672,250345.926788083,3688313.83224855,0,0.863388452036772,-0.037126183200232
673,250345.991899309,3688313.90814563,0,0.860300694726805,-0.02462908029291
674,250346.057198372,3688313.9838834,0,0.858462604035351,-0.012132897209099
675,250346.122589964,3688314.05954268,0,0.857874090368694,0.000362557327583
676,250346.187978779,3688314.13520429,0,0.858535116553904,0.012858042889459
677,250346.25328269,3688314.21093788,0,0.859820049657317,0.010251560546841
678,250346.318508495,3688314.28673764,0,0.860558635552409,0.004520124720413
679,250346.383699767,3688314.36256656,0,0.860724070561427,-0.001211433789797
680,250346.448900196,3688314.43838756,0,0.860316348971513,-0.006942986590131
681,250346.51415347,3688314.51416352,0,0.859335478035463,-0.012674393348172
682,250346.579500241,3688314.58985993,0,0.858008239280982,-0.009808081629834
683,250346.644919543,3688314.66549465,0,0.857555785596649,0.000758969039771
684,250346.710333062,3688314.74113428,0,0.858160034436226,0.011326059280754
685,250346.775660298,3688314.81684729,0,0.859821014693246,0.021893654089143
686,250346.840820753,3688314.89270214,0,0.8625387857411,0.032461839058174
687,250346.905733943,3688314.96876729,0,0.866306456702771,0.041331986799522
688,250346.970352762,3688315.04508279,0,0.869927192617096,0.031082651912015
689,250347.034734802,3688315.12159965,0,0.872522990430401,0.020833384728363
690,250347.09895813,3688315.19825148,0,0.874093890186669,0.010584714378475
691,250347.16310081,3688315.27497187,0,0.874639949325162,0.000336513484985
692,250347.227240909,3688315.35169442,0,0.874161193181818,-0.009911678817351
693,250347.291453178,3688315.42835555,0,0.872895349544804,-0.011503660530125
694,250347.355751236,3688315.50494369,0,0.872020533659963,-0.005992622399203
695,250347.420094953,3688315.58149302,0,0.871696829378972,-0.000481453028195
696,250347.484442369,3688315.65803927,0,0.871924243112205,0.005029718225476
697,250347.548751523,3688315.73461817,0,0.872702768972053,0.010540766391304
698,250347.612980454,3688315.81126544,0,0.874032136007197,0.015756946509569
699,250347.677110297,3688315.88799715,0,0.875018033583919,0.003961111836587
700,250347.741209976,3688315.96475453,0,0.874824367188471,-0.007834463927676
701,250347.805369269,3688316.04146107,0,0.873451123119725,-0.01963055915345
702,250347.869677954,3688316.11804025,0,0.87089822208553,-0.031427625231617
703,250347.934225807,3688316.19441554,0,0.867165576523709,-0.043225294058059
704,250347.999098692,3688316.27051377,0,0.862571865370759,-0.041874139177879
705,250348.064285605,3688316.34634445,0,0.859150817415259,-0.026546878215897
706,250348.129674749,3688316.42200315,0,0.85726245935349,-0.011220466113332
707,250348.195149625,3688316.49758944,0,0.85690669463581,0.004105085637455
708,250348.26059373,3688316.57320291,0,0.858083474094896,0.019430556163256
709,250348.325890566,3688316.64894314,0,0.860792821010517,0.034756435313377
710,250348.390932658,3688316.72490189,0,0.864556371894382,0.037309715174239
711,250348.455691352,3688316.80110261,0,0.868201096395638,0.035584833377939
712,250348.520178677,3688316.87753353,0,0.871673352637131,0.033860372536886
713,250348.584407002,3688316.95418258,0,0.874973188959766,0.032136452390928
714,250348.648388696,3688317.03103766,0,0.878100664154232,0.030413162457338
715,250348.712136132,3688317.10808669,0,0.881053762011772,0.028111905925214
716,250348.775674605,3688317.18530737,0,0.883376855896976,0.018349906323543
717,250348.839071111,3688317.2626443,0,0.884723737870144,0.008587727044797
718,250348.902401039,3688317.34003548,0,0.885094400423542,-0.001174486889925
719,250348.965739779,3688317.41741889,0,0.884488835949543,-0.010936835984013
720,250349.029162721,3688317.49473249,0,0.882907026143105,-0.020699387163791
721,250349.092744582,3688317.57191483,0,0.880433870790227,-0.02494319262072
722,250349.156511203,3688317.64894476,0,0.878348140178513,-0.016771407213163
723,250349.220407274,3688317.72586805,0,0.877079586732707,-0.008599689052517
724,250349.284369839,3688317.80273681,0,0.876628196584391,-0.00042813865805
725,250349.348335938,3688317.87960311,0,0.876993955791216,0.007743315725743
726,250349.412242614,3688317.95651907,0,0.87817685937919,0.015914754428622
727,250349.47602691,3688318.03353677,0,0.880176904015688,0.024086102667423
728,250349.539629888,3688318.11070496,0,0.882698148860711,0.021088623505798
729,250349.603073283,3688318.18800538,0,0.884161776348155,0.00818401570963
730,250349.666453449,3688318.26535776,0,0.884334960596385,-0.004720347901762
731,250349.729869543,3688318.3426795,0,0.883217690445923,-0.017625193311417
732,250349.793420724,3688318.41988803,0,0.880809888555423,-0.030531010729689
733,250349.857206151,3688318.49690074,0,0.877111467217429,-0.043437409767303
734,250349.921321337,3688318.57363807,0,0.872421655898589,-0.043773314106623
735,250349.985767715,3688318.65009898,0,0.868719157188874,-0.030276715116819
736,250350.050446585,3688318.72636594,0,0.866366281742793,-0.016780994950095
737,250350.115254391,3688318.80252547,0,0.865362921728844,-0.003286338326334
738,250350.180087573,3688318.87866412,0,0.86570900282897,0.010207986823032
739,250350.244842575,3688318.95486841,0,0.867404539049233,0.023702892059582
740,250350.309415836,3688319.03122487,0,0.870449613813509,0.03719873130715
741,250350.373716962,3688319.10780903,0,0.874188889835531,0.0339989604893
742,250350.437757606,3688319.18461115,0,0.877200281751689,0.026228820970023
743,250350.501597108,3688319.2615816,0,0.879434653424885,0.018458647475139
744,250350.565295077,3688319.33867054,0,0.88089202179675,0.010688779337146
745,250350.628911121,3688319.41582815,0,0.881572419852887,0.002919221564274
746,250350.69250485,3688319.49300458,0,0.881475870228476,-0.004850214404304
747,250350.756135838,3688319.57015002,0,0.880610864975539,-0.011503201508719
748,250350.819849439,3688319.64722656,0,0.879439087245483,-0.01193235073859
749,250350.883654661,3688319.72422665,0,0.878224395405996,-0.012361482601222
750,250350.94755479,3688319.80114754,0,0.876966791533741,-0.012790590186034
751,250351.011553113,3688319.87798646,0,0.875666278430371,-0.013219665899889
752,250351.075652917,3688319.95474066,0,0.874322859691956,-0.013648701443679
753,250351.139857487,3688320.03140739,0,0.872936539780748,-0.014077687788994
754,250351.204170111,3688320.10798387,0,0.871507324099275,-0.014506615154897
755,250351.268583198,3688320.18447643,0,0.870487323964277,-0.005314958147968
756,250351.333037038,3688320.26093489,0,0.870446178782194,0.00449205691822
757,250351.397456325,3688320.33742204,0,0.871385740465743,0.014299221199001
758,250351.461765747,3688320.41400072,0,0.873306032971757,0.024106670219422
759,250351.525889997,3688320.49073376,0,0.876207075537933,0.033914126901346
760,250351.589755906,3688320.56768218,0,0.879883410498926,0.033641352764561
761,250351.653369979,3688320.64484051,0,0.882501443934892,0.01871947481767
762,250351.716840168,3688320.72211859,0,0.88362733626336,0.003798479221779
763,250351.780281003,3688320.79942079,0,0.883261144447139,-0.01112238479352
764,250351.843807012,3688320.87665144,0,0.881402829382906,-0.026044121702605
765,250351.907532727,3688320.95371491,0,0.878052280355811,-0.040966993142527
766,250351.971572335,3688321.03051583,0,0.873273360768148,-0.049772331758326
767,250352.035975251,3688321.10701299,0,0.869013591384543,-0.035422988735594
768,250352.100649964,3688321.18328298,0,0.866188742472936,-0.021074189216979
769,250352.165486437,3688321.25941788,0,0.864798711649106,-0.006726603077538
770,250352.230374634,3688321.33550977,0,0.864843402005262,0.00762040133956
771,250352.295204518,3688321.41165071,0,0.866322807948618,0.021967871021216
772,250352.359866054,3688321.4879328,0,0.869237012440299,0.036316382405045
773,250352.424250734,3688321.56444683,0,0.873425868872627,0.042077691246574
774,250352.488320045,3688321.64122493,0,0.877200404452711,0.033412920000478
775,250352.55213308,3688321.71821741,0,0.880108450898196,0.024748064431792
776,250352.615756169,3688321.79536855,0,0.882150034972414,0.016083719283627
777,250352.679255641,3688321.87262259,0,0.883325213416331,0.007419921905752
778,250352.742697828,3688321.94992379,0,0.883634026970631,-0.001243652528745
779,250352.806149059,3688322.0272164,0,0.883077131390098,-0.009465655728187
780,250352.869655002,3688322.1044621,0,0.882439687064746,-0.003283160778406
781,250352.933185734,3688322.18168626,0,0.882420507629784,0.002899587286123
782,250352.996694048,3688322.25892881,0,0.883019602231232,0.009082265520288
783,250353.060132738,3688322.33622967,0,0.884236946648835,0.015264517734728
784,250353.123454595,3688322.4136288,0,0.886072476429576,0.021445883662965
785,250353.186613059,3688322.49116558,0,0.888430739822269,0.020444604621627
786,250353.249628853,3688322.56882267,0,0.889431903839476,-0.000420936305839
787,250353.31264795,3688322.64647715,0,0.888346552102374,-0.021286489162239
788,250353.375829981,3688322.72399458,0,0.885174464340562,-0.042156199382006
789,250353.439334576,3688322.80124051,0,0.879915122001335,-0.06303143270599
790,250353.503321368,3688322.87808051,0,0.872568122663007,-0.083908045376008
791,250353.567941664,3688322.95438714,0,0.863785102429893,-0.078790311806012
792,250353.633156471,3688323.03019324,0,0.857454843010411,-0.047816060607333
793,250353.698737111,3688323.10569136,0,0.854221585338317,-0.016850499941907
794,250353.76444671,3688323.18108096,0,0.854084578123941,0.014110275218852
795,250353.830048393,3688323.25656151,0,0.857043777042812,0.04507501502106
796,250353.895305286,3688323.33233248,0,0.863099884125858,0.076048412518027
797,250353.959987586,3688323.40858738,0,0.871670592334691,0.082523090895816
798,250354.024048201,3688323.48536589,0,0.878896968119892,0.062003804688612
799,250354.08763463,3688323.56254389,0,0.88407138359147,0.041485166957827
800,250354.150903824,3688323.63998928,1,0.8871941707191,0.020971430852588
801,250354.214012733,3688323.71756998,1,0.888265803246368,0.00046161109868
802,250354.277118306,3688323.79515389,1,0.88728650250332,-0.02004792365666
803,250354.340371016,3688323.87261438,1,0.884704049433104,-0.024754910501887
804,250354.403810404,3688323.94991806,1,0.882597172005616,-0.0173824347688
805,250354.467382847,3688324.02710987,1,0.881227592496909,-0.010009049064298
806,250354.531031831,3688324.10423717,1,0.880595376944508,-0.002635215366957
807,250354.59470084,3688324.18134734,1,0.880700554349438,0.004738767540413
808,250354.658333362,3688324.25848774,1,0.881543126985003,0.012112643843714
809,250354.721875569,3688324.3357035,1,0.882918273073015,0.011501932637113
810,250354.785331838,3688324.41299113,1,0.883658962569789,0.003311907347526
811,250354.848762808,3688324.49030014,1,0.883580660294158,-0.00487794761385
812,250354.912231417,3688324.56757812,1,0.882683369551501,-0.013067904169129
813,250354.975800604,3688324.64477266,1,0.880967069989389,-0.021258136087471
814,250355.039533306,3688324.72183136,1,0.878431735653049,-0.029448554174046
815,250355.103489825,3688324.798704,1,0.875301570178542,-0.027873467528053
816,250355.167656375,3688324.87540204,1,0.873168050735642,-0.014796967790892
817,250355.231936755,3688324.95200554,1,0.872342164400908,-0.001720809336257
818,250355.296230456,3688325.02859814,1,0.872823885151171,0.011355240543774
819,250355.360436967,3688325.10526349,1,0.874613220236828,0.024431502823209
820,250355.424456109,3688325.18208496,1,0.877650860622135,0.032029041259662
821,250355.488244713,3688325.25909843,1,0.88024266419011,0.019807061831065
822,250355.551881069,3688325.3362386,1,0.88161228575219,0.007585435731412
823,250355.61545904,3688325.41342719,1,0.881759758963722,-0.004635972877771
824,250355.67907249,3688325.49058595,1,0.880685082337657,-0.016857639732703
825,250355.742815286,3688325.56763658,1,0.878388212635889,-0.029079832845833
826,250355.80678129,3688325.64450083,1,0.874869113025899,-0.04130206479536
827,250355.871049219,3688325.72111306,1,0.870940696198043,-0.031203327991743
828,250355.935555956,3688325.79752605,1,0.868741477647676,-0.012781228455382
829,250356.000160909,3688325.87385724,1,0.86838442174755,0.005640051669111
830,250356.064722698,3688325.95022473,1,0.869869496861875,0.024061579066703
831,250356.129099945,3688326.02674663,1,0.873196764941805,0.042483846234926
832,250356.19315127,3688326.10354104,1,0.878366230333203,0.06090489596459
833,250356.256776708,3688326.18069137,1,0.883589559906373,0.039870481650749
834,250356.320095946,3688326.25809701,1,0.886321407490555,0.0147670935071
835,250356.383301215,3688326.33559656,1,0.886543041095912,-0.010334513022441
836,250356.44658479,3688326.41302861,1,0.884254401554865,-0.035439154417604
837,250356.510138948,3688326.49023173,1,0.87945500615008,-0.060549694319108
838,250356.574155963,3688326.56704448,1,0.87214438128456,-0.085662294531123
839,250356.638771435,3688326.64335316,1,0.864551249524942,-0.06608285020219
840,250356.703892476,3688326.71923633,1,0.858927879506062,-0.046384931385191
841,250356.769368626,3688326.79482104,1,0.855274123144691,-0.026691035710483
842,250356.835049428,3688326.87023433,1,0.853589519026659,-0.00700163670308
843,250356.900784424,3688326.94560322,1,0.85387373269956,0.012685896278972
844,250356.966423156,3688327.02105475,1,0.856126752527776,0.032375007466142
845,250357.031832945,3688327.09670093,1,0.85950445995344,0.031649611271596
846,250357.097001649,3688327.17255187,1,0.862419750184565,0.026656028314733
847,250357.161967169,3688327.24857535,1,0.864835641433855,0.021661713237094
848,250357.226767569,3688327.32473904,1,0.866752081833682,0.01666706280771
849,250357.291440912,3688327.4010106,1,0.868169050778877,0.011672311724894
850,250357.356025262,3688327.47735769,1,0.86908654458617,0.006677569955422
851,250357.420558683,3688327.55374797,1,0.869504565889557,0.001682860107963
852,250357.485079098,3688327.63014921,1,0.869443892487296,-0.001755956962282
853,250357.549609943,3688327.70654152,1,0.869309861420703,-0.000924663748333
854,250357.614147803,3688327.7829278,1,0.869258959832071,-9.33676947425423E-05
855,250357.678686349,3688327.85931345,1,0.869291187920197,0.000737929512773
856,250357.743219251,3688327.93570385,1,0.869406545717714,0.001569226207851
857,250357.807740182,3688328.01210439,1,0.869605033084403,0.002400520571141
858,250357.872242812,3688328.08852048,1,0.869886632284457,0.003199015348448
859,250357.936724865,3688328.16495404,1,0.870093559278394,0.000939526073479
860,250358.001199765,3688328.2413937,1,0.870074537661037,-0.001319958392907
861,250358.065684736,3688328.31782482,1,0.869829567451924,-0.00357944722857
862,250358.130197006,3688328.39423279,1,0.869358647825047,-0.005838947589771
863,250358.1947538,3688328.47060299,1,0.868661777484047,-0.008098461150567
864,250358.259372343,3688328.54692079,1,0.867738955383463,-0.010357980642032
865,250358.32406667,3688328.62317428,1,0.866756794202049,-0.008199009774749
866,250358.388823414,3688328.69937483,1,0.866116857958852,-0.004599715484431
867,250358.453615261,3688328.77554565,1,0.865836850825292,-0.001000428994335
868,250358.518414785,3688328.85171007,1,0.865916771825652,0.002598847595385
869,250358.583194563,3688328.92789137,1,0.866356620085178,0.006198116072705
870,250358.647927169,3688329.00411289,1,0.867156394519471,0.009797368125394
871,250358.712585179,3688329.08039792,1,0.868316092125064,0.013396571353113
872,250358.777144621,3688329.15676683,1,0.869619261503845,0.010109630118711
873,250358.841627752,3688329.23320063,1,0.870262492657819,0.002755011284284
874,250358.90608983,3688329.30965219,1,0.870170264868978,-0.004599575791992
875,250358.97058682,3688329.38607381,1,0.869342573048417,-0.011954293910689
876,250359.035174692,3688329.46241776,1,0.867779398564327,-0.019309231238462
877,250359.099909413,3688329.53863633,1,0.865480722673096,-0.026664281949362
878,250359.164846939,3688329.61468182,1,0.862451733359413,-0.032763073474925
879,250359.23001876,3688329.69052732,1,0.859568794109761,-0.024895732129692
880,250359.295379827,3688329.76621107,1,0.857472575880325,-0.017028706969978
881,250359.360870171,3688329.84178397,1,0.856163037856514,-0.009162117050061
882,250359.42642982,3688329.91729694,1,0.855640144342943,-0.001295765282254
883,250359.491998805,3688329.9928009,1,0.855903889073782,0.006570715499751
884,250359.557517153,3688330.06834676,1,0.856954304920323,0.014437716540672
885,250359.622925272,3688330.14398515,1,0.858761577575809,0.021054246925369
886,250359.688173263,3688330.21975928,1,0.861129404292056,0.026302159170315
887,250359.753221499,3688330.29570449,1,0.864021971771808,0.03154893503808
888,250359.818030848,3688330.37185577,1,0.867439124397888,0.036793695188698
889,250359.88256218,3688330.44824807,1,0.871380605981656,0.042035300425038
890,250359.946776364,3688330.52491637,1,0.875846031653188,0.047272309300301
891,250360.010634267,3688330.60189564,1,0.880834855542958,0.052502936381498
892,250360.074092644,3688330.67922242,1,0.886505858446296,0.061783662653945
893,250360.137076493,3688330.75694541,1,0.893203971762601,0.07218228905627
894,250360.19949604,3688330.83511898,1,0.900943097574293,0.082604277285383
895,250360.261261428,3688330.91379749,1,0.909725640871334,0.093050585508904
896,250360.322282802,3688330.99303534,1,0.919553971085966,0.103519484348266
897,250360.382470304,3688331.07288692,1,0.930430135221561,0.114006193725618
898,250360.441734079,3688331.1534066,1,0.942355534518764,0.124502517843459
899,250360.500005397,3688331.2346349,1,0.954477723763841,0.115804413111922
900,250360.557333732,3688331.31653468,1,0.965502093665556,0.104679345099959
901,250360.61380965,3688331.39904178,1,0.975413108644343,0.093539623601171
902,250360.669523759,3688331.48209206,1,0.984209933325348,0.082397234101878
903,250360.724566665,3688331.56562134,1,0.991892753349822,0.071260678715775
904,250360.779028975,3688331.64956546,1,0.998462447484826,0.060135387430109
905,250360.832999743,3688331.73386108,1,1.00409088978143,0.060101936664442
906,250360.886455233,3688331.81850468,1,1.01134533974613,0.084997267910027
907,250360.939184598,3688331.90359198,1,1.02109287360109,0.109967984067443
908,250360.990959369,3688331.98922806,1,1.03334205578189,0.135031594223816
909,250361.041551077,3688332.07551799,1,1.04810221741183,0.160185103724917
910,250361.090731251,3688332.16256684,1,1.06538115738965,0.185400020232093
911,250361.138271422,3688332.25047969,1,1.08518233984716,0.210617306436288
912,250361.183956515,3688332.33935461,1,1.10672513900197,0.209158067339374
913,250361.227785111,3688332.42917819,1,1.12661760319552,0.188685907072879
914,250361.269927307,3688332.5198475,1,1.14446238476143,0.168214883514251
915,250361.310558042,3688332.61125709,1,1.16026235394272,0.147796374722318
916,250361.349852251,3688332.70330151,1,1.1740244373537,0.127460581443621
917,250361.387984871,3688332.79587532,1,1.18575763756931,0.107219287210541
918,250361.42513084,3688332.88887305,1,1.19547133045555,0.087068631352347
919,250361.461439584,3688332.98219978,1,1.20428624205256,0.096937294034218
920,250361.496833204,3688333.07585429,1,1.21499424522961,0.117234881458616
921,250361.531114476,3688333.16988454,1,1.22773561075464,0.137603758494164
922,250361.564085121,3688333.26433897,1,1.24251697793385,0.158031492433484
923,250361.595546857,3688333.35926597,1,1.25934290565756,0.178488455996124
924,250361.625301404,3688333.45471395,1,1.27821401859011,0.198925156659751
925,250361.653150481,3688333.55073133,1,1.29912489396968,0.219269749222231
926,250361.67892416,3688333.64735398,1,1.32102414125438,0.215984037728378
927,250361.702613791,3688333.74454648,1,1.34230720776678,0.209696770525871
928,250361.724267682,3688333.84224822,1,1.36296764123624,0.203533790763193
929,250361.743934203,3688333.94039858,1,1.38301855130583,0.197508291528388
930,250361.761661726,3688334.03893693,1,1.40247424338409,0.191631034417436
931,250361.777498622,3688334.13780263,1,1.42134998733888,0.185910586494714
932,250361.791493263,3688334.23693505,1,1.43966180982063,0.18035355500432
933,250361.803693534,3688334.33627559,1,1.45745777171846,0.175874949760996
934,250361.814141925,3688334.43578818,1,1.47484339700913,0.171834948695471
935,250361.822877573,3688334.53545076,1,1.49182440991121,0.167784372543219
936,250361.829939564,3688334.63524147,1,1.50840023972721,0.163732814009142
937,250361.835366983,3688334.73513846,1,1.52457123204189,0.159689007039415
938,250361.839198915,3688334.83511989,1,1.54033856330601,0.155660837538325
939,250361.841474446,3688334.93516391,1,1.55570415692283,0.1516553624455
940,250361.842231158,3688335.0352484,1,1.57076786314174,0.151883473346214
941,250361.841465228,3688335.13534425,1,1.586214732583,0.157069944707887
942,250361.839127216,3688335.23541458,1,1.60218499461113,0.162350649138383
943,250361.835165335,3688335.33542212,1,1.61868784776203,0.167720867292623
944,250361.829527796,3688335.43532962,1,1.63573194942269,0.173174475113545
945,250361.822162814,3688335.53509981,1,1.65332526921832,0.178703820948758
946,250361.813018601,3688335.63469542,1,1.6714749301466,0.184299603901407
947,250361.802043812,3688335.73407929,1,1.69012794824419,0.184799165228521
948,250361.789253394,3688335.83323003,1,1.70776666271088,0.167962298659172
949,250361.774798541,3688335.93215862,1,1.72371870667965,0.151073919192185
950,250361.758847202,3688336.03088005,1,1.7379811471866,0.134176127331843
951,250361.741567326,3688336.1294093,1,1.75055460364817,0.11729809673105
952,250361.723126862,3688336.22776134,1,1.76144202529577,0.100457495306683
953,250361.703693758,3688336.32595115,1,1.77064761505117,0.083661980900722
954,250361.683435964,3688336.42399372,1,1.77817590408756,0.066910711221373
955,250361.662466772,3688336.52189168,1,1.7857227143968,0.08429228914719
956,250361.640675818,3688336.61959722,1,1.79503625988618,0.101988305525822
957,250361.617895533,3688336.71704961,1,1.80612236372029,0.119743650155154
958,250361.593958352,3688336.81418811,1,1.81898684887258,0.137554385283004
959,250361.568696706,3688336.91095199,1,1.83363459225754,0.155405226275342
960,250361.541943028,3688337.00728053,1,1.85006829972272,0.173267737907214
961,250361.51352975,3688337.103113,1,1.86828710276638,0.191098586571601
962,250361.483311862,3688337.19839505,1,1.88732716707047,0.182745254709813
963,250361.451351598,3688337.29313108,1,1.90471006215993,0.164916358248554
964,250361.417822722,3688337.38735707,1,1.9203117917582,0.147127527125264
965,250361.382900074,3688337.48110932,1,1.9341377832758,0.129404702090598
966,250361.346758494,3688337.57442412,1,1.94619534593324,0.111759886924628
967,250361.309572821,3688337.66733776,1,1.95649236949645,0.094192994106384
968,250361.271492074,3688337.75987871,1,1.96594055399739,0.097005018110129
969,250361.232521378,3688337.8520317,1,1.9759076510904,0.102339311341079
970,250361.192616034,3688337.94376634,1,1.98640884015841,0.10768629193645
971,250361.151731295,3688338.03505226,1,1.9974452052677,0.113042115108023
972,250361.109822411,3688338.12585903,1,2.00901739975234,0.118402002727433
973,250361.066844635,3688338.21615627,1,2.02112555045913,0.12376019556248
974,250361.022753219,3688338.30591356,1,2.03376915743999,0.129109910264222
975,250360.977506808,3688338.39510181,1,2.04677204905181,0.12878503216251
976,250360.931111373,3688338.48370978,1,2.05946005312875,0.12497940337753
977,250360.88360762,3688338.57173939,1,2.07176885399757,0.121201484177556
978,250360.835037059,3688338.65919286,1,2.08370136835594,0.117454099191773
979,250360.785441199,3688338.7460724,1,2.09526076881382,0.113739547005904
980,250360.73486155,3688338.83238023,1,2.10645043278368,0.110059630074491
981,250360.683339621,3688338.91811857,1,2.11727389436,0.106415684515386
982,250360.630917636,3688339.00329066,1,2.1276678101043,0.10020883226038
983,250360.577653136,3688339.08792174,1,2.13725602584846,0.09155161394275
984,250360.523618346,3688339.17205809,1,2.14597751760428,0.082875868898377
985,250360.468886086,3688339.25574688,1,2.15383085445328,0.07418970641532
986,250360.413529174,3688339.33903526,1,2.1608153216637,0.065499371263501
987,250360.35762043,3688339.42197038,1,2.16693074349324,0.056809430227957
988,250360.301232671,3688339.50459939,1,2.17217732501599,0.048122965471124
989,250360.244434882,3688339.58696643,1,2.17685252271521,0.051514286538717
990,250360.187204443,3688339.66904344,1,2.18279731678036,0.067385940711677
991,250360.129425217,3688339.75072868,1,2.19033071903753,0.083287671383299
992,250360.070976845,3688339.83191706,1,2.19945601284204,0.099224045497336
993,250360.011738972,3688339.91250354,1,2.2101766333369,0.115193323356817
994,250359.95159124,3688339.99238302,1,2.22249547384833,0.131186196563032
995,250359.890413292,3688340.07145044,1,2.23641406548619,0.147184518539091
996,250359.828089463,3688340.14960455,1,2.25155520152348,0.147540169863466
997,250359.764621743,3688340.2268396,1,2.26548609540368,0.131074362414407
998,250359.700135433,3688340.30325003,1,2.27776987940333,0.114602361144867
999,250359.634761662,3688340.37893497,1,2.28840707954541,0.098145406015022
1000,250359.568631559,3688340.45399357,1,2.29739986790541,0.081715404456601
1001,250359.501876252,3688340.52852496,1,2.3047511977231,0.065316301976986
1002,250359.434626871,3688340.60262831,1,2.3104640759993,0.048945456116628
1003,250359.367007279,3688340.67639623,1,2.31505183873973,0.05045601003357
1004,250359.299019618,3688340.74981248,1,2.32084180081509,0.065346761393809
1005,250359.230565197,3688340.82277058,1,2.32812194051488,0.080259853063482
1006,250359.161542283,3688340.89516132,1,2.33689450165539,0.095194672982727
1007,250359.091849141,3688340.96687549,1,2.34716140747193,0.110145250928192
1008,250359.021384038,3688341.0378039,1,2.35892367357923,0.125099234430091
1009,250358.95004524,3688341.10783735,1,2.37218071900211,0.140036878261275
1010,250358.87775475,3688341.17689123,2,2.38560243603167,0.120584912786838
1011,250358.804626196,3688341.2450795,2,2.39618284548843,0.091026094878801
1012,250358.730865886,3688341.31261219,2,2.40380852501291,0.061492582363096
1013,250358.65668073,3688341.37969993,2,2.40848232726066,0.031987493918575
1014,250358.582277638,3688341.44655336,2,2.41020654924387,0.002497891322251
1015,250358.507852022,3688341.51337165,2,2.409670106319,-0.007500504703989
1016,250358.433483138,3688341.58023825,2,2.40882555491306,-0.009390515423419
1017,250358.359182859,3688341.64716945,2,2.40779200917689,-0.011280347528448
1018,250358.284962227,3688341.71418072,2,2.40656950028429,-0.013169732924412
1019,250358.210832287,3688341.78128752,2,2.40515808680488,-0.01505839146867
1020,250358.136804082,3688341.84850534,2,2.40355785600483,-0.016946029055927
1021,250358.062886881,3688341.91584756,2,2.40191226279737,-0.013803279163157
1022,250357.98905998,3688341.98329265,2,2.4008787418692,-0.006867246897548
1023,250357.915277708,3688342.05078999,2,2.40053879429022,6.82148407278094E-05
1024,250357.841493635,3688342.11828805,2,2.4008923722643,0.007003299353461
1025,250357.767661329,3688342.18573531,2,2.40193944810849,0.013938198924934
1026,250357.693734359,3688342.25308027,2,2.40368000914869,0.020873004775
1027,250357.619666295,3688342.32027139,2,2.4061140426113,0.027807607021471
1028,250357.545413089,3688342.38725954,2,2.40911403214426,0.031519603684088
1029,250357.470948826,3688342.45401365,2,2.41240913357792,0.034382653951391
1030,250357.396255918,3688342.52051095,2,2.41599060812085,0.037247056990393
1031,250357.321316821,3688342.58672872,2,2.41985858694164,0.040112715941523
1032,250357.246113989,3688342.65264423,2,2.42401318699685,0.042979442226537
1033,250357.17062988,3688342.71823476,2,2.42845450149977,0.045846948359988
1034,250357.094847114,3688342.78347779,2,2.43314848481071,0.045713831181719
1035,250357.018773752,3688342.84838119,2,2.43720305521299,0.035377400573329
1036,250356.942470457,3688342.91301574,2,2.44022395635872,0.025040675165704
1037,250356.866004406,3688342.97745999,2,2.44221121025909,0.014704523392401
1038,250356.789442777,3688343.04179248,2,2.44316488287546,0.004369011060158
1039,250356.712852747,3688343.10609176,2,2.44308502042716,-0.005966267256748
1040,250356.636301493,3688343.1704364,2,2.4419716188317,-0.016301856974159
1041,250356.559852083,3688343.23490014,2,2.44011081034611,-0.017986793128391
1042,250356.483518924,3688343.29950003,2,2.43844914042079,-0.015246553110807
1043,250356.407284603,3688343.36421601,2,2.4370615079084,-0.012506066415152
1044,250356.331131157,3688343.42902737,2,2.43594793155456,-0.009765446276524
1045,250356.255040621,3688343.49391343,2,2.4351084202413,-0.007024777758391
1046,250356.178995033,3688343.55885349,2,2.43454297549595,-0.004284123920239
1047,250356.102976428,3688343.62382684,2,2.43425159338292,-0.001543531990042
1048,250356.026965174,3688343.68881073,2,2.43436689467248,0.005640751817559
1049,250355.950916373,3688343.75375145,2,2.43544022561489,0.015825951362435
1050,250355.874765512,3688343.8185712,2,2.4375321123379,0.026011956280269
1051,250355.798447568,3688343.88319158,2,2.44064265224075,0.03619899530257
1052,250355.721897516,3688343.94753416,2,2.44477192775488,0.046386487448826
1053,250355.645050332,3688344.01152055,2,2.44991990950519,0.056572724705335
1054,250355.567847572,3688344.07507994,2,2.45568112280297,0.055876868858273
1055,250355.490289038,3688344.13820896,2,2.46104785951124,0.051458304514171
1056,250355.412404938,3688344.20093945,2,2.46597288066407,0.04704263887573
1057,250355.334225744,3688344.26330354,2,2.47045649558126,0.042630212924364
1058,250355.25578193,3688344.32533336,2,2.474499033721,0.038221092854778
1059,250355.177103968,3688344.38706106,2,2.47810081852097,0.033815096439791
1060,250355.098222172,3688344.44851862,2,2.48128139060556,0.030631073930337
1061,250355.019156078,3688344.5097289,2,2.4843173875241,0.030088196787095
1062,250354.939907696,3688344.57069983,2,2.48729889943281,0.029541403713729
1063,250354.860477434,3688344.631438,2,2.49022554371953,0.028990874191362
1064,250354.780865698,3688344.69194999,2,2.49309695567725,0.028436786820374
1065,250354.701072897,3688344.75224239,2,2.49591278840974,0.027879319196139
1066,250354.621099435,3688344.81232177,2,2.49867271272515,0.027318647790957
1067,250354.540929805,3688344.87216866,2,2.50241530690288,0.050434304187802
1068,250354.460456275,3688344.93161263,2,2.50878066111331,0.07687897776886
1069,250354.379537982,3688344.99042898,2,2.51779258759356,0.103367669016685
1070,250354.298034017,3688345.04839295,2,2.52945576742508,0.129902809712037
1071,250354.215803473,3688345.10527979,2,2.54377408345657,0.15646505124735
1072,250354.132705441,3688345.16086474,2,2.56074815660981,0.183007557763092
1073,250354.048628772,3688345.21496539,2,2.57869200550184,0.173050685283358
1074,250353.963612525,3688345.26761296,2,2.59534681366211,0.160049492162597
1075,250353.87774305,3688345.318906,2,2.61070310458454,0.147084046541786
1076,250353.791106712,3688345.36894305,2,2.62476543248374,0.134172638978422
1077,250353.703789875,3688345.41782264,2,2.63753980346275,0.121326141777268
1078,250353.615878907,3688345.46564333,2,2.64903297134137,0.108548762348814
1079,250353.527459934,3688345.5125033,2,2.65930890742344,0.10081913376742
1080,250353.438583163,3688345.55844553,2,2.66984298658842,0.109864611213873
1081,250353.349224945,3688345.60339954,2,2.68128213613541,0.118919192409959
1082,250353.25935254,3688345.64728089,2,2.69362681545142,0.127973387311196
1083,250353.168933209,3688345.69000511,2,2.70687639021982,0.137014776391298
1084,250353.077934213,3688345.73148776,2,2.72102882918939,0.146027808983302
1085,250352.986322988,3688345.77164437,2,2.73607550000299,0.154670810156222
1086,250352.894080535,3688345.81038875,2,2.75193868122625,0.162610805496099
1087,250352.80121085,3688345.84763182,2,2.76860116255963,0.170655741007796
1088,250352.707720153,3688345.88328421,2,2.78607306338934,0.178797582108886
1089,250352.613614667,3688345.91725656,2,2.80436353219002,0.187024896502904
1090,250352.518900613,3688345.9494595,2,2.82348039221272,0.19532256429145
1091,250352.423584253,3688345.9798038,2,2.84340707123029,0.201261948570564
1092,250352.327681815,3688346.00823401,2,2.86331224983192,0.196846408114049
1093,250352.231232497,3688346.03477261,2,2.88277751526627,0.192465697016985
1094,250352.134278727,3688346.05945298,2,2.90180693270856,0.188131248635746
1095,250352.036862933,3688346.08230854,2,2.92040564807735,0.183853253220574
1096,250351.93902754,3688346.10337267,2,2.9385797665194,0.179640715466604
1097,250351.840814978,3688346.12267879,2,2.95633623709647,0.175501520555502
1098,250351.742266423,3688346.14024787,2,2.97406032519264,0.17909017541898
1099,250351.643417873,3688346.15604944,2,2.99215791372565,0.182879085798643
1100,250351.544303984,3688346.17003965,2,3.01063954407137,0.186770017696259
1101,250351.44495941,3688346.18217469,2,3.02951510472253,0.190756540344062
1102,250351.345418809,3688346.19241071,2,3.04879379236259,0.194831233817288
1103,250351.245716834,3688346.2007039,2,3.06848400863671,0.198985603220878
1104,250351.145888141,3688346.20701041,2,3.08859324851175,0.2032099966404
1105,250351.045966366,3688346.21130343,2,3.10854724406559,0.194227971253304
1106,250350.945979219,3688346.21365506,2,3.12742668104523,0.183360496515047
1107,250350.845952272,3688346.21417308,2,-3.13796552762341,0.172505888308382
1108,250350.745911092,3688346.2129653,2,-3.12125618258977,0.161689051019295
1109,250350.645881249,3688346.21013954,2,-3.10562582726597,0.150928727995955
1110,250350.545888311,3688346.20580364,0,-3.0910681128417,0.140237955106802
1111,250350.445957922,3688346.20006403,0,-3.0774573419946,0.136365538303368
1112,250350.346119687,3688346.19295378,0,-3.06338804774444,0.145032463338319
1113,250350.246409069,3688346.18439751,0,-3.04844852584268,0.15376898294333
1114,250350.146862003,3688346.17431107,0,-3.03263220576198,0.162566744857349
1115,250350.047514423,3688346.16261033,0,-3.01593352905398,0.171413812458248
1116,250349.948402265,3688346.14921114,0,-2.99834832180482,0.180294386515238
1117,250349.849561465,3688346.13402937,0,-2.97987419404749,0.189188546647188
1118,250349.751025842,3688346.11699382,0,-2.96102260684868,0.184774420236605
1119,250349.652811962,3688346.09813906,0,-2.9429650755473,0.176379085217523
1120,250349.554927965,3688346.07755122,0,-2.92574589054855,0.168010601006372
1121,250349.457381938,3688346.05531682,0,-2.90936149713417,0.159685743384913
1122,250349.360181964,3688346.03152236,0,-2.89380684440332,0.151417697958066
1123,250349.263336129,3688346.00625435,0,-2.87907573263795,0.14321629611679
1124,250349.166852517,3688345.9795993,0,-2.86516002317916,0.135660980613584
1125,250349.070746446,3688345.9516171,0,-2.85126062055955,0.142338698499997
1126,250348.975058985,3688345.92227303,0,-2.83669002938307,0.149083975142694
1127,250348.879836932,3688345.89151128,0,-2.82144175959948,0.155891160399488
1128,250348.785127084,3688345.85927603,0,-2.80550998886423,0.162752524332806
1129,250348.690976239,3688345.82551149,0,-2.78888977825971,0.169658103031848
1130,250348.597431193,3688345.79016185,0,-2.771577303144,0.176595551211018
1131,250348.504538418,3688345.75317201,0,-2.75365030103501,0.177995524339259
1132,250348.412316602,3688345.71454628,0,-2.73646543352358,0.165697072301906
1133,250348.320735898,3688345.67439276,0,-2.72051131867784,0.153385405988938
1134,250348.229761574,3688345.63283003,0,-2.70578792048637,0.141086461188948
1135,250348.139358895,3688345.58997666,0,-2.69229296415091,0.128819170978046
1136,250348.049493128,3688345.5459512,0,-2.68002260755365,0.116596049364714
1137,250347.960129539,3688345.50087223,0,-2.66897205259674,0.1044238053917
1138,250347.871234048,3688345.45485706,0,-2.65900291936183,0.100720424106983
1139,250347.782817064,3688345.4079384,0,-2.64820485511633,0.11525032840326
1140,250347.694961135,3688345.36001171,0,-2.63595098727432,0.129835981762798
1141,250347.607755402,3688345.31095993,0,-2.62223602190336,0.144470463553196
1142,250347.521289008,3688345.26066598,0,-2.60705576462474,0.159138531987614
1143,250347.435651094,3688345.2090128,0,-2.59040800388163,0.173815605034789
1144,250347.350930803,3688345.15588331,0,-2.57229349412131,0.188466789806393
1145,250347.267216903,3688345.10116138,0,-2.55280923027089,0.197279138761129
1146,250347.184573482,3688345.04479285,0,-2.53325328148903,0.193862104517409
1147,250347.103024923,3688344.98682324,0,-2.51403226606252,0.190581344499414
1148,250347.022592021,3688344.9273071,0,-2.49513230668335,0.187441739993714
1149,250346.943295571,3688344.86629897,0,-2.47653907122849,0.184447522029106
1150,250346.865156368,3688344.80385339,0,-2.45823783304179,0.181602365630215
1151,250346.788171246,3688344.74004337,0,-2.44120720560175,0.156619613449484
1152,250346.712204712,3688344.67504401,0,-2.42693147721449,0.128884499638183
1153,250346.637075843,3688344.6090654,0,-2.4154313972521,0.101115647457397
1154,250346.562603676,3688344.5423177,0,-2.40670810293224,0.073353358897336
1155,250346.488607248,3688344.47501107,0,-2.40075992406329,0.045614547768931
1156,250346.414905595,3688344.40735565,0,-2.39758440024402,0.017899180714611
1157,250346.341317754,3688344.33956158,0,-2.39717965317834,-0.009803280901776
1158,250346.267684112,3688344.27181547,0,-2.39827136947556,-0.003456046863749
1159,250346.194032031,3688344.20409774,0,-2.39772645243623,0.01435530977945
1160,250346.120485636,3688344.13628209,0,-2.39540002426733,0.032175118694644
1161,250346.047169867,3688344.06824132,0,-2.39129098798512,0.05000804703186
1162,250345.974209662,3688343.99984824,0,-2.38539791866952,0.067855702100594
1163,250345.901729962,3688343.93097567,0,-2.37771945493482,0.085714919674482
1164,250345.829855704,3688343.8614964,0,-2.36825486205402,0.103576044042919
1165,250345.758711829,3688343.79128324,0,-2.35700476692068,0.12142121490736
1166,250345.688397829,3688343.72023516,0,-2.3452264800819,0.110483176829166
1167,250345.618863574,3688343.64840494,0,-2.33493499336164,0.095346968514539
1168,250345.550004425,3688343.57590139,0,-2.32615679962478,0.080219144239023
1169,250345.481715666,3688343.5028334,0,-2.31889061636933,0.06510758089955
1170,250345.413892578,3688343.42930987,0,-2.31313465730869,0.050014653455665
1171,250345.346430445,3688343.35543969,0,-2.30888712977258,0.034938289833888
1172,250345.279224548,3688343.28133175,0,-2.30614662705645,0.019873015778186
1173,250345.212170227,3688343.20709489,0,-2.30489640759452,0.00685815838342
1174,250345.145185378,3688343.13281306,0,-2.30430932653204,0.004883259649314
1175,250345.078244832,3688343.05850743,0,-2.30391979136841,0.00290728962676
1176,250345.011332264,3688342.98418942,0,-2.30372789454336,0.000930541401344
1177,250344.944431351,3688342.90987046,0,-2.3037336993603,-0.001046695018074
1178,250344.877525768,3688342.83556195,0,-2.30393724018361,-0.003024130491701
1179,250344.810599192,3688342.76127531,0,-2.30433852241496,-0.005001474536183
1180,250344.743635298,3688342.68702196,0,-2.30493752224829,-0.006978433111712
1181,250344.676618304,3688342.61281289,0,-2.30568428685545,-0.006565091175518
1182,250344.609551455,3688342.53864375,0,-2.30615351848863,-0.002819625881597
1183,250344.542461595,3688342.4644912,0,-2.30624822600586,0.000925420583057
1184,250344.475377036,3688342.39033072,0,-2.30596844234012,0.004670227873371
1185,250344.408326093,3688342.31613777,0,-2.30531418252442,0.008414971711258
1186,250344.341337076,3688342.24188785,0,-2.30428544487176,0.012159808152297
1187,250344.274438301,3688342.16755642,0,-2.30288221372862,0.01590485784845
1188,250344.207657847,3688342.09311915,0,-2.30112749832881,0.018507612526566
1189,250344.141014929,3688342.01855955,0,-2.29923115049099,0.019419359213193
1190,250344.074517343,3688341.94387113,0,-2.29724362383393,0.020331185305575
1191,250344.008172128,3688341.86904811,0,-2.2951649115807,0.021243066703992
1192,250343.941986328,3688341.79408467,0,-2.29299500961614,0.022154974235308
1193,250343.875966981,3688341.71897503,0,-2.29073391700555,0.023066873425201
1194,250343.810121131,3688341.64371337,0,-2.28838163653617,0.023978724271298
1195,250343.744453535,3688341.56829589,0,-2.28609092629321,0.019746774180519
1196,250343.678933963,3688341.49274916,0,-2.28450368005006,0.011998180962512
1197,250343.613504819,3688341.41712358,0,-2.28369128385925,0.00424976778471
1198,250343.548107774,3688341.34147015,0,-2.28365372422536,-0.003498579911564
1199,250343.482684502,3688341.26583988,0,-2.28439100409889,-0.011247053227438
1200,250343.417176676,3688341.19028377,0,-2.285903143553,-0.018995780255397
1201,250343.351525969,3688341.11485284,0,-2.28819016650432,-0.026744686507667
1202,250343.285674055,3688341.0395981,0,-2.29125207347509,-0.034493355318579
1203,250343.219583891,3688340.96455193,0,-2.29421851899802,-0.024388650425908
1204,250343.153310225,3688340.88966641,0,-2.29612924142538,-0.013825882476096
1205,250343.086932536,3688340.81487197,0,-2.29698371124271,-0.003263571586346
1206,250343.020530307,3688340.74009905,0,-2.29678196021994,0.007298608624986
1207,250342.95418302,3688340.66527807,0,-2.29552397908225,0.017861093758785
1208,250342.887970154,3688340.59033948,0,-2.29320972426185,0.028424075155328
1209,250342.821971095,3688340.51521379,0,-2.28986248998961,0.03617112697798
1210,250342.756231873,3688340.43986075,0,-2.28656701017051,0.029738397781864
1211,250342.690716527,3688340.36431197,0,-2.28391481408548,0.023305546712492
1212,250342.625376726,3688340.28860989,0,-2.28190589135093,0.016872970311601
1213,250342.560164139,3688340.21279696,0,-2.28054020706073,0.010440775802652
1214,250342.495030435,3688340.13691563,0,-2.27981772672355,0.004008860980387
1215,250342.429927294,3688340.06100833,0,-2.27973507159078,-0.001943801253462
1216,250342.364812615,3688339.98511188,0,-2.28008027064411,-0.004960188715724
1217,250342.299660737,3688339.90924825,0,-2.28072711059187,-0.007976613464928
1218,250342.234448681,3688339.83343697,0,-2.28167559319273,-0.010993033157615
1219,250342.169153471,3688339.7576976,0,-2.28292571495094,-0.014009383676534
1220,250342.103752128,3688339.68204967,0,-2.28447746452736,-0.017025570900644
1221,250342.038228642,3688339.60650677,0,-2.28600299610833,-0.012229135206299
1222,250341.972612477,3688339.53104356,0,-2.2869112691886,-0.005936356908298
1223,250341.906951334,3688339.45561909,0,-2.28719027165075,0.000356298917374
1224,250341.841292967,3688339.38019238,0,-2.28684000841213,0.006648984391905
1225,250341.775685126,3688339.30472245,0,-2.28586046876663,0.012941847405869
1226,250341.710175564,3688339.22916831,0,-2.28425163054515,0.019234956869101
1227,250341.644812033,3688339.15348897,0,-2.28201347175197,0.025528227939514
1228,250341.579641626,3688339.07764402,0,-2.27921714977761,0.027923703927661
1229,250341.51467972,3688339.00162025,0,-2.27664385260238,0.02354220273241
1230,250341.44989651,3688338.92544321,0,-2.27450871184522,0.019160618594952
1231,250341.38525874,3688338.84914143,0,-2.27281172502543,0.014779146517885
1232,250341.320733152,3688338.77274343,0,-2.27155287589015,0.010397871148462
1233,250341.256286489,3688338.69627773,0,-2.27073214418775,0.006016792022882
1234,250341.191885493,3688338.61977284,0,-2.27034951291674,0.001635848807699
1235,250341.127496683,3688338.54325749,0,-2.27041810219467,-0.003134545439305
1236,250341.063084034,3688338.46676254,0,-2.27097949141191,-0.008093261705833
1237,250340.998609913,3688338.39032025,0,-2.2720367606323,-0.013052158876428
1238,250340.934036663,3688338.31396287,0,-2.27358993078064,-0.018011280640623
1239,250340.869326627,3688338.23772267,0,-2.27563902264123,-0.022970574399227
1240,250340.804442147,3688338.16163191,0,-2.27818404539892,-0.02792985466141
1241,250340.739345564,3688338.08572287,0,-2.28122498152009,-0.032888766453097
1242,250340.674011484,3688338.0100173,0,-2.28418407099704,-0.024065130068553
1243,250340.608494742,3688337.93446823,0,-2.28601654468359,-0.012584447813011
1244,250340.542882445,3688337.85900106,0,-2.28670097803557,-0.001104273250388
1245,250340.477261785,3688337.7835411,0,-2.28623740076149,0.010375859932962
1246,250340.411719956,3688337.70801368,0,-2.2846257899734,0.021856461709767
1247,250340.346344151,3688337.63234409,0,-2.28186608851487,0.033337631817348
1248,250340.281221541,3688337.55645769,0,-2.27796801604252,0.042618457038956
1249,250340.216398834,3688337.48031444,0,-2.27437369384583,0.029267964733788
1250,250340.151798418,3688337.40398081,0,-2.27211440663367,0.015917914125453
1251,250340.087318885,3688337.32754361,0,-2.271190085716,0.002568594293292
1252,250340.022858828,3688337.25108966,0,-2.27160068199459,-0.010780556702676
1253,250339.958316839,3688337.17470577,0,-2.27334621537718,-0.024130238108443
1254,250339.89359151,3688337.09847878,0,-2.27642675282741,-0.037480572842304
1255,250339.828583605,3688337.02249365,0,-2.28062665579538,-0.039983212848788
1256,250339.763279504,3688336.94676206,0,-2.28392845226704,-0.026052762712499
1257,250339.697777502,3688336.87119991,0,-2.28583723194491,-0.012122970231335
1258,250339.632183442,3688336.79571665,0,-2.28635306735,0.001806214668906
1259,250339.566603167,3688336.72022171,0,-2.28547598395643,0.015735547706498
1260,250339.501142523,3688336.64462455,0,-2.28320593016656,0.029665679478043
1261,250339.435907352,3688336.56883459,0,-2.27954282836282,0.043596344619431
1262,250339.370976566,3688336.49278431,0,-2.27562045186765,0.033342655245551
1263,250339.306299127,3688336.41651729,0,-2.2728793212992,0.021480016284973
1264,250339.24178485,3688336.34011055,0,-2.2713244289242,0.009617937692105
1265,250339.177343545,3688336.26364115,0,-2.27095571741971,-0.002243664199861
1266,250339.112885022,3688336.18718614,0,-2.2717731623003,-0.014105279018634
1267,250339.048319089,3688336.11082256,0,-2.27377678747984,-0.025967301683742
1268,250338.98355703,3688336.03462621,0,-2.27681818288244,-0.030245929536303
1269,250338.918570426,3688335.95862146,0,-2.27946733433935,-0.022737073895428
1270,250338.853410961,3688335.88276441,0,-2.28136559927033,-0.015228253698905
1271,250338.788135855,3688335.80700645,0,-2.28251299184932,-0.007719628022243
1272,250338.722802327,3688335.73129895,0,-2.28290952822057,-0.000211098367146
1273,250338.657466828,3688335.65559394,0,-2.28263461289951,0.003120090504289
1274,250338.59215213,3688335.57987195,0,-2.2824966016035,-0.000359877153276
1275,250338.5268349,3688335.50415253,0,-2.2827065891873,-0.003839870481358
1276,250338.461488476,3688335.42845806,0,-2.28326457314976,-0.007319786844402
1277,250338.396086199,3688335.35281091,0,-2.2841705401342,-0.010799509661928
1278,250338.330601407,3688335.27723343,0,-2.28542446390235,-0.014278895779034
1279,250338.265007445,3688335.20174801,0,-2.28702278010527,-0.016674589972881
1280,250338.199303287,3688335.12635542,0,-2.28803137209269,-0.003497466837581
1281,250338.133572327,3688335.0509853,0,-2.28772228968011,0.009679176145346
1282,250338.067915315,3688334.97555271,0,-2.28609549784267,0.022856972961178
1283,250338.002433001,3688334.89997267,0,-2.28315081763631,0.036037053640148
1284,250337.937226133,3688334.82416023,0,-2.27888801091994,0.049219357548107
1285,250337.872395461,3688334.74803043,0,-2.27330693380163,0.062401945664964
1286,250337.808026334,3688334.67151126,0,-2.2672130987038,0.054102076878278
1287,250337.744070013,3688334.59464357,0,-2.26257615256685,0.038636949339143
1288,250337.680408695,3688334.51752637,0,-2.25948564834861,0.023173544014733
1289,250337.616924008,3688334.44025911,0,-2.25794136282453,0.007712511479956
1290,250337.553497581,3688334.36294126,0,-2.25794310005718,-0.007747159613429
1291,250337.490011039,3688334.28567229,0,-2.2594908021204,-0.023207033386635
1292,250337.426347221,3688334.20855065,0,-2.26246828873376,-0.032947973971052
1293,250337.362434298,3688334.13163711,0,-2.26583257109076,-0.034337688943391
1294,250337.298258325,3688334.0549443,0,-2.26933582754137,-0.035727433820048
1295,250337.23380913,3688333.9784817,0,-2.27297805413326,-0.037117066361252
1296,250337.169076539,3688333.9022588,0,-2.27675923166155,-0.038506423624142
1297,250337.104050381,3688333.8262851,0,-2.28067932355931,-0.039895321182109
1298,250337.038720579,3688333.75057,0,-2.28471299111643,-0.037913626360086
1299,250336.973119982,3688333.67508627,0,-2.28745085858834,-0.016844192526525
1300,250336.907391782,3688333.59971252,0,-2.28808188798044,0.004223565298079
1301,250336.841696654,3688333.52431243,0,-2.28660609452138,0.025292834619382
1302,250336.776195274,3688333.44874967,0,-2.28302317941241,0.046366241003231
1303,250336.711048316,3688333.37288794,0,-2.27733272631706,0.067443041537459
1304,250336.646416455,3688333.29659091,0,-2.26953467869406,0.088516314860908
1305,250336.582400312,3688333.21977314,0,-2.26203980269989,0.060386775231666
1306,250336.518845257,3688333.14256539,0,-2.25745813903181,0.031247933014102
1307,250336.45552886,3688333.06515585,0,-2.25578996957899,0.002116221200777
1308,250336.392228693,3688332.98773273,0,-2.25703487769393,-0.027014995628758
1309,250336.328722326,3688332.91048422,0,-2.26119319898045,-0.056152891542074
1310,250336.264787329,3688332.83359852,0,-2.26826570440897,-0.085297762760996
1311,250336.200232073,3688332.75723774,0,-2.27670237908608,-0.074748901673153
1312,250336.135106847,3688332.68135911,0,-2.28309365379216,-0.05307661980075
1313,250336.069576218,3688332.60582308,0,-2.2873178167663,-0.031407500236405
1314,250336.00380543,3688332.53048953,0,-2.28937532483988,-0.009743363287281
1315,250335.937959728,3688332.45521834,0,-2.28926657028871,0.011918393397963
1316,250335.872204357,3688332.37986938,0,-2.28699159119401,0.033581743164086
1317,250335.806704561,3688332.30430252,0,-2.2825500867755,0.055248981739795
1318,250335.741595102,3688332.22840351,0,-2.27729443881674,0.046401763189734
1319,250335.676838949,3688332.15220382,0,-2.27329197276714,0.033647349895565
1320,250335.612338943,3688332.07578596,0,-2.27056497773825,0.020892614844945
1321,250335.54799786,3688331.99923246,0,-2.2691134285417,0.008138483500314
1322,250335.483718478,3688331.92262588,0,-2.26893726361216,-0.004615138300119
1323,250335.419403574,3688331.84604877,0,-2.2700364558433,-0.017368741840896
1324,250335.354962993,3688331.7695777,0,-2.27197037103185,-0.016136217577878
1325,250335.290400717,3688331.69320972,0,-2.27311185692102,-0.006693498541309
1326,250335.225787654,3688331.61688535,0,-2.27330906838652,0.002749297071341
1327,250335.161196143,3688331.54054388,0,-2.27256198819666,0.012192369535831
1328,250335.096698522,3688331.46412463,0,-2.27087058066382,0.021635845594246
1329,250335.03236713,3688331.38756688,0,-2.26823481162929,0.0310795258126
1330,250334.968271271,3688331.31081249,0,-2.26488369933473,0.031689365319458
1331,250334.904416145,3688331.23385694,0,-2.26209443495439,0.024095913044321
1332,250334.840745872,3688331.15674682,0,-2.26006451042226,0.016502635983293
1333,250334.77720214,3688331.07953076,0,-2.25879389421859,0.008909755582093
1334,250334.713726639,3688331.0022574,0,-2.25828254804559,0.001317207852674
1335,250334.650261057,3688330.92497536,0,-2.25853044880251,-0.006275225269292
1336,250334.58674738,3688330.84773303,0,-2.2595013731444,-0.01160303044541
1337,250334.52314727,3688330.77056243,0,-2.26068732643455,-0.012116039271002
1338,250334.459454003,3688330.6934693,0,-2.26192458170382,-0.012629069221369
1339,250334.39566371,3688330.61645701,0,-2.26321314080658,-0.013142114971338
1340,250334.331772522,3688330.53952894,0,-2.26455300501514,-0.013655170198317
1341,250334.267776568,3688330.46268845,0,-2.26594417491799,-0.014168227541736
1342,250334.203671981,3688330.38593892,0,-2.26738665031398,-0.014681278562552
1343,250334.139455314,3688330.30928334,0,-2.26884963583311,-0.01405818208602
1344,250334.075131181,3688330.23271788,0,-2.27017631178057,-0.012475327412712
1345,250334.01071142,3688330.15623253,0,-2.27134470000224,-0.01089243302455
1346,250333.94620812,3688330.07981708,0,-2.27235479801264,-0.009309527178186
1347,250333.881633374,3688330.00346132,0,-2.27320660573268,-0.007726629942788
1348,250333.816999272,3688329.92715503,0,-2.27390012473039,-0.006143754389582
1349,250333.752318434,3688329.85088756,0,-2.27438767212589,-0.002345466283352
1350,250333.687620708,3688329.77463399,0,-2.27428575817355,0.004383747838788
1351,250333.622956605,3688329.69835229,0,-2.27351091791748,0.011113099195578
1352,250333.558377854,3688329.62199942,0,-2.27206312726235,0.017842777682868
1353,250333.493936188,3688329.54553232,0,-2.26994234990955,0.02457282223011
1354,250333.429683336,3688329.46890796,0,-2.26714855702673,0.031303029334857
1355,250333.365670367,3688329.39208385,0,-2.26376279521599,0.032950006176374
1356,250333.301904139,3688329.31505425,0,-2.2609283323688,0.023739239378777
1357,250333.238320278,3688329.23787267,0,-2.25901493981311,0.014528678254477
1358,250333.174847957,3688329.16059799,0,-2.25802258250686,0.005318531137362
1359,250333.111416348,3688329.08328908,0,-2.25795122501516,-0.003891363376048
1360,250333.047954623,3688329.00600481,0,-2.25880085676305,-0.013101302018161
1361,250332.9843923,3688328.92880378,0,-2.26052050827653,-0.018464280231693
1362,250332.920695204,3688328.85171444,0,-2.26210170336905,-0.013159598900562
1363,250332.856896819,3688328.77470911,0,-2.26315242570929,-0.007854843445946
1364,250332.793038022,3688328.69775398,0,-2.26367267173522,-0.002550076090361
1365,250332.729159689,3688328.62081524,0,-2.26366244041829,0.002754707255138
1366,250332.665302696,3688328.54385909,0,-2.26312172887144,0.00805953220794
1367,250332.601507921,3688328.4668517,0,-2.26205053243547,0.013364401129635
1368,250332.537812652,3688328.38976222,0,-2.26066941245076,0.011689972593961
1369,250332.4742068,3688328.31259887,0,-2.2597872880423,0.005952514602004
1370,250332.410646753,3688328.23539752,0,-2.25947890878649,0.000215076966367
1371,250332.347088197,3688328.15819458,0,-2.25974427111652,-0.005522314764882
1372,250332.283486813,3688328.08102651,0,-2.26058336948914,-0.011259637168435
1373,250332.219798286,3688328.00392975,0,-2.26199619376431,-0.016996812289202
1374,250332.155978564,3688327.92694053,0,-2.26396014985293,-0.021692208390106
1375,250332.091992116,3688327.85008896,0,-2.26629608593418,-0.025026615959632
1376,250332.027813548,3688327.77339778,0,-2.26896549384519,-0.0283616447568
1377,250331.96341806,3688327.69688932,0,-2.27196843419311,-0.031697249626371
1378,250331.898780848,3688327.62058591,0,-2.2753049584303,-0.035033290763451
1379,250331.833877113,3688327.54450987,0,-2.27897509883014,-0.038369522530586
1380,250331.768684707,3688327.46868124,0,-2.28275323290991,-0.032036045407755
1381,250331.703253273,3688327.39305797,0,-2.28508762669706,-0.014651929501469
1382,250331.637710767,3688327.31753025,0,-2.28568363706713,0.002731682973675
1383,250331.572189107,3688327.24198488,0,-2.28454128209284,0.020115527479516
1384,250331.506820212,3688327.16630863,0,-2.2816605055498,0.037500091837732
1385,250331.441736,3688327.09038829,0,-2.27704128048335,0.054884040123967
1386,250331.377057546,3688327.01411997,0,-2.27141581643416,0.047288314946216
1387,250331.312734423,3688326.93754727,0,-2.26794842394861,0.022060296335656
1388,250331.248579284,3688326.86083154,0,-2.267003648941,-0.003164615840559
1389,250331.184400964,3688326.78413743,0,-2.26858140123805,-0.028391131552302
1390,250331.120008299,3688326.70762957,0,-2.27268207160737,-0.053623357293383
1391,250331.055210125,3688326.63147261,0,-2.27930623060903,-0.078859978900651
1392,250330.989829868,3688326.55581857,0,-2.28751978404649,-0.073928449804514
1393,250330.923893368,3688326.48064459,0,-2.29373898246998,-0.050455721443894
1394,250330.857574532,3688326.40579988,0,-2.29761107294152,-0.02698705329034
1395,250330.791050652,3688326.33113071,0,-2.29913657066896,-0.003523562812696
1396,250330.724499019,3688326.25648337,0,-2.29831584740505,0.019938089998174
1397,250330.658096924,3688326.18170413,0,-2.29514887955952,0.043401826366442
1398,250330.592002821,3688326.10665572,0,-2.29054573800561,0.044778465972437
1399,250330.526246271,3688326.03131343,0,-2.28623461125978,0.041443966437371
1400,250330.460802879,3688325.95569967,0,-2.28225695632905,0.038109113966838
1401,250330.395648068,3688325.879837,0,-2.27861278546682,0.034774347244948
1402,250330.330757261,3688325.80374799,0,-2.2753020735089,0.031439977790201
1403,250330.266105875,3688325.72745521,0,-2.27232806945545,0.027361192683331
1404,250330.201655391,3688325.65099269,0,-2.27017918143624,0.015616575451764
1405,250330.137324474,3688325.57442971,0,-2.26920475070392,0.003872046514767
1406,250330.073023594,3688325.49784229,0,-2.26940477689872,-0.007872630726755
1407,250330.008663223,3688325.42130645,0,-2.27077929538288,-0.019617853118456
1408,250329.944153828,3688325.3448982,0,-2.27332836896542,-0.031363691736086
1409,250329.879405932,3688325.26869351,0,-2.27703528267209,-0.040359294402833
1410,250329.814370279,3688325.19273409,0,-2.28052951728467,-0.029525303066135
1411,250329.74910977,3688325.11696601,0,-2.28294034502924,-0.018691329390583
1412,250329.683706703,3688325.04131882,0,-2.28426780395566,-0.007857957563449
1413,250329.618243376,3688324.96572209,0,-2.28451195444584,0.002974886366846
1414,250329.552802087,3688324.89010536,0,-2.28367283247644,0.013807552980957
1415,250329.48746356,3688324.81439955,0,-2.28191202922528,0.016270827213733
1416,250329.42224198,3688324.73859299,0,-2.28082704562258,0.00542886197564
1417,250329.357061885,3688324.66275141,0,-2.28082625888749,-0.005413171364785
1418,250329.291841486,3688324.58694599,0,-2.28190969547765,-0.016255665806872
1419,250329.226498993,3688324.5112479,0,-2.28407741479349,-0.027098823477066
1420,250329.160952617,3688324.43572833,0,-2.28732947096925,-0.037942273169245
1421,250329.095124328,3688324.36045516,0,-2.29136974958926,-0.03707261027087
1422,250329.0290203,3688324.28542274,0,-2.29446087218192,-0.024749881650226
1423,250328.96272969,3688324.21055295,0,-2.29631974716628,-0.012427752857128
1424,250328.89634517,3688324.13576456,0,-2.29694644696743,-0.000106331619932
1425,250328.829959412,3688324.06097638,0,-2.29634102180405,0.012214840364123
1426,250328.763665085,3688323.9861072,0,-2.29450347114764,0.024536226213615
1427,250328.6975488,3688323.91108118,0,-2.2917754045665,0.027240745403906
1428,250328.631636814,3688323.83587579,0,-2.28911205307075,0.026026296509512
1429,250328.565920777,3688323.7604991,0,-2.28657014188683,0.024811948564086
1430,250328.500391928,3688323.68495955,0,-2.28414965829008,0.023597752288115
1431,250328.435041506,3688323.60926556,0,-2.28185058503731,0.022383747421302
1432,250328.36986075,3688323.53342557,0,-2.27967290143783,0.021169963264287
1433,250328.3048409,3688323.457448,0,-2.27761658437026,0.019956419221047
1434,250328.239972516,3688323.3813418,0,-2.27571981544323,0.017604287424306
1435,250328.175238395,3688323.3051219,0,-2.27410491843959,0.014693629164849
1436,250328.11061638,3688323.22880701,0,-2.27278109275858,0.011782875211132
1437,250328.046084236,3688323.15241591,0,-2.27174834428317,0.008872093684817
1438,250327.981619727,3688323.0759674,0,-2.27100667364321,0.005961322758937
1439,250327.917200619,3688322.99948026,0,-2.27055607884047,0.003050578055455
1440,250327.852804652,3688322.92297328,0,-2.27039971022367,-9.39641006972937E-05
1441,250327.788407443,3688322.84646715,0,-2.27059799125944,-0.003871658761889
1442,250327.723980683,3688322.76998604,0,-2.27117404333238,-0.00764939356062
1443,250327.659495645,3688322.69355449,0,-2.27212787271414,-0.011427209544922
1444,250327.594923603,3688322.61719701,0,-2.27345948827854,-0.015205115013638
1445,250327.530235828,3688322.54093816,0,-2.27516889741775,-0.018983069338546
1446,250327.465403592,3688322.46480245,0,-2.27725610034062,-0.0227609667852
1447,250327.400403861,3688322.3888096,0,-2.27946309169091,-0.020596939317328
1448,250327.335247522,3688322.31295049,0,-2.28136956401605,-0.017532516703098
1449,250327.269957976,3688322.23720538,0,-2.28296959807521,-0.014468183752831
1450,250327.204558645,3688322.1615545,0,-2.28426320498127,-0.011403975883906
1451,250327.139072951,3688322.0859781,0,-2.28525039727914,-0.008339887758967
1452,250327.073524316,3688322.01045642,0,-2.28593097369977,-0.00524399950873
1453,250327.007936515,3688321.93496921,0,-2.28629016400663,-0.001939799004663
1454,250326.942334271,3688321.85949495,0,-2.28631893231813,0.001364437188518
1455,250326.876742468,3688321.78401191,0,-2.28601727597658,0.004668691003104
1456,250326.811185988,3688321.70849835,0,-2.28538519426437,0.007972939901904
1457,250326.745689715,3688321.63293251,0,-2.28442268939201,0.011277146055834
1458,250326.680278531,3688321.55729267,0,-2.28312976856841,0.014581245522741
1459,250326.61497732,3688321.48155707,0,-2.28150644715307,0.017885137430136
1460,250326.549794878,3688321.40571803,0,-2.28022806159685,0.006947551557933
1461,250326.48466486,3688321.32983339,0,-2.28011892649665,-0.004764845461555
1462,250326.419498998,3688321.25398016,0,-2.28118104035279,-0.016477525854805
1463,250326.354209023,3688321.17823532,0,-2.28341445531069,-0.028190892935568
1464,250326.288706665,3688321.10267586,0,-2.28681923395698,-0.039904671846952
1465,250326.222903666,3688321.02737877,0,-2.29138829539386,-0.049535790907366
1466,250326.156758653,3688320.95238015,0,-2.2953934654243,-0.03056780166037
1467,250326.090383391,3688320.87758261,0,-2.29750191503753,-0.011601481794019
1468,250326.023920864,3688320.80286152,0,-2.29771379619595,0.007363847410214
1469,250325.957514056,3688320.72809227,0,-2.2960291133424,0.026330116527613
1470,250325.89130595,3688320.65315025,0,-2.29244770053403,0.045298461619121
1471,250325.825439473,3688320.57791088,0,-2.28698730725836,0.06146620619604
1472,250325.760018534,3688320.50228411,0,-2.28098782861048,0.058523162580595
1473,250325.695040126,3688320.42627439,0,-2.27528270009046,0.055579353449117
1474,250325.630483098,3688320.34990223,0,-2.26987195580472,0.052635602973882
1475,250325.566326294,3688320.27318816,0,-2.26475555473691,0.049692590694248
1476,250325.502548562,3688320.19615269,0,-2.25993339483138,0.046750859140628
1477,250325.439128615,3688320.11881643,0,-2.25543743627717,0.039823684252909
1478,250325.375996098,3688320.04124095,0,-2.25283961213013,0.012133672085896
1479,250325.312958435,3688319.96358976,0,-2.25301066490468,-0.015555324447657
1480,250325.24980434,3688319.88604198,0,-2.25595094882582,-0.043252356110305
1481,250325.186322528,3688319.80877674,0,-2.26166159758205,-0.07096289966709
1482,250325.122301712,3688319.73197317,0,-2.2701438480239,-0.098682475908443
1483,250325.057530708,3688319.6558103,0,-2.28136071584089,-0.119488572514144
1484,250324.991908727,3688319.58037309,0,-2.29147621322788,-0.082821226250639
1485,250324.925656141,3688319.50547282,0,-2.29792538708135,-0.046165546176656
1486,250324.859051397,3688319.4308713,0,-2.30070995468462,-0.009528213172254
1487,250324.792372944,3688319.3563303,0,-2.29983124840028,0.027102686901373
1488,250324.72589923,3688319.28161163,0,-2.29528909476638,0.063742899642272
1489,250324.659908702,3688319.20647707,0,-2.28708367677706,0.099047851485049
1490,250324.594598135,3688319.13075831,0,-2.2783642575105,0.075337694511771
1491,250324.529858804,3688319.05454842,0,-2.27201639179304,0.051619496451206
1492,250324.465510561,3688318.9780016,0,-2.26804026077802,0.027903931264567
1493,250324.401373261,3688318.90127204,0,-2.26643544710331,0.00419296231027
1494,250324.337266757,3688318.82451394,0,-2.26720160577578,-0.019516153979993
1495,250324.273010902,3688318.74788149,0,-2.27033873480551,-0.04322686775796
1496,250324.208464029,3688318.67149617,0,-2.27418317760769,-0.030400550780681
1497,250324.143685891,3688318.59530811,0,-2.27640284325322,-0.013992730668667
1498,250324.078801929,3688318.51921161,0,-2.2769817147293,0.002415397480079
1499,250324.013937618,3688318.44310094,0,-2.2759197295596,0.01882454505917
1500,250323.949218433,3688318.36687033,0,-2.27321675283397,0.035235228454273
1501,250323.884769849,3688318.29041406,0,-2.2688726629907,0.051646443288484
1502,250323.820716807,3688318.21362683,0,-2.26298302964551,0.059366918737622
1503,250323.757094818,3688318.13647842,0,-2.25820260251907,0.036242093232933
1504,250323.693750577,3688318.05909717,0,-2.25573448481816,0.013120859383252
1505,250323.630506813,3688317.98163151,0,-2.2555783569595,-0.009998234088326
1506,250323.567186253,3688317.90422988,0,-2.25773418057191,-0.033118742217478
1507,250323.503611628,3688317.82704074,0,-2.26220222352435,-0.056242616937699
1508,250323.439606886,3688317.75021151,0,-2.26882938892781,-0.06949774492434
1509,250323.375082821,3688317.67381756,0,-2.2753471874152,-0.060857960676583
1510,250323.310093234,3688317.59781559,0,-2.2810009791112,-0.052218072433003
1511,250323.24470527,3688317.52215125,0,-2.2857908708652,-0.043580214111266
1512,250323.17898607,3688317.44677018,0,-2.28971712283383,-0.034945350302408
1513,250323.113002778,3688317.371618,0,-2.29278004126369,-0.026313470606399
1514,250323.046822544,3688317.29664033,0,-2.29497740279104,-0.017509362644741
1515,250322.980513154,3688317.22178038,0,-2.29626629228132,-0.008268283077213
1516,250322.914143516,3688317.14697711,0,-2.29663103458299,0.000973548255359
1517,250322.847782653,3688317.07216906,0,-2.2960715620349,0.010215996615949
1518,250322.781499587,3688316.99729477,0,-2.29458781972532,0.019458902282476
1519,250322.715363342,3688316.92229277,0,-2.29217977983333,0.028701843676148
1520,250322.649442054,3688316.84710238,0,-2.28895004145135,0.032003746796052
1521,250322.583755082,3688316.77170601,0,-2.28614770379675,0.024043009453571
1522,250322.518248551,3688316.69615075,0,-2.28414143023768,0.01608253656249
1523,250322.452862559,3688316.62048901,0,-2.28293117968744,0.008122557385421
1524,250322.387537201,3688316.5447732,0,-2.28251690468045,0.000162995467467
1525,250322.322212574,3688316.46905574,0,-2.28289857437593,-0.007796380012504
1526,250322.256828775,3688316.39338906,0,-2.28407618242974,-0.015755802956748
1527,250322.191331039,3688316.3178211,0,-2.28570715341626,-0.012210827860894
1528,250322.125742852,3688316.24233197,0,-2.28636036974897,-0.000853488840605
1529,250322.060148646,3688316.16684892,0,-2.28587784423444,0.01050405977944
1530,250321.994634462,3688316.09129782,0,-2.28425954235073,0.021862058120434
1531,250321.929286339,3688316.01560453,0,-2.28150542222544,0.03322033980431
1532,250321.864190319,3688315.9396949,0,-2.2776154972664,0.044577892339711
1533,250321.799429359,3688315.86349745,0,-2.27287702418942,0.04243241244657
1534,250321.734982722,3688315.7870301,0,-2.26965316923249,0.02204521918374
1535,250321.670703621,3688315.71041944,0,-2.2684678952002,0.001660488900673
1536,250321.606437667,3688315.63379861,0,-2.26932108040186,-0.018724516773434
1537,250321.542030467,3688315.55730076,0,-2.2722129085122,-0.039112743382156
1538,250321.47732763,3688315.48105903,0,-2.27714376224597,-0.059504802409816
1539,250321.412174997,3688315.40520637,0,-2.28405922745602,-0.0734247652808
1540,250321.346494653,3688315.32980984,0,-2.29050457924743,-0.055481748084082
1541,250321.28039442,3688315.25477592,0,-2.29515558441922,-0.037538772633555
1542,250321.214009873,3688315.17998717,0,-2.2980124484157,-0.01959911559812
1543,250321.147476583,3688315.1053261,0,-2.29907550864108,-0.00166242859302
1544,250321.080930124,3688315.03067524,0,-2.29834495865187,0.016273528222586
1545,250321.014506068,3688314.95591711,0,-2.29582074559021,0.034211154887891
1546,250320.948336011,3688314.88093771,0,-2.29181565879895,0.039740653016063
1547,250320.882461977,3688314.80570068,0,-2.28817475374073,0.033077208350217
1548,250320.816837445,3688314.7302465,0,-2.2852002482091,0.0264128165944
1549,250320.751412126,3688314.65461889,0,-2.2828921975795,0.019748198377922
1550,250320.686135729,3688314.57886157,0,-2.28125060349922,0.013083722418628
1551,250320.620957965,3688314.50301828,0,-2.28027544464106,0.006419494289965
1552,250320.555828545,3688314.42713276,0,-2.27996669857692,-0.000244554760142
1553,250320.490698088,3688314.35124794,0,-2.28027678370744,-0.005647906929221
1554,250320.425525007,3688314.27540012,0,-2.28109125788969,-0.010641604742
1555,250320.360271677,3688314.19962219,0,-2.2824051113975,-0.015635502151066
1556,250320.294900505,3688314.12394703,0,-2.28421836529007,-0.020629604765692
1557,250320.229373894,3688314.04840751,0,-2.28653103564985,-0.025623801211204
1558,250320.163654253,3688313.9730365,0,-2.28934312001513,-0.03061782575052
1559,250320.097703985,3688313.89786688,0,-2.29265455851477,-0.035524033215006
1560,250320.031507972,3688313.82291191,0,-2.29557520574506,-0.022889046818301
1561,250319.965139666,3688313.74810765,0,-2.29723239947497,-0.01025497178146
1562,250319.898694336,3688313.67337109,0,-2.29762621817057,0.002378577544475
1563,250319.832267252,3688313.59861925,0,-2.29675667214123,0.015012477821763
1564,250319.765953684,3688313.52376915,0,-2.29462368468176,0.027647491873604
1565,250319.699848901,3688313.44873781,0,-2.29122713370317,0.040283663683948
1566,250319.634047983,3688313.37344239,0,-2.28660549113672,0.048980603240402
1567,250319.568603535,3688313.2978371,0,-2.28208229820291,0.041483046214721
1568,250319.503472234,3688313.22195975,0,-2.27830889894049,0.033984954467888
1569,250319.438597597,3688313.14585964,0,-2.27528529045366,0.026487349283775
1570,250319.373923139,3688313.06958606,0,-2.27301139743265,0.018990678745114
1571,250319.309392376,3688312.99318828,0,-2.27148712314537,0.011494944316173
1572,250319.244948825,3688312.91671561,0,-2.27071238777066,0.003999827394844
1573,250319.180536002,3688312.84021733,0,-2.27068715408356,-0.003495184287888
1574,250319.116100944,3688312.7637396,0,-2.27123050721906,-0.006353882717895
1575,250319.051618426,3688312.68730399,0,-2.27194361176226,-0.00790821068868
1576,250318.98707635,3688312.61092043,0,-2.27281214934073,-0.009462537986653
1577,250318.922462695,3688312.53459876,0,-2.27383611815501,-0.011016828918606
1578,250318.857765442,3688312.45834886,0,-2.27501551250275,-0.012571040933205
1579,250318.792972572,3688312.38218056,0,-2.27635032203675,-0.014125123497492
1580,250318.728072067,3688312.30610372,0,-2.27783940779342,-0.015427915203407
1581,250318.663056584,3688312.23012437,0,-2.2793195394564,-0.014174733150621
1582,250318.597933102,3688312.15423684,0,-2.28067435758307,-0.012921645661116
1583,250318.532711337,3688312.07843319,0,-2.28190387187663,-0.011668656608795
1584,250318.467401003,3688312.00270552,0,-2.28300809211846,-0.010415763782244
1585,250318.402011814,3688311.92704589,0,-2.28398702758921,-0.009162959476218
1586,250318.336555797,3688311.85144432,0,-2.28474079861966,-0.005769571901263
1587,250318.271056293,3688311.77588066,0,-2.28514043009265,-0.002223054247075
1588,250318.205540092,3688311.70033168,0,-2.28518540890146,0.00132348071497
1589,250318.140033986,3688311.62477415,0,-2.28487573344262,0.00487003072164
1590,250318.074564768,3688311.54918481,0,-2.28421140247714,0.008416588515624
1591,250318.009159227,3688311.47354044,0,-2.2831924162991,0.011963128462911
1592,250317.94384413,3688311.39781782,0,-2.28182491322126,0.014841049046522
1593,250317.878638797,3688311.32200029,0,-2.28034564876049,0.014744250519086
1594,250317.813545162,3688311.24608652,0,-2.27887606103275,0.014647514530967
1595,250317.748562676,3688311.17007735,0,-2.27741614374129,0.01455084193159
1596,250317.683690791,3688311.09397363,0,-2.27596589050649,0.014454233529116
1597,250317.618928959,3688311.0177762,0,-2.27452529486995,0.0143576900908
1598,250317.554276632,3688310.9414859,0,-2.27309435029859,0.014261212343352
1599,250317.489733261,3688310.86510359,0,-2.27167305018866,0.0141648009733
1600,250317.425297915,3688310.78863043,0,-2.27029263337945,0.012762665421869
1601,250317.360959844,3688310.71207565,0,-2.26915761116827,0.009937772341791
1602,250317.29669792,3688310.63545701,0,-2.26830507960182,0.007112857746892
1603,250317.232490517,3688310.55879269,0,-2.2677350396284,0.004287942299171
1604,250317.168316009,3688310.48210086,0,-2.26744749103789,0.001463029632175
1605,250317.104152769,3688310.40539971,0,-2.26744288983399,-0.001461973018707
1606,250317.039977337,3688310.3287089,0,-2.26778525154657,-0.005385262456306
1607,250316.97576066,3688310.25205273,0,-2.26851994221491,-0.009308547754782
1608,250316.911472625,3688310.17545632,0,-2.26964695960631,-0.013231786884195
1609,250316.847083117,3688310.09894484,0,-2.27116629528694,-0.017154894833106
1610,250316.782562024,3688310.02254342,0,-2.27307792941821,-0.021077725500863
1611,250316.71788071,3688309.94627599,0,-2.27524210299388,-0.018250563468439
1612,250316.653063623,3688309.87012217,0,-2.27644816726705,-0.005870846560261
1613,250316.588201662,3688309.79400623,0,-2.27641628306258,0.006508556643947
1614,250316.523389929,3688309.71784887,0,-2.27514643493008,0.018888580122938
1615,250316.458723524,3688309.64157083,0,-2.27263852423667,0.031269858694094
1616,250316.394297547,3688309.56509285,0,-2.26889242754606,0.043652158679657
1617,250316.330207099,3688309.48833564,0,-2.26390811195256,0.056033808185485
1618,250316.266521102,3688309.41124174,0,-2.25886314832214,0.04128045889789
1619,250316.203152212,3688309.33388373,0,-2.25567926851595,0.022397494013273
1620,250316.139955344,3688309.25638227,0,-2.25438358048218,0.003516520404601
1621,250316.076785321,3688309.17885808,0,-2.25497594582952,-0.015363907569081
1622,250316.013496967,3688309.10143189,0,-2.25745640635449,-0.03424561153499
1623,250315.949945638,3688309.024224,0,-2.26174125094566,-0.046375783185954
1624,250315.886052347,3688308.9473001,0,-2.26596361189344,-0.038071183244845
1625,250315.821866182,3688308.87061944,0,-2.26935546257623,-0.029765806495833
1626,250315.757451025,3688308.79412894,0,-2.27191678162607,-0.021460662217867
1627,250315.692870759,3688308.71777556,0,-2.27364761637291,-0.01315614373217
1628,250315.628189266,3688308.64150623,0,-2.27454802984402,-0.004852200321155
1629,250315.563470382,3688308.56526792,0,-2.27462132905061,0.003337219293184
1630,250315.498777171,3688308.48900833,0,-2.27388241797672,0.011441069226786
1631,250315.434172058,3688308.41267573,0,-2.27233309604422,0.019545486479084
1632,250315.369717446,3688308.3362184,0,-2.26997329607189,0.027650629164146
1633,250315.305475739,3688308.25958463,0,-2.2668029529924,0.035756270252168
1634,250315.241509343,3688308.18272271,0,-2.26282205035895,0.043861637723526
1635,250315.177868984,3688308.1055906,0,-2.258637534364,0.035768608233447
1636,250315.114503541,3688308.02823056,0,-2.2557362274211,0.022257661934749
1637,250315.051309357,3688307.95072834,0,-2.25418596879259,0.008747670543332
1638,250314.988182334,3688307.87317006,0,-2.25398667102151,-0.0047616680828
1639,250314.925018379,3688307.79564184,0,-2.25513830697517,-0.018271134999739
1640,250314.86171382,3688307.71822944,0,-2.25758073802673,-0.027398449698874
1641,250314.798205754,3688307.64098495,0,-2.2601981495423,-0.024949719578867
1642,250314.734505296,3688307.56389931,0,-2.26257067276823,-0.022500712734958
1643,250314.670631388,3688307.486957,0,-2.26469828795489,-0.020051580509559
1644,250314.60660297,3688307.41014249,0,-2.26658098842623,-0.01760243376401
1645,250314.542438985,3688307.33344027,0,-2.26821877675151,-0.01515334727714
1646,250314.478158373,3688307.2568348,0,-2.26961166135734,-0.012704364151806
1647,250314.413780057,3688307.18031058,0,-2.27076352790798,-0.010629467335591
1648,250314.349319053,3688307.10385553,0,-2.27179428026573,-0.009985611210645
1649,250314.284781847,3688307.02746501,0,-2.27276065612572,-0.009341934312982
1650,250314.220173795,3688306.95113539,0,-2.2736626724703,-0.008698417636149
1651,250314.155500254,3688306.87486304,0,-2.27450034432286,-0.008055041020907
1652,250314.090766578,3688306.79864432,0,-2.27527368463653,-0.0074117832341
1653,250314.025978124,3688306.72247559,0,-2.2759827041907,-0.006768622047164
1654,250313.961140655,3688306.64635279,0,-2.27659307755539,-0.004795287851629
1655,250313.8962686,3688306.57026258,0,-2.27691159137377,-0.001574932078217
1656,250313.831384697,3688306.49418274,0,-2.27690805982314,0.001645548294346
1657,250313.766512018,3688306.41809071,0,-2.27658249178207,0.004865726484702
1658,250313.701673636,3688306.34196391,0,-2.27593493897542,0.008085170702734
1659,250313.636892623,3688306.26577978,0,-2.2749654969686,0.011303434284833
1660,250313.57219205,3688306.18951573,0,-2.27367430714703,0.014520045859549
1661,250313.507594961,3688306.11314922,0,-2.27207374979482,0.015320357635678
1662,250313.443085545,3688306.0366939,0,-2.27157612177895,-0.005366729777271
1663,250313.378532877,3688305.96027057,0,-2.27314707355685,-0.026053128336171
1664,250313.313784816,3688305.8840198,0,-2.27678707853843,-0.046749348476717
1665,250313.24868922,3688305.80808216,0,-2.28249751638918,-0.06746256278168
1666,250313.183093947,3688305.73259823,0,-2.2902802062578,-0.088193942444675
1667,250313.116846854,3688305.65770857,0,-2.30013667249742,-0.108935971181297
1668,250313.049795801,3688305.58355376,0,-2.31206714114502,-0.129669750972634
1669,250312.981798016,3688305.51026573,0,-2.32527602203062,-0.117450751184451
1670,250312.912945626,3688305.43775995,0,-2.33464119083749,-0.069857406983346
1671,250312.843576946,3688305.36572505,0,-2.33924866859001,-0.022297436944177
1672,250312.77404192,3688305.29383892,0,-2.33910131626733,0.025243894980814
1673,250312.704690493,3688305.22177945,0,-2.33419949699285,0.072796434756689
1674,250312.635872608,3688305.14922456,0,-2.3245411765694,0.120372910217221
1675,250312.567861,3688305.07592336,0,-2.31348649739812,0.096245464772516
1676,250312.500555879,3688305.00196868,0,-2.30530735514914,0.067337472381228
1677,250312.433745252,3688304.92755687,0,-2.30001876312012,0.038436111350164
1678,250312.3672171,3688304.85288429,0,-2.29761980793051,0.009544177981562
1679,250312.300759407,3688304.77814729,0,-2.29810983829161,-0.019345158015656
1680,250312.234160155,3688304.70354226,0,-2.30148906563913,-0.048241115859681
1681,250312.167207327,3688304.62926553,0,-2.30775844153141,-0.07714807288724
1682,250312.09969507,3688304.55550778,0,-2.31640273807466,-0.084933462130288
1683,250312.03156717,3688304.48232092,0,-2.32417934936083,-0.070597354858058
1684,250311.962921575,3688304.40961396,0,-2.33052207570084,-0.056257102128392
1685,250311.893863298,3688304.33728937,0,-2.33543083607588,-0.041918722373757
1686,250311.824497354,3688304.2652496,0,-2.33890597040733,-0.027584763423752
1687,250311.754928756,3688304.19339712,0,-2.34094793678449,-0.01325518857417
1688,250311.685262518,3688304.12163439,0,-2.34155709731475,0.001071737671226
1689,250311.615603655,3688304.04986386,0,-2.34073359243233,0.015398566251383
1690,250311.546050642,3688303.97799414,0,-2.33874635434683,0.024344373136926
1691,250311.47667578,3688303.9059584,0,-2.33586464027588,0.033290323024095
1692,250311.407544813,3688303.83369598,0,-2.33208820833299,0.042238688538514
1693,250311.338723486,3688303.76114621,0,-2.32741684396695,0.05118877825485
1694,250311.270277547,3688303.68824841,0,-2.32185045072237,0.060138885748359
1695,250311.202272739,3688303.61494193,0,-2.31538979531773,0.068480499758392
1696,250311.134737059,3688303.54120095,0,-2.30954334434985,0.048448412111168
1697,250311.067556679,3688303.46713059,0,-2.30570004595716,0.028418138192665
1698,250311.000584467,3688303.39286673,0,-2.30385959692854,0.008391343780968
1699,250310.933673294,3688303.31854525,0,-2.30402171856014,-0.011633725036346
1700,250310.866676029,3688303.24430203,0,-2.30618637807391,-0.031659831352431
1701,250310.799445543,3688303.17027294,0,-2.31035309600615,-0.051033295494556
1702,250310.731876212,3688303.09655558,0,-2.31486413829367,-0.039187130793531
1703,250310.664018507,3688303.02310354,0,-2.31819048065829,-0.027339665904725
1704,250310.595959593,3688302.94983661,0,-2.32033207873735,-0.015492380522659
1705,250310.527786634,3688302.87667454,0,-2.32128897442093,-0.003645603140608
1706,250310.459586793,3688302.8035371,0,-2.32106120567542,0.008200990058677
1707,250310.391447234,3688302.73034405,0,-2.31964876625503,0.020047876374044
1708,250310.323436059,3688302.65703271,0,-2.31786208482239,0.014993357650682
1709,250310.255535145,3688302.58361977,0,-2.31665158046545,0.009216709268708
1710,250310.187701999,3688302.51014436,0,-2.31601874511519,0.003439993414953
1711,250310.119894127,3688302.43664562,0,-2.31596358199806,-0.002336730054876
1712,250310.052069035,3688302.36316267,0,-2.31648609055877,-0.008113435723045
1713,250309.984184228,3688302.28973464,0,-2.31758626701251,-0.013890074779003
1714,250309.916198916,3688302.21639911,0,-2.3191141237843,-0.013188118424343
1715,250309.848119253,3688302.14315048,0,-2.32002214905683,-0.004972421024847
1716,250309.780003097,3688302.06993563,0,-2.320108611377,0.003243178098784
1717,250309.711910964,3688301.99669898,0,-2.31937350848336,0.011458923645345
1718,250309.64390337,3688301.92338498,0,-2.3178168155415,0.019674994650257
1719,250309.576040832,3688301.84993804,0,-2.31543850002873,0.02789133811035
1720,250309.508382803,3688301.77630359,0,-2.31234644742583,0.030732755083368
1721,250309.440947742,3688301.70246465,0,-2.30953174337805,0.025561282122341
1722,250309.373701069,3688301.62845294,0,-2.30723419321879,0.020389735802
1723,250309.306604675,3688301.55430343,0,-2.30545378994803,0.015218372116982
1724,250309.239620455,3688301.48005106,0,-2.30419050949191,0.010047283467219
1725,250309.172710303,3688301.4057308,0,-2.30344432498672,0.004876440167504
1726,250309.105835971,3688301.33137773,0,-2.30322953694044,-0.001008241876931
1727,250309.038953752,3688301.25703192,0,-2.30367789156638,-0.007958879742629
1728,250308.97201287,3688301.1827399,0,-2.30482132240962,-0.014909799383372
1729,250308.904962077,3688301.10854864,0,-2.30665986516977,-0.021861123621975
1730,250308.837750127,3688301.0345051,0,-2.30919355786309,-0.028812759168754
1731,250308.770325772,3688300.96065624,0,-2.31242241417078,-0.03576429580944
1732,250308.702639382,3688300.88704754,0,-2.31618226055093,-0.03452475657536
1733,250308.634703877,3688300.81366717,0,-2.31896049217442,-0.021039988714476
1734,250308.566613264,3688300.74042896,0,-2.32039028592466,-0.007556011523051
1735,250308.498466952,3688300.66724181,0,-2.32047170914309,0.005927539482405
1736,250308.430364351,3688300.59401463,0,-2.31920476598888,0.019411440891497
1737,250308.36240487,3688300.5206563,0,-2.31658939299804,0.032896146009659
1738,250308.294686882,3688300.44707667,0,-2.31274992399351,0.039047946589174
1739,250308.227249117,3688300.37324025,0,-2.30925163359989,0.030917767615291
1740,250308.160039316,3688300.29919499,0,-2.30656637385993,0.022787466519652
1741,250308.09299756,3688300.2249958,0,-2.30469412649732,0.014657564321004
1742,250308.026063931,3688300.15069765,0,-2.30363484507135,0.006528130167541
1743,250307.959178509,3688300.07635548,0,-2.3033884921004,-0.00160105739693
1744,250307.892281376,3688300.00202422,0,-2.30395393105567,-0.009271266172627
1745,250307.82532584,3688299.92774668,0,-2.30482084101176,-0.008066917127424
1746,250307.758310866,3688299.85352367,0,-2.30556731172176,-0.006862485183422
1747,250307.691245265,3688299.77934701,0,-2.30619333601972,-0.005657992278062
1748,250307.624137851,3688299.70520845,0,-2.30669890877982,-0.004453457364031
1749,250307.556997435,3688299.6310998,0,-2.30708402664409,-0.003248896932467
1750,250307.489832829,3688299.55701285,0,-2.30734868780241,-0.002044325536556
1751,250307.422653276,3688299.48293899,0,-2.30746510981887,6.4856031298511E-05
1752,250307.355474124,3688299.4088644,0,-2.30732475847703,0.002742170091952
1753,250307.288315247,3688299.33477135,0,-2.30691667538736,0.005419496349581
1754,250307.221196623,3688299.26064201,0,-2.30624085784879,0.008096862968707
1755,250307.154138234,3688299.18645855,0,-2.30529730087853,0.010774286460175
1756,250307.087160059,3688299.11220317,0,-2.3040859986653,0.013451765922957
1757,250307.020281973,3688299.03785813,0,-2.30263039439744,0.01351339794327
1758,250306.953494556,3688298.96343192,0,-2.30187476232866,0.001599230600845
1759,250306.886719091,3688298.88899508,0,-2.30231054932875,-0.01031497055615
1760,250306.819866847,3688298.81462713,0,-2.30393775351404,-0.022229069295819
1761,250306.752849092,3688298.74040757,0,-2.30675634164334,-0.034142490149218
1762,250306.685577094,3688298.66641589,0,-2.31076617983362,-0.04605371126392
1763,250306.617962119,3688298.59273162,0,-2.31596691359584,-0.057959758137012
1764,250306.549936377,3688298.5194156,0,-2.32122807013903,-0.039502247990081
1765,250306.481617822,3688298.44636322,0,-2.32373443772581,-0.010626502526741
1766,250306.413221557,3688298.37338336,0,-2.3233534531419,0.018246856545263
1767,250306.34496353,3688298.30028412,0,-2.32008472846265,0.047130202440558
1768,250306.277059691,3688298.22687362,0,-2.31392680613136,0.07603135094862
1769,250306.20972599,3688298.15295995,0,-2.30487797635958,0.104946321286256
1770,250306.143178375,3688298.07835123,0,-2.29293782007888,0.133852068309401
1771,250306.077561398,3688298.00291879,0,-2.2810939002404,0.100444849792349
1772,250306.012696196,3688297.92682027,0,-2.27285416051551,0.064353473040288
1773,250305.948312375,3688297.85029438,0,-2.26822237724989,0.028286110370759
1774,250305.884139541,3688297.77357981,0,-2.267196380161,-0.007764870995166
1775,250305.819907295,3688297.69691526,0,-2.2697754305923,-0.043818125817115
1776,250305.75534524,3688297.62053942,0,-2.27596062099898,-0.079889281572727
1777,250305.690182979,3688297.544691,0,-2.28575386958517,-0.115976877565533
1778,250305.624223324,3688297.46954406,0,-2.29615945056171,-0.090776641953732
1779,250305.557581998,3688297.39499646,0,-2.30390729042897,-0.064180089142916
1780,250305.490458306,3688297.32087225,0,-2.30899565577762,-0.037588703946639
1781,250305.423051555,3688297.2469955,0,-2.31142533034234,-0.011006026869541
1782,250305.355561054,3688297.17319027,0,-2.31119700636494,0.015572371464395
1783,250305.28818611,3688297.09928063,0,-2.30831076966479,0.042153251366042
1784,250305.22112603,3688297.02509063,0,-2.30276614810544,0.068740073000506
1785,250305.154524944,3688296.95049325,0,-2.29685849249005,0.047671118437188
1786,250305.08828068,3688296.87557974,0,-2.2932353054232,0.024792597385334
1787,250305.022222376,3688296.80050226,0,-2.29189995957515,0.001914349698485
1788,250304.956179161,3688296.72541294,0,-2.29285245784102,-0.020964578739742
1789,250304.889980168,3688296.65046394,0,-2.29609294350007,-0.043845442745876
1790,250304.823456046,3688296.57580606,0,-2.30142662484149,-0.054279231517836
1791,250304.756543246,3688296.50149559,0,-2.30601146270911,-0.037417428282116
1792,250304.689351292,3688296.42743429,0,-2.30891013833425,-0.020556353748548
1793,250304.622005711,3688296.35350959,0,-2.31012278871123,-0.003696878357472
1794,250304.554632029,3688296.27960894,0,-2.30964953824132,0.013161880468316
1795,250304.487355774,3688296.20561979,0,-2.30749039533255,0.030021120436948
1796,250304.420297376,3688296.13143419,0,-2.303987349929,0.035528110326944
1797,250304.353501771,3688296.05701243,0,-2.30053354905035,0.033547896094274
1798,250304.286956178,3688295.98236697,0,-2.29727776988054,0.031567705433972
1799,250304.220646353,3688295.90751158,0,-2.29422000192355,0.029587694735636
1800,250304.154558052,3688295.83246005,0,-2.29136022092126,0.027607983241703
1801,250304.088677031,3688295.75722614,0,-2.28869839245114,0.025628655387729
1802,250304.022989046,3688295.68182365,0,-2.28623447528976,0.023649763148627
1803,250303.957477647,3688295.60626819,0,-2.28410162479745,0.017562876593296
1804,250303.892098968,3688295.53059841,0,-2.28276106036234,0.009248401418562
1805,250303.826790573,3688295.45486851,0,-2.28225194645147,0.000933861718285
1806,250303.761489674,3688295.379133,0,-2.28257429316911,-0.007380833140454
1807,250303.696133484,3688295.3034464,0,-2.28372812208849,-0.015695793164268
1808,250303.630659215,3688295.2278632,0,-2.2857134595667,-0.024010975277873
1809,250303.565004653,3688295.15243743,0,-2.28846198454399,-0.028225708937459
1810,250303.499141971,3688295.0771932,0,-2.29108515252618,-0.024237611075127
1811,250303.433096649,3688295.0021083,0,-2.29330950335867,-0.020249407347264
1812,250303.366898752,3688294.92715654,0,-2.2951350370436,-0.016261291837568
1813,250303.300578348,3688294.85231172,0,-2.2965617680016,-0.012273362004207
1814,250303.234165502,3688294.77754764,0,-2.29758971636106,-0.008285637717737
1815,250303.167690282,3688294.70283811,0,-2.29821890115133,-0.004298080299396
1816,250303.101182754,3688294.62815693,0,-2.29844933539939,-0.000310611551446
1817,250303.034673243,3688294.55347767,0,-2.29826054328644,0.004480240192167
1818,250302.968197781,3688294.47876881,0,-2.29753435452646,0.010043567551416
1819,250302.901797956,3688294.40399386,0,-2.29625182209871,0.015607122125732
1820,250302.835515591,3688294.32911614,0,-2.29441292252078,0.021170899284988
1821,250302.769392506,3688294.25409895,0,-2.29201763958919,0.026734749466198
1822,250302.703470521,3688294.17890561,0,-2.2890659814568,0.032298326494343
1823,250302.637782671,3688294.10350717,0,-2.28596708004053,0.028343213883088
1824,250302.572308174,3688294.02792222,0,-2.28340824731852,0.022833498982358
1825,250302.507005884,3688293.95218733,0,-2.28140036628337,0.017324195971511
1826,250302.441834616,3688293.8763391,0,-2.27994339421272,0.01181530504849
1827,250302.376753185,3688293.80041412,0,-2.27903729666865,0.006306668691101
1828,250302.311720658,3688293.72444876,0,-2.27864440502178,0.003599980676107
1829,250302.246721658,3688293.64845678,0,-2.278038607381,0.00851597912219
1830,250302.18178795,3688293.57241011,0,-2.27694121225877,0.013431883667344
1831,250302.116956385,3688293.49627622,0,-2.27535224424357,0.018347377087247
1832,250302.052263813,3688293.42002257,0,-2.27327176421593,0.023262044840875
1833,250301.987747084,3688293.34361661,0,-2.27069988085612,0.028175339565457
1834,250301.923443048,3688293.2670258,0,-2.26763676569645,0.033086545701872
1835,250301.859385296,3688293.19022044,0,-2.26438290431697,0.024125938951887
1836,250301.79550223,3688293.11326299,0,-2.26332640471539,-0.00299528777751
1837,250301.731596933,3688293.03632566,0,-2.26498201699195,-0.030118146118076
1838,250301.667465159,3688292.95958709,0,-2.26935041768881,-0.057252295608873
1839,250301.602902664,3688292.88322592,0,-2.27643296706559,-0.084400752015909
1840,250301.537705203,3688292.80742077,0,-2.28623074455525,-0.111553879903449
1841,250301.471676928,3688292.73234292,0,-2.29802422931995,-0.107847966001675
1842,250301.404849683,3688292.65796409,0,-2.30685744126781,-0.068818189459743
1843,250301.337504013,3688292.58403798,0,-2.31178850649733,-0.029806543625544
1844,250301.269933079,3688292.51030725,0,-2.31281925707056,0.009190342826562
1845,250301.202430041,3688292.43651456,0,-2.30995035964016,0.04818943832912
1846,250301.135288057,3688292.36240259,0,-2.30318084550226,0.0872035179996
1847,250301.068782495,3688292.2877296,0,-2.29367285871144,0.088120139661877
1848,250301.00293344,3688292.21247813,0,-2.28603013673754,0.064733313395998
1849,250300.937569912,3688292.13679853,0,-2.28072619068695,0.041346293385318
1850,250300.872516321,3688292.06084521,0,-2.27776069613315,0.017964505113515
1851,250300.807597077,3688291.98477255,0,-2.27713315724663,-0.005413408769056
1852,250300.74263659,3688291.90873496,0,-2.27884339313889,-0.028791750627281
1853,250300.677476758,3688291.83287154,0,-2.28193695860412,-0.026022742553366
1854,250300.612122221,3688291.75717904,0,-2.28391748505912,-0.013587611857566
1855,250300.54666609,3688291.68157678,0,-2.28465445459682,-0.001151668786842
1856,250300.481202359,3688291.60598334,0,-2.28414779773249,0.011284908584426
1857,250300.415825022,3688291.53031728,0,-2.28239745531055,0.023721995581286
1858,250300.350628074,3688291.45449718,0,-2.27940340201761,0.03615894384306
1859,250300.285689055,3688291.37845578,0,-2.27593296551068,0.030533238392216
1860,250300.220981545,3688291.3022155,0,-2.27332079721245,0.021710191616078
1861,250300.15643864,3688291.22583365,0,-2.27159090872418,0.012887681838813
1862,250300.091993345,3688291.14936764,0,-2.27074324187141,0.004065731230591
1863,250300.027578665,3688291.07287486,0,-2.27077775302447,-0.004755938932922
1864,250299.963127605,3688290.99641272,0,-2.27169443288731,-0.013577702275027
1865,250299.898574955,3688290.92003709,0,-2.27333619016438,-0.015390386815305
1866,250299.833908573,3688290.84375854,0,-2.27453455213514,-0.008576825373568
1867,250299.769177057,3688290.76753579,0,-2.27505155156962,-0.00176314986604
1868,250299.704432329,3688290.69132472,0,-2.27488717967774,0.005050599378243
1869,250299.639726315,3688290.61508121,0,-2.27404142968369,0.011864406586014
1870,250299.575110939,3688290.53876115,0,-2.27251429911549,0.018678185636793
1871,250299.510638124,3688290.46232041,0,-2.27030580158484,0.025491685161561
1872,250299.446351242,3688290.38572213,0,-2.26786060123198,0.020562626020472
1873,250299.382220999,3688290.30899121,0,-2.26623892251717,0.011871032295826
1874,250299.318181434,3688290.23218366,0,-2.26548638100006,0.003179842787534
1875,250299.254166304,3688290.15535576,0,-2.26560295154104,-0.005511276563899
1876,250299.190109364,3688290.07856378,0,-2.2665886476502,-0.014202731874318
1877,250299.125944372,3688290.00186399,0,-2.26844351884723,-0.022894804396314
1878,250299.061605084,3688289.92531266,0,-2.27116762832622,-0.031587453522429
1879,250298.997025256,3688289.84896607,0,-2.27476101091504,-0.040280119679116
1880,250298.93214922,3688289.77287149,0,-2.27871671907751,-0.036622877635666
1881,250298.866994403,3688289.69701418,0,-2.28206145977258,-0.030271921799636
1882,250298.801609116,3688289.62135314,0,-2.28477111037794,-0.023921161967911
1883,250298.736041782,3688289.54584729,0,-2.28684571061104,-0.017570945835533
1884,250298.670340822,3688289.47045555,0,-2.28828531984717,-0.011221331683362
1885,250298.604554657,3688289.39513684,0,-2.28908999202331,-0.004872165276663
1886,250298.538731709,3688289.31985009,0,-2.28925975822904,0.001476843297513
1887,250298.472918697,3688289.24455565,0,-2.28889933990939,0.004535885407888
1888,250298.407140225,3688289.16923242,0,-2.28838670857945,0.005716744119426
1889,250298.341405439,3688289.0938723,0,-2.28775599068943,0.006897614633433
1890,250298.275723167,3688289.01846746,0,-2.28700718569417,0.008078483808975
1891,250298.210102238,3688288.94301004,0,-2.28614029450273,0.009259335619243
1892,250298.144551483,3688288.86749222,0,-2.28515531979173,0.010440150657992
1893,250298.079079729,3688288.79190615,0,-2.28405226636796,0.01162090564636
1894,250298.013695807,3688288.71624398,0,-2.28283114158022,0.012801572940237
1895,250297.948407907,3688288.64049844,0,-2.28154996581057,0.011333957846113
1896,250297.883204213,3688288.56467973,0,-2.28065976383485,0.006470103119681
1897,250297.818049391,3688288.48881862,0,-2.28025594186358,0.001606346554443
1898,250297.752906762,3688288.41294705,0,-2.28033849403407,-0.003257395694169
1899,250297.687739646,3688288.33709697,0,-2.28090742372568,-0.008121218870485
1900,250297.622511871,3688288.26129986,0,-2.28191516900387,-0.010755688621034
1901,250297.557204209,3688288.1855723,0,-2.28297272766235,-0.010395462971856
1902,250297.491817949,3688288.10991278,0,-2.28399425747728,-0.010035113680433
1903,250297.426355608,3688288.03431869,0,-2.28497974665698,-0.009674652132403
1904,250297.360819705,3688287.95878744,0,-2.28592918452894,-0.009314089327279
1905,250297.295212759,3688287.88331643,0,-2.28684256150181,-0.008953435891483
1906,250297.229537288,3688287.80790307,0,-2.28771986902881,-0.008592702091489
1907,250297.163796098,3688287.73254452,0,-2.28851447891271,-0.004385314424735
1908,250297.098029627,3688287.65720621,0,-2.28814154604174,0.011843986145137
1909,250297.03235294,3688287.58179063,0,-2.28614564327308,0.02807440784542
1910,250296.966889897,3688287.50619289,0,-2.28252658320541,0.044307193608972
1911,250296.901764356,3688287.43030806,0,-2.27728415438642,0.060541367547579
1912,250296.837100178,3688287.35403124,0,-2.2704184073979,0.076772450926483
1913,250296.773004788,3688287.2772715,0,-2.26292329674116,0.062506992359301
1914,250296.709383753,3688287.20010966,0,-2.2582007304374,0.031946063297519
1915,250296.646007064,3688287.12274195,0,-2.25653381224132,0.001392991316723
1916,250296.582642199,3688287.04536668,0,-2.25792217439703,-0.029161360410773
1917,250296.519056638,3688286.96818221,0,-2.26236645366262,-0.059726520239337
1918,250296.455017861,3688286.89138686,0,-2.26986790273281,-0.090303850495836
1919,250296.390293348,3688286.81517898,0,-2.28042601696375,-0.119663902467342
1920,250296.324738015,3688286.73968208,0,-2.29065287839247,-0.084872040888568
1921,250296.258537572,3688286.66473669,0,-2.29740065523935,-0.050086054743799
1922,250296.191955947,3688286.59011637,0,-2.30067063776087,-0.015315915627575
1923,250296.125257063,3688286.51559472,0,-2.30046409941697,0.01944657677914
1924,250296.058704847,3688286.44094531,0,-2.29678111114376,0.054215172167706
1925,250295.992563223,3688286.36594174,0,-2.28962061635396,0.088996570942914
1926,250295.927075485,3688286.2903753,0,-2.28024865264315,0.084429188585053
1927,250295.862224138,3688286.21426112,0,-2.27312253865818,0.058092704866328
1928,250295.797812933,3688286.13776779,0,-2.26863001579199,0.031758694529196
1929,250295.733642133,3688286.06106686,0,-2.26677061226434,0.005430088686775
1930,250295.669512003,3688285.98432992,0,-2.26754393912986,-0.020896787018649
1931,250295.605222803,3688285.90772852,0,-2.2709500769238,-0.047226735582161
1932,250295.540582343,3688285.83142777,0,-2.27642911959414,-0.052508261765762
1933,250295.475548238,3688285.75546424,0,-2.28101908107699,-0.039290634503866
1934,250295.410215801,3688285.6797564,0,-2.28428722397718,-0.026072263064668
1935,250295.344685463,3688285.6042183,0,-2.28623355490271,-0.012854482455771
1936,250295.279057656,3688285.52876401,0,-2.28685813985856,0.00036273890147
1937,250295.21343281,3688285.4533076,0,-2.28616100223401,0.013580106277979
1938,250295.147910068,3688285.37776423,0,-2.28428236352872,0.01904886270011
1939,250295.082525148,3688285.30210318,0,-2.2827868659602,0.010860991924168
1940,250295.017222686,3688285.22637144,0,-2.28211017633586,0.002672778108396
1941,250294.951940266,3688285.15062202,0,-2.28225230948917,-0.005515412019178
1942,250294.886615478,3688285.07490791,0,-2.28321324764121,-0.01370326549574
1943,250294.821185908,3688284.99928214,0,-2.28499293754444,-0.0218903584735
1944,250294.755589382,3688284.9237975,0,-2.28754210524144,-0.024947779904472
1945,250294.689820378,3688284.84845885,0,-2.28910895140386,-0.006389576015359
1946,250294.624002729,3688284.77316166,0,-2.28882005432519,0.012167633443949
1947,250294.558278241,3688284.69778614,0,-2.28667534747386,0.030727118265872
1948,250294.492788719,3688284.62221255,0,-2.28267448419105,0.049290891685581
1949,250294.427675969,3688284.54632111,0,-2.27681705925905,0.067857791523272
1950,250294.363081797,3688284.46999206,0,-2.26910302251613,0.086421558596115
1951,250294.299106162,3688284.39314096,0,-2.26140734244545,0.062214972401421
1952,250294.235605863,3688284.31588867,0,-2.25669696945162,0.031993955389233
1953,250294.17235009,3688284.23842998,0,-2.25500829544164,0.001780324140503
1954,250294.109107919,3688284.16095979,0,-2.25634088703867,-0.028432795801952
1955,250294.045648423,3688284.08367301,0,-2.2606950916027,-0.058652766282671
1956,250293.981740676,3688284.00676455,0,-2.26807167234015,-0.088879162301494
1957,250293.917193498,3688283.93039572,0,-2.27657334728515,-0.072978288784663
1958,250293.852088888,3688283.85449704,0,-2.28257917341051,-0.04713868295988
1959,250293.786623685,3688283.77890202,0,-2.28600126114235,-0.021304080401734
1960,250293.720995121,3688283.70344381,0,-2.28684014720725,0.004525932763236
1961,250293.655400429,3688283.62795557,0,-2.28509607063042,0.03035603450779
1962,250293.590036811,3688283.5522705,0,-2.28078314145529,0.052897686259588
1963,250293.525039831,3688283.47627399,0,-2.27609180785312,0.040928443750668
1964,250293.460354834,3688283.40001256,0,-2.27259751302459,0.028957333027773
1965,250293.395890585,3688283.32356372,0,-2.27030034386604,0.016986102251481
1966,250293.331555852,3688283.24700498,0,-2.26920027898882,0.005015254697914
1967,250293.2672594,3688283.17041384,0,-2.26929728747903,-0.006955436619088
1968,250293.202909997,3688283.09386779,0,-2.27059137618988,-0.018926414287092
1969,250293.138417533,3688283.01744344,0,-2.27303017531032,-0.029635906587311
1970,250293.07369945,3688282.94121123,0,-2.27651638485001,-0.040088234548253
1971,250293.008676289,3688282.86523907,0,-2.28104778439932,-0.050539384103726
1972,250292.943268602,3688282.78959489,0,-2.28662413571666,-0.06098669990173
1973,250292.877396942,3688282.71434659,0,-2.29324485516936,-0.071425873047244
1974,250292.810982942,3688282.63956117,0,-2.30073179225504,-0.067086997300021
1975,250292.744093322,3688282.56518294,0,-2.30488427509828,-0.015967872682683
1976,250292.677084583,3688282.49091113,0,-2.30392565420447,0.035143046246551
1977,250292.61034767,3688282.41641587,0,-2.29785435088384,0.086292498317832
1978,250292.544273523,3688282.34136727,0,-2.28666515399733,0.137499707711657
1979,250292.479253086,3688282.26543544,0,-2.27035398296181,0.188716099637741
1980,250292.415617378,3688282.18834085,0,-2.25212376671709,0.152747112670403
1981,250292.353147874,3688282.1102657,0,-2.24022197282674,0.085301650885065
1982,250292.291330775,3688282.03164027,0,-2.23506065094934,0.017935884764566
1983,250292.229649447,3688281.95289724,0,-2.23663384357843,-0.049402123082974
1984,250292.167587259,3688281.87446927,0,-2.24494276839983,-0.116788678271504
1985,250292.104628283,3688281.79678846,0,-2.25983231405959,-0.165426693673746
1986,250292.040478919,3688281.72010066,0,-2.27426592060617,-0.123235471571681
1987,250291.975382952,3688281.64420172,0,-2.28447883011065,-0.081024706945458
1988,250291.909663754,3688281.56882078,0,-2.29047168966719,-0.038837329387947
1989,250291.843644694,3688281.49368703,0,-2.29224708656373,0.00332702086014
1990,250291.777649146,3688281.41852962,0,-2.28980634864816,0.045489417225224
1991,250291.712000479,3688281.34307772,0,-2.28314860404148,0.087580430949262
1992,250291.646936637,3688281.2671323,0,-2.27561546145714,0.063079645072592
1993,250291.58235522,3688281.19078043,0,-2.27053297597133,0.038569452250977
1994,250291.518069077,3688281.11418041,0,-2.26790160659448,0.014057960087739
1995,250291.453891059,3688281.03749055,0,-2.26772138587415,-0.010453674150401
1996,250291.389634017,3688280.96086914,0,-2.26999239414188,-0.034966827104593
1997,250291.3251108,3688280.88447449,0,-2.27471479199933,-0.059480991053885
1998,250291.260173621,3688280.80843153,0,-2.28014845322827,-0.044877865683172
1999,250291.194894392,3688280.73267894,0,-2.28366364608107,-0.02542632395644
2000,250291.129421219,3688280.65709079,0,-2.28523379051049,-0.00597686077227
2001,250291.063902286,3688280.58154111,0,-2.28485904638508,0.013471780525621
2002,250290.998485776,3688280.5059039,0,-2.28253939560987,0.032921534736462
2003,250290.933319733,3688280.43005331,0,-2.27830993091739,0.047796307104405
2004,250290.868494788,3688280.3539123,0,-2.27404334607674,0.037535133720538
2005,250290.80395567,3688280.27752801,0,-2.27080292468277,0.0272733055299
2006,250290.739624271,3688280.20096697,0,-2.26858867014982,0.017011893247495
2007,250290.675422485,3688280.12429574,0,-2.26740052460138,0.006751106011357
2008,250290.611272207,3688280.04758087,0,-2.26723843881569,-0.003509384375669
2009,250290.547095784,3688279.9708885,0,-2.26804846688024,-0.010521343309192
2010,250290.482843027,3688279.89426129,0,-2.2691244932456,-0.01099917114588
2011,250290.418506456,3688279.81770531,0,-2.27024829832972,-0.011476915566537
2012,250290.354082285,3688279.74122349,0,-2.27141987314299,-0.011954563483696
2013,250290.289566726,3688279.66481873,0,-2.27263920734825,-0.012432101027715
2014,250290.224955991,3688279.58849395,0,-2.27390628918093,-0.012909513515324
2015,250290.160246782,3688279.51225166,0,-2.27516883272362,-0.010524872750212
2016,250290.095459399,3688279.43607477,0,-2.27585346577363,-0.003167829335671
2017,250290.030647737,3688279.35991822,0,-2.2758024023421,0.004189103252874
2018,250289.965868258,3688279.28373485,0,-2.27501563933997,0.011546207067307
2019,250289.901177425,3688279.20747749,0,-2.27349314787805,0.018903696150391
2020,250289.836631701,3688279.13109897,0,-2.27123488604106,0.026261597064845
2021,250289.772287549,3688279.05455212,0,-2.26824082361158,0.033619629365744
2022,250289.708196347,3688278.97779402,0,-2.26480572245539,0.032234961004097
2023,250289.644351969,3688278.90082975,0,-2.2618626120382,0.02662721464606
2024,250289.58071194,3688278.82369478,0,-2.25948027861467,0.021019487259387
2025,250289.517233215,3688278.74642502,0,-2.25765870437147,0.015412059708593
2026,250289.453872746,3688278.66905642,0,-2.25639785376451,0.009805014566015
2027,250289.390587486,3688278.59162489,0,-2.2556976907016,0.004198289041905
2028,250289.327333763,3688278.51416689,0,-2.25559769207389,-0.002681553234113
2029,250289.264059281,3688278.43672617,0,-2.25624878527261,-0.010340365791802
2030,250289.20070545,3688278.35935177,0,-2.25766578183345,-0.017999670321534
2031,250289.137213539,3688278.28209285,0,-2.25984874220105,-0.025659650215976
2032,250289.073524818,3688278.20499858,0,-2.26279773044434,-0.033320172083765
2033,250289.009580554,3688278.12811814,0,-2.26651277583169,-0.040980650813905
2034,250288.94532676,3688278.05149671,0,-2.27066613481522,-0.03707402424223
2035,250288.880790713,3688277.97511135,0,-2.27373589976528,-0.02432134400146
2036,250288.816067976,3688277.89888188,0,-2.27553042936154,-0.011569396589146
2037,250288.751256231,3688277.82272634,0,-2.27604980404927,0.001181820647662
2038,250288.686453162,3688277.74656276,0,-2.27529407060772,0.013932874690522
2039,250288.621756453,3688277.67030917,0,-2.27326321681883,0.026684274850354
2040,250288.557263787,3688277.59388361,0,-2.26995720833107,0.039435850818033
2041,250288.493044058,3688277.51722835,0,-2.26666519306372,0.022742951155585
2042,250288.428998377,3688277.44042685,0,-2.26543459508837,0.001869095915832
2043,250288.364967238,3688277.36361361,0,-2.26629137790598,-0.019004888231708
2044,250288.30079105,3688277.28692317,0,-2.26923561189609,-0.039879964410172
2045,250288.236310225,3688277.2104901,0,-2.2742673622722,-0.060754611329284
2046,250288.171373263,3688277.13444214,0,-2.28073661091911,-0.055006504163816
2047,250288.106025486,3688277.05874144,0,-2.28455472451037,-0.021356987986988
2048,250288.040515191,3688276.98317933,0,-2.2850081517306,0.012288473484728
2049,250287.975100001,3688276.90753931,0,-2.28209685923332,0.045938913357947
2050,250287.910037536,3688276.83160489,0,-2.27582002373865,0.079599192568212
2051,250287.845582634,3688276.75516189,0,-2.26650537217272,0.093477121285017
2052,250287.781821423,3688276.67813757,0,-2.25845459657745,0.06753772653738
2053,250287.718577586,3688276.60067913,0,-2.25299772728683,0.041600864658921
2054,250287.655652119,3688276.5229528,0,-2.25013415120318,0.015671896340039
2055,250287.592846015,3688276.44512482,0,-2.24986318245867,-0.01025221041833
2056,250287.529960271,3688276.36736142,0,-2.25218463403127,-0.036119751386244
2057,250287.466832777,3688276.2897981,0,-2.25566142122806,-0.033415821201751
2058,250287.403448114,3688276.21244818,0,-2.25886776998741,-0.030711040051088
2059,250287.339827313,3688276.13529463,0,-2.26180361124599,-0.028005716886497
2060,250287.275991405,3688276.05832043,0,-2.26446890341911,-0.025300093304726
2061,250287.211961423,3688275.98150854,0,-2.26686362595889,-0.022594349429341
2062,250287.147758397,3688275.90484193,0,-2.26898777350248,-0.019888609824974
2063,250287.083403137,3688275.82830373,0,-2.27085746815358,-0.017810310549526
2064,250287.018911661,3688275.75188063,0,-2.27256426059513,-0.016325503226538
2065,250286.954295367,3688275.67556275,0,-2.27412256291583,-0.014840519052063
2066,250286.889565465,3688275.59934036,0,-2.27553236053141,-0.013355418326524
2067,250286.824733163,3688275.52320371,0,-2.2767936443888,-0.011870251536445
2068,250286.759809672,3688275.44714307,0,-2.27790641003364,-0.010385060332705
2069,250286.6948062,3688275.37114869,0,-2.27887065677571,-0.008899878510815
2070,250286.629734159,3688275.29521066,0,-2.27965406723949,-0.004759260468138
2071,250286.564631107,3688275.2192975,0,-2.27951029692493,0.007634648803423
2072,250286.499586303,3688275.14333497,0,-2.27812711848816,0.020029116070392
2073,250286.434695084,3688275.06724384,0,-2.27550442061842,0.032425145346381
2074,250286.370052781,3688274.99094489,0,-2.271642032991,0.044822817628513
2075,250286.30575473,3688274.91435887,0,-2.26653984716056,0.05722071897375
2076,250286.241896264,3688274.83740656,0,-2.26019799465499,0.069615368660925
2077,250286.178552367,3688274.76002571,0,-2.25375741846392,0.049293856529161
2078,250286.115585919,3688274.68233112,0,-2.25055390814532,0.01477765414024
2079,250286.052733745,3688274.60454281,0,-2.25080177768268,-0.019735425622385
2080,250285.989731006,3688274.52688219,0,-2.25450124667932,-0.054255872731145
2081,250285.926312861,3688274.44957066,0,-2.26165333397752,-0.088787125571292
2082,250285.862218783,3688274.37282603,0,-2.27179879577333,-0.098281074816498
2083,250285.797393464,3688274.29669402,0,-2.27994510032697,-0.064645125601731
2084,250285.732072202,3688274.22097671,0,-2.28472809719366,-0.031016734052732
2085,250285.666512337,3688274.14545769,0,-2.28614877751731,0.002602096582138
2086,250285.600971208,3688274.06992056,0,-2.28420771176547,0.036219881122028
2087,250285.535706134,3688273.99414892,0,-2.27891613936336,0.06635028879877
2088,250285.470893025,3688273.91799502,0,-2.27323740075151,0.047223523928076
2089,250285.406440593,3688273.84153629,0,-2.26947152122075,0.028093987005628
2090,250285.34220282,3688273.76489631,0,-2.26761858992004,0.008964750186336
2091,250285.278033684,3688273.68819866,0,-2.26767856048371,-0.010164198442728
2092,250285.213787167,3688273.61156693,0,-2.26965145444358,-0.029293854930716
2093,250285.149317709,3688273.53512429,0,-2.27346321457326,-0.042354133717649
2094,250285.084538856,3688273.45894402,0,-2.27741271033602,-0.036635662296397
2095,250285.019480761,3688273.38300089,0,-2.28079033698764,-0.030916877547647
2096,250284.954187232,3688273.30725817,0,-2.28359609530104,-0.025198366352135
2097,250284.888702076,3688273.23167909,0,-2.28583002910263,-0.019480412254155
2098,250284.823069105,3688273.1562269,0,-2.28749106540821,-0.013505911774028
2099,250284.75733679,3688273.08086067,0,-2.28840982269399,-0.004869268425611
2100,250284.691567945,3688273.00552665,0,-2.28846492045877,0.003767337591783
2101,250284.625828136,3688272.93016859,0,-2.28765634390196,0.012404279010454
2102,250284.560182928,3688272.85473029,0,-2.28598404355292,0.021041844289824
2103,250284.494697886,3688272.7791555,0,-2.28344795336269,0.029680044308665
2104,250284.429438575,3688272.70338801,0,-2.28004802813233,0.038318418944575
2105,250284.36447056,3688272.62737158,0,-2.27578430028516,0.046955843652351
2106,250284.299836337,3688272.55106974,0,-2.27166486176718,0.033284734630751
2107,250284.235455022,3688272.47455155,0,-2.26913875887396,0.017237588279303
2108,250284.171204657,3688272.39792125,0,-2.26821729848053,0.001191766473511
2109,250284.106963255,3688272.32128309,0,-2.26890039957227,-0.014853878189711
2110,250284.042608829,3688272.24474132,0,-2.27118811080262,-0.030900585137784
2111,250283.97801941,3688272.16840019,0,-2.27507269698277,-0.045025237883432
2112,250283.913110697,3688272.09233173,0,-2.27920125465859,-0.037545666957363
2113,250283.84791649,3688272.01650711,0,-2.28258180304085,-0.030065255026236
2114,250283.78249367,3688271.94087776,0,-2.28521430905799,-0.02258492809533
2115,250283.716899116,3688271.8653951,0,-2.28709880595806,-0.015105107472122
2116,250283.651189711,3688271.79001056,0,-2.28823534911784,-0.007625835362775
2117,250283.585422334,3688271.71467558,0,-2.28862398441397,-0.000146900489527
2118,250283.519653667,3688271.63934175,0,-2.28828848350132,0.005900981995555
2119,250283.453928268,3688271.56397102,0,-2.28753996227403,0.009069464566609
2120,250283.38827184,3688271.48854137,0,-2.286474585736,0.012238091787245
2121,250283.322708457,3688271.41303223,0,-2.2850923388521,0.015406869713527
2122,250283.257262192,3688271.33742297,0,-2.28339320774507,0.018575767539486
2123,250283.191957117,3688271.261693,0,-2.28137718385935,0.021744708045385
2124,250283.126817306,3688271.18582171,0,-2.27904426907998,0.024913558047996
2125,250283.061864895,3688271.10979015,0,-2.2765257061482,0.023574429147877
2126,250282.997090905,3688271.03360597,0,-2.27439695510109,0.019000582919221
2127,250282.932461258,3688270.95729822,0,-2.27272558817468,0.014426774405864
2128,250282.86794116,3688270.8808966,0,-2.27151159513976,0.009853115279069
2129,250282.803495818,3688270.80443078,0,-2.27075495936622,0.005279626670796
2130,250282.739090439,3688270.72793045,0,-2.27045566544138,0.000706267884988
2131,250282.674690239,3688270.65142529,0,-2.27061153354248,-0.003627102069471
2132,250282.6102632,3688270.57494268,0,-2.27113659901038,-0.006874219827207
2133,250282.545783812,3688270.49850463,0,-2.27198638105559,-0.010121443290474
2134,250282.481227502,3688270.42213237,0,-2.27316089273739,-0.013368817754095
2135,250282.416569695,3688270.34584712,0,-2.27466015012942,-0.016616356498393
2136,250282.35178582,3688270.26967013,0,-2.27648416860439,-0.019864030510015
2137,250282.286851301,3688270.19362261,0,-2.27863295809053,-0.023111758199304
2138,250282.221742,3688270.11772542,0,-2.28105661876083,-0.02346732940569
2139,250282.156457743,3688270.04197868,0,-2.2831466695264,-0.018333649122447
2140,250282.091034361,3688269.96635133,0,-2.28472334563825,-0.013199875595147
2141,250282.025510649,3688269.89080977,0,-2.28578664733807,-0.008066179368145
2142,250281.959925405,3688269.81532036,0,-2.28633658636527,-0.002932626617203
2143,250281.894317425,3688269.73984951,0,-2.28637317754984,0.002200780256466
2144,250281.828725506,3688269.66436358,0,-2.28589643446446,0.007334062035685
2145,250281.76318841,3688269.588829,0,-2.28491138142021,0.012139164915246
2146,250281.697742258,3688269.51321492,0,-2.2834944828284,0.016198858442706
2147,250281.632418768,3688269.43749503,0,-2.28167159770662,0.020258910052342
2148,250281.567249238,3688269.36164345,0,-2.27944268732052,0.024319363245015
2149,250281.502264967,3688269.28563431,0,-2.27680771342725,0.028380161338485
2150,250281.437497254,3688269.20944173,0,-2.27376664929951,0.032441127350688
2151,250281.372977396,3688269.13303983,0,-2.2703194927613,0.036501943887691
2152,250281.308736693,3688269.05640275,0,-2.26646628123318,0.040562133072573
2153,250281.244803789,3688268.97950684,0,-2.26243521166827,0.03461154745318
2154,250281.18113148,3688268.90239219,0,-2.25986916909619,0.016709647976154
2155,250281.11758743,3688268.82517041,0,-2.25909323304419,-0.001190834170997
2156,250281.054034783,3688268.74795693,0,-2.26010735531133,-0.019091893937929
2157,250280.990336686,3688268.67086716,0,-2.26291169581269,-0.036995411964371
2158,250280.926356283,3688268.59401652,0,-2.26750652510998,-0.054901433560633
2159,250280.86195672,3688268.51752044,0,-2.27389195475208,-0.072806445948762
2160,250280.797018662,3688268.44147954,0,-2.2810531372343,-0.060778561150471
2161,250280.731618315,3688268.36582943,0,-2.28581884495236,-0.034536618044982
2162,250280.665954294,3688268.29040245,0,-2.2879606627014,-0.008300492962491
2163,250280.600227091,3688268.21502931,0,-2.2874789998862,0.017933998980741
2164,250280.5346372,3688268.13954076,0,-2.28437371661522,0.044172756251306
2165,250280.469385113,3688268.06376751,0,-2.27864422311798,0.070417974892993
2166,250280.40466841,3688267.98754276,0,-2.27060505020592,0.079301303516606
2167,250280.34054197,3688267.91081996,0,-2.26375579445851,0.057683298751017
2168,250280.276856158,3688267.8337249,0,-2.25906834791634,0.036066300562573
2169,250280.213445561,3688267.75639668,0,-2.2565423752127,0.014453907890942
2170,250280.150144765,3688267.6789744,0,-2.2561774591041,-0.007155335219227
2171,250280.086788356,3688267.60159715,0,-2.25797345439585,-0.028764909096824
2172,250280.023211072,3688267.5244039,0,-2.26189467100001,-0.04600752473043
2173,250279.959300726,3688267.44748921,0,-2.26624515956319,-0.041001999477868
2174,250279.895076165,3688267.37083793,0,-2.27009503725662,-0.035995454786277
2175,250279.830576105,3688267.29441833,0,-2.27344424142351,-0.030988628163976
2176,250279.76583926,3688267.21819863,0,-2.27629276931247,-0.025981986464854
2177,250279.700904345,3688267.1421471,0,-2.27864065289109,-0.020975763491625
2178,250279.635810074,3688267.06623196,0,-2.28048793742469,-0.015969997679121
2179,250279.570597377,3688266.99041944,0,-2.28171623381102,-0.007859607363456
2180,250279.505325664,3688266.91465869,0,-2.2820484063366,0.001216188393013
2181,250279.440063527,3688266.83889042,0,-2.2814729913195,0.01029212753525
2182,250279.374879624,3688266.76305527,0,-2.27998998083001,0.019368058185664
2183,250279.309842615,3688266.6870939,0,-2.27759939297407,0.028443574132955
2184,250279.245017614,3688266.61095019,0,-2.27449325882898,0.03240967243723
2185,250279.180439029,3688266.53459623,0,-2.27113841476175,0.034687373771803
2186,250279.116125525,3688266.45801853,0,-2.26755575246386,0.036966021628604
2187,250279.052095641,3688266.38120373,0,-2.26374518282799,0.039245495805461
2188,250278.988367912,3688266.30413848,0,-2.25970663161858,0.041525618466374
2189,250278.924957405,3688266.22681223,0,-2.25570343300489,0.033454355055407
2190,250278.861802605,3688266.14927654,0,-2.25326108956014,0.015392609414723
2191,250278.798767167,3688266.07164365,0,-2.25262489644489,-0.002668746126994
2192,250278.735711625,3688265.99402834,0,-2.25379485929588,-0.02073070827679
2193,250278.672496515,3688265.91654539,0,-2.25677108509446,-0.038794012620197
2194,250278.608982615,3688265.83930937,0,-2.26150083027555,-0.050951027372926
2195,250278.54509927,3688265.76237829,0,-2.26584844018175,-0.036001052187438
2196,250278.480938169,3688265.68567624,0,-2.2687010561752,-0.021051460401274
2197,250278.416614493,3688265.60910795,0,-2.27005877476163,-0.006103096562725
2198,250278.352243422,3688265.53257813,0,-2.26992169798189,0.008844606084172
2199,250278.287940138,3688265.45599149,0,-2.26828984239923,0.023792623337052
2200,250278.223797359,3688265.37927138,0,-2.26609817742414,0.018768058275955
2201,250278.159798979,3688265.3024314,0,-2.26454056837503,0.012384103084564
2202,250278.095895983,3688265.22551242,0,-2.2636213587976,0.006000083134676
2203,250278.032039348,3688265.14855536,0,-2.26334055301333,-0.000383977217779
2204,250277.96818005,3688265.0716011,0,-2.26369815722668,-0.006768126979369
2205,250277.904269067,3688264.99469054,0,-2.26469418295857,-0.013152410463525
2206,250277.840257375,3688264.91786458,0,-2.26632864267406,-0.019536789227235
2207,250277.776105212,3688264.84115632,0,-2.26818381163378,-0.016305366857609
2208,250277.711827933,3688264.76455256,0,-2.26958018995696,-0.011622182934065
2209,250277.6474612,3688264.68802299,0,-2.270508247603,-0.006938977933652
2210,250277.583040707,3688264.61153731,0,-2.27096798872938,-0.002255866981706
2211,250277.518602149,3688264.5350652,0,-2.27095942646624,0.002427080458224
2212,250277.454181251,3688264.45857632,0,-2.27047657774378,0.007735939210117
2213,250277.389820996,3688264.38203489,0,-2.2693055583937,0.015684511810917
2214,250277.325580936,3688264.30539268,0,-2.26733965352884,0.023633730086785
2215,250277.26152293,3688264.22859975,0,-2.26457878011472,0.031583901277872
2216,250277.197708832,3688264.15160615,0,-2.26102284553664,0.039534884602818
2217,250277.1342005,3688264.07436192,0,-2.25667179994757,0.047485940330193
2218,250277.07105979,3688263.99681712,0,-2.25152570370778,0.05543557893571
2219,250277.008341067,3688263.91892792,0,-2.24610413346088,0.044791583826291
2220,250276.945966009,3688263.84075889,0,-2.24289126080211,0.01946663097175
2221,250276.883742458,3688263.7624676,0,-2.24221071213684,-0.005855592790895
2222,250276.82147457,3688263.68421465,0,-2.24406246163224,-0.031180247212538
2223,250276.758966496,3688263.60616061,0,-2.24844698373966,-0.056511366495456
2224,250276.69602239,3688263.52846607,0,-2.25536489699902,-0.081846985074984
2225,250276.632467039,3688263.45127466,0,-2.26368163619357,-0.07505869894289
2226,250276.568333483,3688263.37455874,0,-2.27018061832947,-0.054920965515597
2227,250276.503775493,3688263.29819138,0,-2.27466594208279,-0.034786392944356
2228,250276.438948317,3688263.22204446,0,-2.27713808293974,-0.01465726006689
2229,250276.374007205,3688263.14598984,0,-2.27759751238972,0.005468383327228
2230,250276.309107407,3688263.06989938,0,-2.276044397503,0.025594267710738
2231,250276.244403255,3688262.99364571,0,-2.27259554194364,0.038055646130333
2232,250276.179981006,3688262.91715777,0,-2.26903982037077,0.033058538097775
2233,250276.11581312,3688262.84045866,0,-2.26598387141526,0.028060309079426
2234,250276.051861235,3688262.76358043,0,-2.26342777652617,0.023061533913587
2235,250275.988086985,3688262.68655513,0,-2.26137157049257,0.01806257718428
2236,250275.924452006,3688262.60941482,0,-2.25981526060042,0.013063630607937
2237,250275.860917935,3688262.53219153,0,-2.25875884204691,0.008064750489235
2238,250275.797446922,3688262.4549169,0,-2.25814956805805,0.005823382399043
2239,250275.73402338,3688262.37760385,0,-2.25745674973457,0.008032973536393
2240,250275.670661997,3688262.30023993,0,-2.25654297651092,0.010242469477258
2241,250275.607379632,3688262.22281083,0,-2.25540826139642,0.012451798199503
2242,250275.544193142,3688262.14530228,0,-2.25405262532511,0.014660872691961
2243,250275.481119384,3688262.06769998,0,-2.25247609881598,0.016869587731548
2244,250275.418163136,3688261.98999974,0,-2.25119890094855,0.007618004593622
2245,250275.355265389,3688261.91225071,0,-2.25095784002133,-0.002796748513207
2246,250275.292346148,3688261.83451959,0,-2.25175825895929,-0.01321174783128
2247,250275.229325407,3688261.75687306,0,-2.25360022571026,-0.023627816503798
2248,250275.16612316,3688261.67937784,0,-2.25648387187018,-0.034045347846431
2249,250275.102659401,3688261.60210063,0,-2.26040933274212,-0.044463966111755
2250,250275.038854124,3688261.52510813,0,-2.26537665345396,-0.05488218695506
2251,250274.974640627,3688261.44845593,0,-2.270695209142,-0.046957452911166
2252,250274.910066879,3688261.37210395,0,-2.27469379479568,-0.033014422666105
2253,250274.845239415,3688261.29596323,0,-2.27729814802657,-0.019072958784071
2254,250274.78026524,3688261.21994442,0,-2.27850844374974,-0.005133173762091
2255,250274.71525136,3688261.14395816,0,-2.27832480576185,0.008805931742265
2256,250274.650304779,3688261.0679151,0,-2.27674723620016,0.022745656174269
2257,250274.585532504,3688260.99172589,0,-2.27377562624971,0.036686784727259
2258,250274.52103893,3688260.91530336,0,-2.26962133157292,0.04186354959173
2259,250274.456863256,3688260.83861494,0,-2.26564613060248,0.037640296663032
2260,250274.39297644,3688260.7616852,0,-2.26209329543181,0.033416341277586
2261,250274.329346227,3688260.68454141,0,-2.25896286724583,0.029192232963714
2262,250274.265940362,3688260.60721082,0,-2.25625484140737,0.024968342391772
2263,250274.202726588,3688260.52972071,0,-2.25396918421425,0.020744883962245
2264,250274.13967265,3688260.45209833,0,-2.25210584739449,0.016521938446106
2265,250274.076746292,3688260.37437094,0,-2.25066478033677,0.012299475632846
2266,250274.013913752,3688260.29656705,0,-2.24974231134648,0.004885309278368
2267,250273.951119054,3688260.21873312,0,-2.24972920571537,-0.004623240226322
2268,250273.888289298,3688260.14092937,0,-2.25066697807766,-0.014132346131696
2269,250273.825351155,3688260.06321634,0,-2.25255570935799,-0.023642471749346
2270,250273.762231297,3688259.98565461,0,-2.25539550979724,-0.033153697074086
2271,250273.698856398,3688259.90830471,0,-2.2591864677112,-0.042665460553767
2272,250273.635153129,3688259.8312272,0,-2.26392857241945,-0.052176300782742
2273,250273.571055724,3688259.75447636,0,-2.26912546029733,-0.044970462121303
2274,250273.506614413,3688259.67801038,0,-2.27269034704684,-0.026327652357423
2275,250273.441970212,3688259.6017122,0,-2.27439107211599,-0.007687191527377
2276,250273.377266558,3688259.52546277,0,-2.27422782328136,0.010952158129132
2277,250273.312646888,3688259.44914304,0,-2.27220060829945,0.029592435462149
2278,250273.248254641,3688259.37263395,0,-2.26830927192723,0.048234537818267
2279,250273.184228032,3688259.29582078,0,-2.26297615811124,0.049350317907152
2280,250273.120574422,3688259.21869749,0,-2.25892684823024,0.031635899638133
2281,250273.05716406,3688259.14137193,0,-2.25664894350205,0.013922422544757
2282,250272.993860716,3688259.06395731,0,-2.25614232879641,-0.003790050478416
2283,250272.930528163,3688258.98656684,0,-2.25740696210875,-0.021502766942811
2284,250272.867030171,3688258.90931373,0,-2.26044292224175,-0.039216617646546
2285,250272.80323608,3688258.8323066,0,-2.26487203563675,-0.043728696950132
2286,250272.73910812,3688258.75557722,0,-2.26897863223271,-0.038403158193038
2287,250272.674685273,3688258.67909385,0,-2.27255266464257,-0.033077529559763
2288,250272.610008826,3688258.60282285,0,-2.27559415355833,-0.027752353954868
2289,250272.545120066,3688258.5267306,0,-2.27810315951208,-0.022427892837846
2290,250272.48006028,3688258.45078345,0,-2.28007975700087,-0.017104171614294
2291,250272.414870754,3688258.37494776,0,-2.28152401315048,-0.011781025011571
2292,250272.349590889,3688258.29919138,0,-2.28253308146327,-0.009092752587447
2293,250272.284242954,3688258.22349546,0,-2.28335490110641,-0.007343616112576
2294,250272.21884008,3688258.14784828,0,-2.28400180057763,-0.005594356168648
2295,250272.153395313,3688258.07223818,0,-2.28447376953171,-0.003845011800733
2296,250272.087921699,3688257.99665351,0,-2.284770801258,-0.002095616922079
2297,250272.022432283,3688257.9210826,0,-2.28489289224741,-0.000346201917946
2298,250271.956940081,3688257.84551383,0,-2.28484478264644,0.001061112466227
2299,250271.89145508,3688257.76993835,0,-2.28471291533187,0.001576233681446
2300,250271.825981815,3688257.69435235,0,-2.28452953588693,0.002091355589167
2301,250271.760524247,3688257.61875252,0,-2.28429464408998,0.002606481213079
2302,250271.69508634,3688257.54313558,0,-2.28400823942497,0.003121613410392
2303,250271.629672055,3688257.46749824,0,-2.28367032110019,0.003636754830872
2304,250271.564285354,3688257.3918372,0,-2.28328088807099,0.004151907875858
2305,250271.498928888,3688257.31615028,0,-2.2829168902289,0.002377760223684
2306,250271.43359036,3688257.24044805,0,-2.28282362523229,-0.000512462008057
2307,250271.368247972,3688257.1647492,0,-2.28301938266342,-0.003402685184153
2308,250271.302879776,3688257.08907253,0,-2.28350416161505,-0.006292888453765
2309,250271.237463822,3688257.01343683,0,-2.28427795872889,-0.009183042439369
2310,250271.171978162,3688256.93786092,0,-2.28534076698083,-0.012073101995285
2311,250271.106401653,3688256.8623629,0,-2.28660339351899,-0.009968444752077
2312,250271.040754156,3688256.78692573,0,-2.28704543496454,0.001127579631562
2313,250270.975115196,3688256.71148119,0,-2.28637787622937,0.012223643526544
2314,250270.909568997,3688256.63595704,0,-2.28460069070619,0.023320158963118
2315,250270.844199784,3688256.56028103,0,-2.281713829744,0.034417086465817
2316,250270.779091783,3688256.48438092,0,-2.27771728829661,0.04551352508201
2317,250270.714328932,3688256.40818471,0,-2.27267167682355,0.050134311762234
2318,250270.649923121,3688256.33168237,0,-2.2688359714292,0.026580477974385
2319,250270.585719412,3688256.25500734,0,-2.26735546394994,0.003030015138805
2320,250270.521539324,3688256.17831333,0,-2.26822997289697,-0.020520599373666
2321,250270.457204377,3688256.10175402,0,-2.27145972690664,-0.044075392567717
2322,250270.392536092,3688256.02548311,0,-2.27704521927978,-0.067634977244798
2323,250270.327356013,3688255.94965428,0,-2.28497251039773,-0.087426258697503
2324,250270.261564151,3688255.87435352,0,-2.29238813576905,-0.060886005751865
2325,250270.195311303,3688255.79945052,0,-2.29714984427878,-0.034349305844338
2326,250270.128798262,3688255.72477183,0,-2.29925822017655,-0.007819061338729
2327,250270.062225825,3688255.65014403,0,-2.29871372850053,0.018709079533372
2328,250269.995794784,3688255.57539367,0,-2.29551626993685,0.045241118780878
2329,250269.929705937,3688255.50034732,0,-2.28966529576908,0.071779108757819
2330,250269.864128103,3688255.42485914,0,-2.28265941090499,0.062855373878269
2331,250269.799025441,3688255.34895995,0,-2.27714450507455,0.047442468225596
2332,250269.734281445,3688255.27275022,0,-2.27317090272352,0.032029885950079
2333,250269.66977941,3688255.19633058,0,-2.27073844787798,0.016619627798482
2334,250269.605402635,3688255.11980167,0,-2.26984690776156,0.001211412267946
2335,250269.541034418,3688255.0432641,0,-2.27049614607767,-0.014196225730073
2336,250269.476558054,3688254.96681852,0,-2.27268618648671,-0.029604837405391
2337,250269.411868732,3688254.89055537,0,-2.27587415782094,-0.032455512158078
2338,250269.346933308,3688254.81450374,0,-2.27916399437212,-0.033341196470624
2339,250269.281745365,3688254.73866983,0,-2.28254239116729,-0.034226702088623
2340,250269.21629853,3688254.66305981,0,-2.28600932572062,-0.035111935361883
2341,250269.150586432,3688254.58767984,0,-2.28956476578122,-0.035996794607797
2342,250269.084602698,3688254.51253607,0,-2.29320866852049,-0.036881169923096
2343,250269.018342584,3688254.43763327,0,-2.29678087557129,-0.029852500475592
2344,250268.951862934,3688254.36292249,0,-2.2988327657007,-0.011185639266284
2345,250268.885299616,3688254.28828597,0,-2.29901803379189,0.007480349889672
2346,250268.81879368,3688254.2136014,0,-2.29733663443746,0.026148151564026
2347,250268.752486178,3688254.13874648,0,-2.29378827658769,0.04481966886754
2348,250268.686518163,3688254.0635989,0,-2.28837259928947,0.06349407111213
2349,250268.621030415,3688253.98803661,0,-2.28115067423739,0.075175384553514
2350,250268.556083068,3688253.91200724,0,-2.27469824602426,0.053872983901812
2351,250268.491543132,3688253.83562538,0,-2.27037599970676,0.032572671274271
2352,250268.427249306,3688253.7590301,0,-2.26818355681985,0.01127685940986
2353,250268.363040293,3688253.68236044,0,-2.2681205434133,-0.010016471209374
2354,250268.298754794,3688253.60575547,0,-2.27018688829872,-0.031310873533599
2355,250268.23423152,3688253.52935424,0,-2.27437678158068,-0.050696043906511
2356,250268.169355028,3688253.45325629,0,-2.2789998583365,-0.041764994320971
2357,250268.104161664,3688253.3774304,0,-2.28272971750459,-0.032832023221602
2358,250268.038719151,3688253.30181834,0,-2.28556625066641,-0.023898656490216
2359,250267.973095212,3688253.22636184,0,-2.28750946091603,-0.014965634088228
2360,250267.907357567,3688253.15100266,0,-2.28855939495322,-0.006033123820123
2361,250267.841573939,3688253.07568254,0,-2.28871609656378,0.002899064748705
2362,250267.775812016,3688253.00034328,0,-2.28798781805956,0.010854386120537
2363,250267.710127996,3688252.92493663,0,-2.28674541255314,0.013993759625685
2364,250267.64455008,3688252.84943874,0,-2.2851890585449,0.017133359437492
2365,250267.57910228,3688252.77382937,0,-2.28331873315596,0.020273182850605
2366,250267.513808611,3688252.6980883,0,-2.28113441623383,0.023413176493238
2367,250267.448693084,3688252.62219529,0,-2.27863609588392,0.026553227029188
2368,250267.383779672,3688252.54613017,0,-2.27583499564777,0.028126131506376
2369,250267.319071704,3688252.46989017,0,-2.27341250358824,0.020323665568904
2370,250267.254518394,3688252.39351833,0,-2.27177026349269,0.012521158497331
2371,250267.190060198,3688252.31706505,0,-2.27090826506729,0.004718848447372
2372,250267.125637572,3688252.24058075,0,-2.27082648682426,-0.003083255106104
2373,250267.06119097,3688252.16411584,0,-2.27152491182454,-0.010885228863335
2374,250266.996660849,3688252.08772075,0,-2.273003529171,-0.018687093216942
2375,250266.932003436,3688252.01143264,0,-2.27456529199046,-0.010767615269485
2376,250266.867263794,3688251.93521397,0,-2.27514568990581,-0.000840359978458
2377,250266.802518064,3688251.85900112,0,-2.274733359782,0.009087022266158
2378,250266.737842419,3688251.78273042,0,-2.27332826695077,0.01901495061096
2379,250266.673313032,3688251.70633819,0,-2.27093034581491,0.028943575560105
2380,250266.609006079,3688251.62976076,0,-2.26753954139356,0.038872485330364
2381,250266.54499447,3688251.55293719,0,-2.26341826150835,0.037990120623884
2382,250266.481270691,3688251.47587351,0,-2.26023637892891,0.025647554938796
2383,250266.41774369,3688251.39864533,0,-2.25828873050922,0.013305550523786
2384,250266.354318527,3688251.3213315,0,-2.25757524290812,0.000964303325121
2385,250266.290900261,3688251.24401088,0,-2.25809585828891,-0.011376598682076
2386,250266.227393955,3688251.16676232,0,-2.25985056691743,-0.023717611549524
2387,250266.163705859,3688251.08966368,0,-2.26273250574024,-0.03110592484017
2388,250266.099780975,3688251.01276132,0,-2.26588637536998,-0.031971538906821
2389,250266.035610634,3688250.93606382,0,-2.26912682695687,-0.032837555791055
2390,250265.971188889,3688250.85957758,0,-2.2724538982039,-0.033703922699196
2391,250265.906509797,3688250.78330899,0,-2.27586762116571,-0.034570579423492
2392,250265.84156741,3688250.70726444,0,-2.279368021497,-0.035437458139224
2393,250265.776357863,3688250.63144852,0,-2.28277766658903,-0.028668786785167
2394,250265.710934058,3688250.5558167,0,-2.28486650302852,-0.013108041748423
2395,250265.645411129,3688250.48027067,0,-2.28539928768202,0.002452352726774
2396,250265.579907384,3688250.40470932,0,-2.28437601425021,0.018013288256396
2397,250265.514541131,3688250.32903157,0,-2.28179658675693,0.033575478382989
2398,250265.449430678,3688250.25313635,0,-2.27766089387854,0.049138328039929
2399,250265.384689143,3688250.17692704,0,-2.27232116938793,0.052643379486144
2400,250265.32034692,3688250.1003785,1,-2.26731058628127,0.047568296522445
2401,250265.256368031,3688250.02352294,1,-2.26280749147317,0.042493759611234
2402,250265.192714625,3688249.94639417,1,-2.25881179246048,0.03742046871375
2403,250265.129348852,3688249.86902599,1,-2.25532334348596,0.032348795523494
2404,250265.066232863,3688249.79145222,1,-2.25234197639221,0.027278822927758
2405,250265.003328693,3688249.71370676,1,-2.24988532147371,0.020732568341248
2406,250264.940583177,3688249.63583488,1,-2.2483723054114,0.009527686444705
2407,250264.87791287,3688249.55790447,1,-2.24797979865622,-0.001677641558848
2408,250264.815230741,3688249.47998614,1,-2.24870785681767,-0.012883660292748
2409,250264.752449758,3688249.40215046,1,-2.25055656032709,-0.024090551217163
2410,250264.68948289,3688249.32446803,1,-2.25352598701159,-0.03529801039625
2411,250264.626243106,3688249.24700945,1,-2.25761614243544,-0.046504826115115
2412,250264.562660737,3688249.16983112,1,-2.26199648325714,-0.037198588338319
2413,250264.498790524,3688249.09288795,1,-2.26501000931675,-0.023072140355368
2414,250264.434741466,3688249.01609056,1,-2.26661095861601,-0.008947064971647
2415,250264.37062279,3688248.93934939,1,-2.26679945317893,0.005177102220742
2416,250264.306543721,3688248.86257488,1,-2.26557553477387,0.019301361025105
2417,250264.242613484,3688248.78567747,1,-2.26293915363846,0.033426401387642
2418,250264.178941306,3688248.70856759,1,-2.25889024172987,0.047551758049214
2419,250264.115603927,3688248.63118239,1,-2.25485097886608,0.029612256019998
2420,250264.052495293,3688248.55360926,1,-2.2529908120907,0.007591256023156
2421,250263.989445463,3688248.47598812,1,-2.25333271458806,-0.014429388581228
2422,250263.92628443,3688248.39845894,1,-2.25587673095175,-0.036451197562887
2423,250263.862842185,3688248.32116169,1,-2.26062297949196,-0.058473591498755
2424,250263.798953363,3688248.24423252,1,-2.26713425678585,-0.059293655949361
2425,250263.734620517,3688248.16766958,1,-2.27159407524086,-0.029903691092056
2426,250263.67005738,3688248.09129744,1,-2.27311516100637,-0.000518448099743
2427,250263.605491119,3688248.01492963,1,-2.27169772901581,0.028867874748753
2428,250263.5411489,3688247.93837969,1,-2.26734134386329,0.058261214151062
2429,250263.477257889,3688247.86146115,1,-2.26004528694129,0.087660027363228
2430,250263.414001541,3688247.78402335,1,-2.25173599011547,0.073272545311304
2431,250263.351311971,3688247.70612149,1,-2.245426712591,0.052913160600543
2432,250263.289031647,3688247.62788418,1,-2.24115323000261,0.032557396349796
2433,250263.227002923,3688247.54944016,1,-2.23891505236003,0.012206926105571
2434,250263.165068153,3688247.47091813,1,-2.23871174569259,-0.008140621970077
2435,250263.103069693,3688247.39244681,1,-2.2405432100478,-0.028489135165412
2436,250263.040849898,3688247.31415492,1,-2.24440970470334,-0.048841489743192
2437,250262.978284528,3688247.23614391,1,-2.24891530302804,-0.039054568544935
2438,250262.915416048,3688247.15837914,1,-2.25221173973559,-0.026873910949805
2439,250262.852338819,3688247.08078361,1,-2.25429006094105,-0.014692485174429
2440,250262.789147218,3688247.00328031,1,-2.25515024060174,-0.002511152534999
2441,250262.725935622,3688246.92579223,1,-2.25479230158583,0.009669879697307
2442,250262.662798409,3688246.84824235,1,-2.25321627738007,0.021850516049105
2443,250262.599829548,3688246.77055399,1,-2.25049905245775,0.026567967873819
2444,250262.537042765,3688246.69271636,1,-2.24904535574652,0.002506236165772
2445,250262.47427568,3688246.61486323,1,-2.24999780653212,-0.02155554928026
2446,250262.411342536,3688246.53714758,1,-2.25335656671787,-0.04562024339508
2447,250262.348057573,3688246.45972236,1,-2.25912193132962,-0.069686956830705
2448,250262.284235034,3688246.38274055,1,-2.26729243894699,-0.092484831202224
2449,250262.219772633,3688246.30628648,1,-2.27469475965018,-0.055563333517461
2450,250262.154881881,3688246.23018645,1,-2.2784055558293,-0.018654584133239
2451,250262.089848012,3688246.15420613,1,-2.27842587233549,0.01824854340624
2452,250262.024956263,3688246.07811119,1,-2.27475553467709,0.055160796816379
2453,250261.96049187,3688246.00166729,1,-2.26739314055222,0.092089471090933
2454,250261.896740067,3688245.92464012,1,-2.25633755994459,0.129019304559995
2455,250261.833939654,3688245.84683348,1,-2.24394959639437,0.104180402910479
2456,250261.771943893,3688245.76836783,1,-2.23572563352888,0.060303367259179
2457,250261.710415155,3688245.68952041,1,-2.23188799150532,0.01645311515821
2458,250261.649014452,3688245.61056956,1,-2.23243470631126,-0.027388327218332
2459,250261.587402794,3688245.53179365,1,-2.23736629607373,-0.071248417649245
2460,250261.52524119,3688245.45347103,1,-2.24668544622175,-0.115138828351915
2461,250261.462195776,3688245.37587585,1,-2.25988373273243,-0.132811612944101
2462,250261.398144967,3688245.29910835,1,-2.27199108084068,-0.109331824758197
2463,250261.333250776,3688245.22303644,1,-2.2817499256842,-0.085846273554423
2464,250261.267694977,3688245.1475118,1,-2.28916082658599,-0.062374979945071
2465,250261.201659348,3688245.07238615,1,-2.29422560236905,-0.038923764215136
2466,250261.135325662,3688244.99751119,1,-2.29694610671301,-0.015488153614745
2467,250261.06887522,3688244.92273901,1,-2.29740862387874,0.000161653478031
2468,250261.002409349,3688244.8479895,1,-2.29799682341734,-0.011926174676231
2469,250260.935860199,3688244.77332584,1,-2.29979397980475,-0.024017615149364
2470,250260.869138396,3688244.69882947,1,-2.30280048241146,-0.036113099437248
2471,250260.802154567,3688244.62458182,1,-2.30701671551354,-0.048212005503076
2472,250260.73481934,3688244.55066432,1,-2.31244292632797,-0.060312125434521
2473,250260.667043343,3688244.47715842,1,-2.31907903980801,-0.072409133334017
2474,250260.598741176,3688244.40414188,1,-2.32659658936633,-0.071233698687904
2475,250260.529921325,3688244.33160607,1,-2.33298269388365,-0.056488536689542
2476,250260.460687554,3688244.25945468,1,-2.33789440242168,-0.041746423387653
2477,250260.391147877,3688244.18758747,1,-2.34133215654501,-0.027009558926937
2478,250260.32141031,3688244.11590419,1,-2.34329647377782,-0.012277423007937
2479,250260.251582866,3688244.04430462,1,-2.34378772371341,0.002452262507574
2480,250260.181773563,3688243.97268853,1,-2.34280600023205,0.01718257404174
2481,250260.112078731,3688243.9009664,1,-2.34089533578335,0.019460107822922
2482,250260.042526246,3688243.82911158,1,-2.33892532610079,0.019940003478096
2483,250259.973119122,3688243.75712023,1,-2.33690735225357,0.020419384114154
2484,250259.903860342,3688243.68498856,1,-2.33484146786627,0.020898207056096
2485,250259.834752885,3688243.61271275,1,-2.33272773089783,0.021376428288148
2486,250259.765799733,3688243.54028901,1,-2.33056620377667,0.02185400243324
2487,250259.697003867,3688243.46771354,1,-2.32835695353779,0.022330882733609
2488,250259.628356055,3688243.39499442,1,-2.32672427442096,0.007567049559685
2489,250259.559762166,3688243.32222246,1,-2.326873919578,-0.010559941369607
2490,250259.491092014,3688243.24952355,1,-2.32883629932506,-0.028687996513831
2491,250259.422215283,3688243.17702373,1,-2.33261160008463,-0.046818393495573
2492,250259.353001657,3688243.10484903,1,-2.33820000951803,-0.064949581375929
2493,250259.283320818,3688243.03312548,1,-2.34560134424031,-0.083075392294118
2494,250259.213099568,3688242.96192409,1,-2.35239998414812,-0.052175146267048
2495,250259.142503518,3688242.89108579,1,-2.35603617270868,-0.020550187957372
2496,250259.071760687,3688242.82039136,1,-2.35651019665273,0.011069728332388
2497,250259.001099095,3688242.74962159,1,-2.35382203020003,0.042695439377819
2498,250258.930746758,3688242.6785573,1,-2.34797065074405,0.074334464423082
2499,250258.860931695,3688242.60697926,1,-2.33895484518586,0.105981508854442
2500,250258.791865878,3688242.53468366,1,-2.32790364279016,0.099403728728213
2501,250258.723512193,3688242.46170532,1,-2.31961579018761,0.066354330372841
2502,250258.6556371,3688242.38826728,1,-2.31463234859805,0.033317050957417
2503,250258.588001726,3688242.31459769,1,-2.31295195142835,0.000292265371704
2504,250258.520367198,3688242.2409247,1,-2.31457382983188,-0.032730552566737
2505,250258.452494644,3688242.16747646,1,-2.31949836224694,-0.065762022830285
2506,250258.384154208,3688242.09447251,1,-2.32702018455466,-0.072110415923257
2507,250258.315297456,3688242.0219593,1,-2.33336147445648,-0.054714419690476
2508,250258.246044029,3688241.94982292,1,-2.33796299349669,-0.037316007990291
2509,250258.176519909,3688241.87794341,1,-2.34082472801442,-0.019919042131579
2510,250258.106851081,3688241.80620082,1,-2.34194686788766,-0.002523994943807
2511,250258.037163527,3688241.73447517,1,-2.3413295466993,0.014870468991716
2512,250257.967583231,3688241.66264651,1,-2.33897273988413,0.032265914092976
2513,250257.898226143,3688241.59060448,1,-2.33542171225701,0.035386576615675
2514,250257.829124873,3688241.51831854,1,-2.33194743646765,0.034098881681421
2515,250257.76027075,3688241.44579767,1,-2.32860194503946,0.032810912620207
2516,250257.691654807,3688241.37305113,1,-2.32538525869616,0.031522800438254
2517,250257.62326808,3688241.30008817,1,-2.32229738588243,0.030234659814351
2518,250257.555101601,3688241.22691807,1,-2.31933832436523,0.028946589730087
2519,250257.4871464,3688241.1535501,1,-2.31651125709784,0.026617751290567
2520,250257.4193688,3688241.08001654,1,-2.31476185258734,0.008370524735893
2521,250257.351652865,3688241.00642638,1,-2.31483714069475,-0.009876386010125
2522,250257.283865557,3688240.93290451,1,-2.31673718014554,-0.02812477456825
2523,250257.215873838,3688240.85957585,1,-2.32046217489912,-0.046375448185255
2524,250257.147544673,3688240.7865653,1,-2.32601228434113,-0.064626404072789
2525,250257.078745224,3688240.7139976,1,-2.33333013521807,-0.074975570187914
2526,250257.009441336,3688240.64190486,1,-2.33901119121797,-0.038647164091224
2527,250256.939856441,3688240.5700775,1,-2.34105987145069,-0.002327350632703
2528,250256.870255476,3688240.498267,1,-2.33947664090914,0.033993106617463
2529,250256.800903377,3688240.42622485,1,-2.33426087511155,0.070324365991063
2530,250256.732065077,3688240.35370251,1,-2.32541494244088,0.10466449795866
2531,250256.663927723,3688240.2805244,1,-2.31602173902168,0.083197334090924
2532,250256.59639793,3688240.20677801,1,-2.30877561962492,0.061725466678392
2533,250256.529319101,3688240.13261008,1,-2.30367643678316,0.04025958179605
2534,250256.462534635,3688240.05816737,1,-2.30072342599217,0.018801829776466
2535,250256.395887935,3688239.98359663,1,-2.29991591055692,-0.002651200564072
2536,250256.32922256,3688239.90904445,1,-2.30121714859246,-0.020022382436053
2537,250256.262426809,3688239.83461533,1,-2.30315218111509,-0.018678136329201
2538,250256.19549486,3688239.7603141,1,-2.30495275153786,-0.017333160275114
2539,250256.128436201,3688239.68613118,1,-2.30661879265334,-0.015987568406741
2540,250256.061260324,3688239.612057,1,-2.30815024819515,-0.014641465529099
2541,250255.993976717,3688239.53808197,1,-2.3095470719403,-0.013294947821952
2542,250255.926594872,3688239.46419652,1,-2.31080922688201,-0.01194810354866
2543,250255.85912049,3688239.39039467,1,-2.31211319370318,-0.014572095814852
2544,250255.791538081,3688239.31669064,1,-2.31372639758498,-0.017691970931038
2545,250255.723824789,3688239.24310564,1,-2.31565158445683,-0.020811741348504
2546,250255.655957752,3688239.16966091,1,-2.31788873866222,-0.023931293966907
2547,250255.587914106,3688239.09637769,1,-2.3204378302728,-0.02705045493527
2548,250255.519670989,3688239.02327721,1,-2.32329880855942,-0.030168980579258
2549,250255.451207604,3688238.95037881,1,-2.32625808082388,-0.022418671271957
2550,250255.382586948,3688238.87762539,1,-2.32727294603464,0.002121101594267
2551,250255.313982919,3688238.80485868,1,-2.32583380890474,0.026662409734029
2552,250255.245577033,3688238.73191346,1,-2.32194023417342,0.051210454791276
2553,250255.17755081,3688238.65862449,1,-2.3155914702701,0.075765621445407
2554,250255.110085431,3688238.58482687,1,-2.30685563578886,0.093483756630872
2555,250255.043291099,3688238.51042103,1,-2.29798561482004,0.083915672032388
2556,250254.977119823,3688238.43545316,1,-2.2900725862863,0.074344963474718
2557,250254.911502232,3688238.3599891,1,-2.28311653304167,0.064776859284525
2558,250254.846368956,3688238.2840947,1,-2.27711701948189,0.055214544232611
2559,250254.781650625,3688238.20783583,1,-2.27207338266795,0.045659424587763
2560,250254.71727787,3688238.13127833,1,-2.26798489687021,0.03611139419327
2561,250254.653186709,3688238.05448353,1,-2.26449666593394,0.038467073496658
2562,250254.589395283,3688237.97744396,1,-2.26012779624671,0.048911470069831
2563,250254.525985705,3688237.90009851,1,-2.25471413415284,0.059362946329147
2564,250254.463041778,3688237.82238465,1,-2.24825499266888,0.069820787069216
2565,250254.400647303,3688237.74423987,1,-2.24074985076202,0.080282330682479
2566,250254.338886083,3688237.66560164,1,-2.23219856531659,0.090742622893484
2567,250254.277841218,3688237.586408,1,-2.22268910247161,0.095533513906176
2568,250254.217545159,3688237.50663757,1,-2.21352910799637,0.087666694616627
2569,250254.157946586,3688237.42633602,1,-2.20515562161905,0.07980407887542
2570,250254.09898632,3688237.34555534,1,-2.19756803132662,0.071949240625678
2571,250254.04060518,3688237.26434752,1,-2.19076544297832,0.064104273522888
2572,250253.982743987,3688237.18276453,1,-2.18474682080794,0.056269941532126
2573,250253.925343716,3688237.10085823,1,-2.17948624962809,0.050501247608201
2574,250253.868365713,3688237.01866367,1,-2.17440232592541,0.051177277237906
2575,250253.811811774,3688236.93618248,1,-2.16925078628816,0.051853543399494
2576,250253.755688471,3688236.85341236,1,-2.16403161405274,0.052529905102932
2577,250253.700002374,3688236.77035103,1,-2.15874480701545,0.053206214126726
2578,250253.644760054,3688236.68699617,1,-2.1533903781594,0.053882314944573
2579,250253.589968071,3688236.60334551,1,-2.14797070132393,0.054305147439321
2580,250253.535629904,3688236.51939885,1,-2.14257459630547,0.05361696537946
2581,250253.481741871,3688236.4351609,1,-2.13724730315089,0.052928935975273
2582,250253.428299278,3688236.35063705,1,-2.13198879897949,0.052241210242799
2583,250253.37529743,3688236.26583268,1,-2.12679904619346,0.0515539315236
2584,250253.322731631,3688236.1807532,1,-2.12167799324062,0.050867235579664
2585,250253.270597186,3688236.09540399,1,-2.11662557536734,0.050181250695573
2586,250253.218891847,3688236.00978919,1,-2.11150613358548,0.053959101628011
2587,250253.167648876,3688235.9238946,1,-2.10577698439434,0.060625184534302
2588,250253.116928333,3688235.83769219,1,-2.09938083891802,0.067298973325543
2589,250253.066790936,3688235.75115361,1,-2.09231695669736,0.07397972306256
2590,250253.017297402,3688235.6642505,1,-2.08458471601278,0.080665788491209
2591,250252.968508448,3688235.57695448,1,-2.07618370853291,0.087354531768558
2592,250252.920484791,3688235.4892372,1,-2.0671138431502,0.094042231205901
2593,250252.873285073,3688235.40107157,1,-2.05750855558824,0.09585791153326
2594,250252.826929286,3688235.31245408,1,-2.04803337686258,0.093647097908034
2595,250252.781403223,3688235.2234021,1,-2.03877882979746,0.091445465856316
2596,250252.736691501,3688235.13393374,1,-2.02974394230099,0.089254070982305
2597,250252.692778736,3688235.04406709,1,-2.02092764356118,0.087073832944885
2598,250252.649649543,3688234.95382023,1,-2.0123287773801,0.084905540684426
2599,250252.607288539,3688234.86321127,1,-2.0039461149805,0.082749857735651
2600,250252.565680377,3688234.77225828,1,-1.9957719936816,0.081202264245823
2601,250252.524816519,3688234.6809747,1,-1.98761972361978,0.081843515780467
2602,250252.484703025,3688234.58936409,1,-1.97940321989305,0.08248688589276
2603,250252.44534784,3688234.4974287,1,-1.97112228633748,0.083132058718293
2604,250252.40675891,3688234.40517082,1,-1.96277675897351,0.083778706418428
2605,250252.368944178,3688234.31259272,1,-1.95436698793894,0.084377365359507
2606,250252.331911177,3688234.21969753,1,-1.94590926014056,0.084778282175464
2607,250252.295666508,3688234.12649032,1,-1.93741111602966,0.085185662990971
2608,250252.260216646,3688234.03297643,1,-1.92887191790608,0.08559933266188
2609,250252.225568063,3688233.9391612,1,-1.92029104593215,0.086019109046152
2610,250252.191727254,3688233.84504998,1,-1.91166379459774,0.087037323611218
2611,250252.158710754,3688233.75064516,1,-1.90272457648943,0.091748863105565
2612,250252.126561787,3688233.65594137,1,-1.89331369093423,0.096470313335951
2613,250252.095327958,3688233.56093198,1,-1.88343026506692,0.101199204519964
2614,250252.065056875,3688233.46561033,1,-1.87307370526342,0.105932415882484
2615,250252.035796142,3688233.36996978,1,-1.86224376393159,0.110666142140291
2616,250252.007593364,3688233.27400371,1,-1.85094203794466,0.115275637485783
2617,250251.980495759,3688233.17770982,1,-1.8392026782506,0.119517576939706
2618,250251.954549775,3688233.08109452,1,-1.82703735532049,0.123794511604723
2619,250251.929801768,3688232.98416523,1,-1.81444269795657,0.128103762221041
2620,250251.906298092,3688232.8869294,1,-1.80141563740571,0.132441952366479
2621,250251.884085101,3688232.78939446,1,-1.78795347909889,0.136804968157714
2622,250251.863209151,3688232.69156787,1,-1.77405397835444,0.14118791944175
2623,250251.843716534,3688232.59345707,1,-1.75972527833185,0.144590384032919
2624,250251.825640077,3688232.49507439,1,-1.74529620581162,0.143998349680091
2625,250251.808982404,3688232.39644298,1,-1.73092414152772,0.143450319818312
2626,250251.793742031,3688232.29758752,1,-1.71660465563584,0.142946874884084
2627,250251.779917473,3688232.19853266,1,-1.70233326243132,0.142488552209882
2628,250251.767507156,3688232.09930304,1,-1.68812171157525,0.140076661351891
2629,250251.756477274,3688231.9999215,1,-1.67474796665383,0.127392375643352
2630,250251.74671418,3688231.90040639,1,-1.66264403276078,0.114683996183583
2631,250251.738092074,3688231.80077536,1,-1.65181135202013,0.101969893306511
2632,250251.730485159,3688231.70104607,1,-1.64224981220552,0.089262882242954
2633,250251.723767635,3688231.60123617,1,-1.633958272133,0.076570830277464
2634,250251.717813704,3688231.50136332,1,-1.62693502521444,0.063897283398288
2635,250251.712506054,3688231.40144503,1,-1.62066486707583,0.071963004436335
2636,250251.707926762,3688231.30149532,1,-1.61200870058705,0.101170355808183
2637,250251.704359646,3688231.20152473,1,-1.60042865448777,0.130441087570026
2638,250251.702097482,3688231.10154359,1,-1.58591871324686,0.159763793895942
2639,250251.701433046,3688231.00156228,1,-1.56847561756067,0.189093468642456
2640,250251.70265463,3688230.90159128,1,-1.54844572524069,0.200831946968705
2641,250251.7058674,3688230.80164681,1,-1.52913668582696,0.185354915963466
2642,250251.71093342,3688230.70175265,1,-1.51137289733998,0.169932779204031
2643,250251.71769797,3688230.60193312,1,-1.49514733228487,0.154594169251217
2644,250251.726006331,3688230.50221254,1,-1.48045071693477,0.139355595590979
2645,250251.735703784,3688230.40261522,1,-1.46727267820485,0.124222753281299
2646,250251.74663665,3688230.30316521,1,-1.45552233573713,0.113484969186936
2647,250251.758698579,3688230.20387472,1,-1.44435147443008,0.109926570095924
2648,250251.771848997,3688230.1047395,1,-1.43353806825215,0.106336762627841
2649,250251.786052183,3688230.00575411,1,-1.42308499544373,0.10272073643278
2650,250251.80127242,3688229.90691306,1,-1.41299463404875,0.09908330512489
2651,250251.817473989,3688229.80821091,1,-1.40326889965389,0.095428904194273
2652,250251.834621799,3688229.70964243,1,-1.39384228035123,0.096289238316865
2653,250251.852731036,3688229.6112216,1,-1.38363073827533,0.107952138117837
2654,250251.871903017,3688229.51299531,1,-1.37224966813447,0.119680430620188
2655,250251.89224752,3688229.41501366,1,-1.35969241667184,0.131475623731869
2656,250251.913874324,3688229.31732678,1,-1.34595242087322,0.143334308947548
2657,250251.936893206,3688229.21998477,1,-1.33102372870968,0.155247576029876
2658,250251.961413944,3688229.12303776,1,-1.3149015791249,0.167200416398424
2659,250251.987546317,3688229.02653585,1,-1.29758304139642,0.179171136360447
2660,250252.015298252,3688228.93049612,1,-1.28235263916726,0.123936642072134
2661,250252.044242309,3688228.83479447,1,-1.27279806941635,0.067158537781404
2662,250252.073834743,3688228.73926904,1,-1.26891966637354,0.010416226545918
2663,250252.103531806,3688228.64375801,1,-1.27071378238266,-0.046295167042033
2664,250252.132789748,3688228.54809954,1,-1.27817821629723,-0.102990567263929
2665,250252.161237531,3688228.45218606,1,-1.28560382712378,-0.039643182994747
2666,250252.189304589,3688228.35616152,1,-1.28609237205846,0.029875750932515
2667,250252.217652103,3688228.26024271,1,-1.27962652178809,0.099457901236599
2668,250252.246941279,3688228.1646464,1,-1.26619722551402,0.169142220568093
2669,250252.27783332,3688228.06958938,1,-1.24579792241863,0.238822977480983
2670,250252.310852798,3688227.97524562,1,-1.22308851086526,0.207712533792624
2671,250252.345837384,3688227.88157381,1,-1.20428597951538,0.16835256848197
2672,250252.382409362,3688227.78846515,1,-1.18941392675637,0.129112113858773
2673,250252.420190942,3688227.69581081,1,-1.17845886172353,0.090010539028318
2674,250252.45880433,3688227.60350197,1,-1.17140847214013,0.051008006266837
2675,250252.497913415,3688227.51144002,1,-1.16679636005335,0.045592263094456
2676,250252.537429205,3688227.41958699,1,-1.16225821853165,0.04516676921974
2677,250252.577353438,3688227.32792717,1,-1.15776375777504,0.044718729640316
2678,250252.617687994,3688227.23644488,1,-1.15331520717561,0.044248654108662
2679,250252.658434752,3688227.14512446,1,-1.14891474332337,0.043757088624006
2680,250252.699595591,3688227.05395021,1,-1.14456448647044,0.043244613635623
2681,250252.741196615,3688226.9629229,1,-1.13909688250235,0.074337798641061
2682,250252.783482115,3688226.87219123,1,-1.12954923436121,0.116639071707039
2683,250252.82681191,3688226.78198228,1,-1.11576305970718,0.15911852638535
2684,250252.871546871,3688226.69252381,1,-1.09771863579533,0.201801907626363
2685,250252.918047871,3688226.6040436,1,-1.07539777459555,0.244628697764154
2686,250252.966669456,3688226.5167656,1,-1.04943437829431,0.250430360584181
2687,250253.017419895,3688226.43070464,1,-1.02760215640361,0.186190638477631
2688,250253.06978909,3688226.34556241,1,-1.01219616310159,0.121945846648778
2689,250253.123224433,3688226.26101498,1,-1.00320833624827,0.057835556673787
2690,250253.177173313,3688226.17673839,1,-1.00062486186723,-0.006151395635353
2691,250253.231083119,3688226.09240868,1,-1.00443724994986,-0.070097126731605
2692,250253.284403489,3688226.00770328,1,-1.01431531229117,-0.106473796569899
2693,250253.33688739,3688225.92248543,1,-1.02239386888306,-0.055097847607428
2694,250253.388894605,3688225.83699016,1,-1.02533481458552,-0.00371842674223
2695,250253.44085717,3688225.75149674,1,-1.02313633209298,0.047697759819345
2696,250253.493207122,3688225.66628447,1,-1.0157927845715,0.099187029474361
2697,250253.546376496,3688225.58163262,1,-1.00329645211948,0.150747887149599
2698,250253.600797331,3688225.49782047,1,-0.985643371611199,0.202299800223707
2699,250253.656898395,3688225.41512542,1,-0.963196450069785,0.231572572259133
2700,250253.714892115,3688225.33369927,1,-0.94092654450174,0.213838655332182
2701,250253.77464331,3688225.25349211,1,-0.920425179498535,0.196210245506639
2702,250253.835985419,3688225.17443578,1,-0.901679587643097,0.178728460265013
2703,250253.89875188,3688225.09646214,1,-0.884673819473181,0.161416177186984
2704,250253.962776131,3688225.01950304,1,-0.869390461276038,0.144280153260787
2705,250254.027892062,3688224.94349042,1,-0.855771894891664,0.130043755144594
2706,250254.093970285,3688224.86836273,1,-0.84315043467786,0.122379128796585
2707,250254.160944587,3688224.79406965,1,-0.83129711993604,0.114682907808531
2708,250254.228754992,3688224.72056197,1,-0.820214526304733,0.106966423840918
2709,250254.297341526,3688224.64779046,1,-0.809904198012377,0.099238991018559
2710,250254.366644215,3688224.57570591,1,-0.800366844083927,0.091508019420449
2711,250254.436602846,3688224.50425879,1,-0.791630390684466,0.082432581389638
2712,250254.507148707,3688224.43338858,1,-0.783936218769884,0.0714507547178
2713,250254.578202439,3688224.36302095,1,-0.777340178415592,0.060470681608667
2714,250254.649684014,3688224.29308074,1,-0.771841915941624,0.049495530813324
2715,250254.721513401,3688224.22349275,1,-0.767440873445652,0.03852628468907
2716,250254.79361057,3688224.1541818,1,-0.764136487448649,0.02756213894259
2717,250254.865897111,3688224.08507407,1,-0.761814738333897,0.02068997338488
2718,250254.938323659,3688224.01612022,1,-0.759925893146968,0.017086650853382
2719,250255.010865973,3688223.94729208,1,-0.75839745467284,0.0134819308269
2720,250255.083500636,3688223.87856215,1,-0.75722953618577,0.009876332929327
2721,250255.156204234,3688223.80990296,1,-0.756422201731133,0.006270324424576
2722,250255.228954278,3688223.7412881,1,-0.755873696797403,0.007562718117385
2723,250255.301761213,3688223.67272893,1,-0.754708321149726,0.015744867194458
2724,250255.374676554,3688223.60428397,1,-0.752724689978596,0.02392800713316
2725,250255.447754396,3688223.53601467,1,-0.749922656722806,0.03211302106711
2726,250255.521048834,3688223.4679825,1,-0.746302009159507,0.04030031166155
2727,250255.594613961,3688223.40024892,1,-0.741862525690254,0.048489636242745
2728,250255.668503872,3688223.33287539,1,-0.736604048136664,0.056679941521087
2729,250255.74277002,3688223.26592045,1,-0.730693839109771,0.06013647045504
2730,250255.817437234,3688223.19941316,1,-0.724605608914331,0.061627659541817
2731,250255.892514924,3688223.1333655,1,-0.718368411828611,0.063115708481186
2732,250255.968012312,3688223.06778924,1,-0.711982592468991,0.064599998548569
2733,250256.043938619,3688223.00269617,1,-0.705448559338138,0.066079870683837
2734,250256.120303068,3688222.93809806,1,-0.698766788874242,0.067554625198177
2735,250256.197114883,3688222.87400668,1,-0.691934783007238,0.069879649221003
2736,250256.274395641,3688222.81045557,1,-0.684271466548972,0.083392538401594
2737,250256.352206872,3688222.74754856,1,-0.675254997881339,0.096943599560444
2738,250256.430618164,3688222.68540371,1,-0.664881367551233,0.110535855721037
2739,250256.50969911,3688222.62413906,1,-0.65314652364798,0.124167000017876
2740,250256.589519299,3688222.56387264,1,-0.640046945018538,0.137828588397709
2741,250256.670148321,3688222.5047225,1,-0.625580295745999,0.15150522493462
2742,250256.751655769,3688222.44680668,1,-0.609746160489843,0.165173764156236
2743,250256.834095009,3688222.39022146,1,-0.59343107574933,0.159586572970193
2744,250256.91743681,3688222.33495233,1,-0.577835281265393,0.152331848851114
2745,250257.001625723,3688222.28094959,1,-0.562963995976128,0.145098343357448
2746,250257.086606285,3688222.22816356,1,-0.548814551796762,0.137896584876778
2747,250257.172323033,3688222.17654453,1,-0.535383344281058,0.130734795994449
2748,250257.258720507,3688222.12604279,1,-0.522666055935271,0.123619040060994
2749,250257.345743244,3688222.07660866,1,-0.510657864592487,0.116553372553415
2750,250257.433343884,3688222.02820693,1,-0.498800173068165,0.121838268281582
2751,250257.521518872,3688221.9808809,1,-0.4862816658858,0.128540254157614
2752,250257.610279397,3688221.93470025,1,-0.473090509581962,0.135290561436835
2753,250257.699636656,3688221.88973468,1,-0.459222108585724,0.142084156405392
2754,250257.789601848,3688221.84605391,1,-0.444672463615286,0.148914124873545
2755,250257.880186171,3688221.80372764,1,-0.429438366301307,0.155771541415291
2756,250257.971400031,3688221.76282321,1,-0.413700096543155,0.153701831346171
2757,250258.063224523,3688221.72332039,1,-0.399083666016141,0.138616119901459
2758,250258.155603472,3688221.68508764,1,-0.38597839235894,0.123484501200355
2759,250258.248478297,3688221.6479862,1,-0.374387276350784,0.108337282453818
2760,250258.341790413,3688221.61187732,1,-0.364310719763651,0.09319629768427
2761,250258.43548124,3688221.57662224,1,-0.355744479128174,0.079685930228129
2762,250258.529512521,3688221.54216469,1,-0.346250764230649,0.110209036447571
2763,250258.623919147,3688221.50874516,1,-0.333697480241709,0.14088687856865
2764,250258.718752453,3688221.47667084,1,-0.318066834147095,0.171760037536574
2765,250258.814063776,3688221.44624896,1,-0.299338871818192,0.202829584871141
2766,250258.909904452,3688221.41778673,1,-0.27749590981748,0.23404737795191
2767,250259.006325815,3688221.39159134,1,-0.252527956263493,0.265306072639215
2768,250259.103369518,3688221.36792497,1,-0.226347759925582,0.243755691452909
2769,250259.200985418,3688221.34662297,1,-0.204058650619663,0.20201402474861
2770,250259.299072728,3688221.32728516,1,-0.185944407911735,0.160285242016377
2771,250259.397530133,3688221.3095089,1,-0.171997332514894,0.118681764053733
2772,250259.496256315,3688221.29289158,1,-0.162202848409975,0.077232451322869
2773,250259.595149958,3688221.27703056,1,-0.156546736087385,0.035905016485871
2774,250259.694112291,3688221.26153783,1,-0.154123045936329,0.030858159623727
2775,250259.793104479,3688221.24636913,1,-0.149441917615559,0.062774749953349
2776,250259.892148361,3688221.2318283,1,-0.141565481688101,0.094769134247318
2777,250259.991268476,3688221.21823463,1,-0.130484878673848,0.126858913491197
2778,250260.090489362,3688221.20590741,1,-0.116190857636437,0.159032623006185
2779,250260.189835558,3688221.19516595,1,-0.098677193813144,0.191239487681576
2780,250260.289331602,3688221.18632953,1,-0.077945131954801,0.223379221119973
2781,250260.388994981,3688221.17963215,1,-0.056742598587841,0.197143291856883
2782,250260.488809383,3688221.17489888,1,-0.038529842874072,0.167110536119371
2783,250260.588748378,3688221.17183241,1,-0.023319365862284,0.137110034920738
2784,250260.688785535,3688221.1701354,1,-0.011104960659693,0.107194559026238
2785,250260.788894422,3688221.1695105,1,-0.001877060601752,0.077379935662156
2786,250260.889048607,3688221.16966036,1,0.004373986375779,0.047653431471907
2787,250260.989220794,3688221.17032345,1,0.00919215886644,0.062035940332722
2788,250261.089374668,3688221.17161075,1,0.017072345549365,0.095585662690436
2789,250261.189468564,3688221.17385441,1,0.028313557508505,0.129262302239973
2790,250261.289460747,3688221.17738949,1,0.042929651313417,0.163082837533827
2791,250261.38930948,3688221.18255107,1,0.060934084642608,0.197020287142119
2792,250261.488973027,3688221.1896742,1,0.082334908576709,0.230991452010954
2793,250261.58840973,3688221.19909328,1,0.107004994598834,0.249497798208781
2794,250261.687606574,3688221.21089872,1,0.128871434918126,0.187812215764854
2795,250261.786621899,3688221.22457301,1,,0.126142835171738
2796,250261.885524974,3688221.23950556,1,0.154105198742247,0.064624572752455
2797,250261.984385064,3688221.25508579,1,0.157497958827322,0.003248721890485
2798,250262.083271438,3688221.27070313,1,0.154756973237649,-0.058066337586315
2799,250262.182235001,3688221.28586859,1,0.150125551782754,-0.021751157512417
2800,250262.281217347,3688221.30081707,1,0.150503784550574,0.029322651598158
2801,250262.380119783,3688221.31605029,1,0.15599253635346,0.080469330930777
2802,250262.478843554,3688221.33207035,0,0.166601546984708,0.131730795370076
2803,250262.577289904,3688221.34937937,0,0.18234192907852,0.183085797598592
2804,250262.675360078,3688221.36847948,0,0.203217806529216,0.234408971053096
2805,250262.772958189,3688221.38985535,0,0.228172991158919,0.244513939760143
2806,250262.870051762,3688221.4136062,0,0.251146438158145,0.214967002892997
2807,250262.966670351,3688221.43945421,0,0.27117046910051,0.18554050664124
2808,250263.0628461,3688221.46710579,0,0.288260697008098,0.156297141773243
2809,250263.158611153,3688221.49626738,0,0.30243654050344,0.127251756367297
2810,250263.253997654,3688221.5266454,0,0.31371686332465,0.098379774934867
2811,250263.349035938,3688221.55797395,0,0.323057914108998,0.091650366497631
2812,250263.443745083,3688221.5901594,0,0.332073209188179,0.088650262379069
2813,250263.538139841,3688221.6231743,0,0.340786974972424,0.085620403401534
2814,250263.632234957,3688221.65699131,0,0.349196419544534,0.082564428043541
2815,250263.726045174,3688221.69158313,0,0.357299104889704,0.079485775174948
2816,250263.819585022,3688221.72692282,0,0.365142604363717,0.080096216982749
2817,250263.912847144,3688221.76302353,0,0.373689527302194,0.090845738119141
2818,250264.005783717,3688221.79997248,0,0.383312432352064,0.101615565084401
2819,250264.098342538,3688221.83786492,0,0.394013207338024,0.112402284386864
2820,250264.190471407,3688221.87679611,0,0.405793224679165,0.123198935918007
2821,250264.282118121,3688221.91686128,0,0.418652967177183,0.133994623270602
2822,250264.373232112,3688221.9581488,0,0.432321287584972,0.137754943602709
2823,250264.463776131,3688222.00069082,0,0.446181413491557,0.139456572823795
2824,250264.553719435,3688222.04449205,0,0.460214379395441,0.141211514740972
2825,250264.643031323,3688222.08955703,0,0.474425445513909,0.143018323722318
2826,250264.731681094,3688222.13589028,0,0.488819719881406,0.144875399294294
2827,250264.819638049,3688222.18349634,0,0.503402142126931,0.146780971337374
2828,250264.906876976,3688222.23237215,0,0.517744184387125,0.135268965372154
2829,250264.99344204,3688222.28241893,0,0.530322145123708,0.116285402660464
2830,250265.079424954,3688222.3334723,0,0.541000779527858,0.097286859192296
2831,250265.164918361,3688222.38536655,0,0.549779716235302,0.078293942607837
2832,250265.2500149,3688222.43793603,0,0.556660100794136,0.059316726173583
2833,250265.334807214,3688222.49101506,0,0.56164364549198,0.040356817324529
2834,250265.419384692,3688222.54444307,0,0.565131597588539,0.038966231091929
2835,250265.50374356,3688222.59820633,0,0.57000925843917,0.05858996931117
2836,250265.587775363,3688222.65245609,0,0.576850262887696,0.078233625278178
2837,250265.671366081,3688222.70735234,0,0.585656635209059,0.097896530582436
2838,250265.754401693,3688222.7630551,0,0.59642989888591,0.117568953331036
2839,250265.836768179,3688222.81972437,0,0.609169829621445,0.136788366498775
2840,250265.918393813,3688222.87745913,0,0.621669286220033,0.113198244008427
2841,250265.999370948,3688222.93612159,0,0.631809498214761,0.089608084977693
2842,250266.079831716,3688222.99551659,0,0.639591549695921,0.066036821963229
2843,250266.159908252,3688223.05544894,0,0.645017637414802,0.042488437149903
2844,250266.239732689,3688223.11572345,0,0.64808977412896,0.018955927562352
2845,250266.319430595,3688223.17615442,0,0.649400229005083,0.015683158266671
2846,250266.399022721,3688223.23670725,0,0.65152692478235,0.02685101310867
2847,250266.478445628,3688223.29746872,0,0.654770443100231,0.038019178632861
2848,250266.557633501,3688223.35852905,0,0.659130667050694,0.049184493025894
2849,250266.636520523,3688223.41997844,0,0.664607095942404,0.060342373412359
2850,250266.715040984,3688223.48190687,0,0.671172422025829,0.06975576619424
2851,250266.793137147,3688223.54438508,0,0.678420044179662,0.075199377538107
2852,250266.870764665,3688223.60745156,0,0.686212839737306,0.080659232810417
2853,250266.947880474,3688223.67114172,0,0.694552421285344,0.086134980362892
2854,250267.024441511,3688223.73549097,0,0.703440330662658,0.091625547596759
2855,250267.10040471,3688223.80053471,0,0.712877964064062,0.097129084825685
2856,250267.175727307,3688223.86630803,0,0.722811948149666,0.098050757251729
2857,250267.250407714,3688223.93280324,0,0.731925982356762,0.084227861737097
2858,250267.324527096,3688223.99992663,0,0.739657296314826,0.070398079853349
2859,250267.398176524,3688224.06757419,0,0.746005643127947,0.056569507307074
2860,250267.471447074,3688224.13564193,0,0.750971376907582,0.042746200558333
2861,250267.544429817,3688224.20402584,0,0.754555088560248,0.028928971841503
2862,250267.617215828,3688224.27262192,0,0.756757321188438,0.015116185355114
2863,250267.689896024,3688224.34132635,0,0.757610208489009,0.004105465978669
2864,250267.762537332,3688224.41006354,0,0.757946049005625,0.002611280983053
2865,250267.835157096,3688224.47881631,0,0.758132453944685,0.001116773703401
2866,250267.907766517,3688224.54757465,0,0.758169396837434,-0.00037794086573
2867,250267.980376796,3688224.61632861,0,0.758056862671371,-0.001872748430607
2868,250268.052999136,3688224.6850682,0,0.757794847869144,-0.003367534418587
2869,250268.125644739,3688224.75378344,0,0.757383360365448,-0.004862182998101
2870,250268.198323697,3688224.82246533,0,0.756879042104364,-0.004909830311392
2871,250268.271037429,3688224.89111258,0,0.756405755086408,-0.004555920321832
2872,250268.343783277,3688224.9597275,0,0.755967856093979,-0.004202068707181
2873,250268.416558558,3688225.02831241,0,0.755565339620432,-0.003848268823497
2874,250268.489360589,3688225.09686966,0,0.755198200831414,-0.003494513871012
2875,250268.562186687,3688225.16540156,0,0.754866435579798,-0.003140796907144
2876,250268.635033813,3688225.23391085,0,0.754602812950781,-0.001428325776311
2877,250268.707890014,3688225.30240996,0,0.75461850688167,0.001742210330787
2878,250268.780734005,3688225.37092151,0,0.754951256222986,0.004912782444176
2879,250268.85354406,3688225.43946857,0,0.755601064443567,0.008083386255554
2880,250268.926298452,3688225.50807426,0,0.756567933920302,0.011254002640463
2881,250268.998975457,3688225.57676165,0,0.757851863978395,0.014424588096075
2882,250269.071553444,3688225.64555375,0,0.759429714070953,0.015053287811635
2883,250269.144036802,3688225.714446,0,0.760395387735425,0.004260210524186
2884,250269.216490976,3688225.7833693,0,0.760281759651997,-0.006532767439655
2885,250269.288990162,3688225.85224525,0,0.759088833069635,-0.017325773129359
2886,250269.361608556,3688225.92099547,0,0.756816606804153,-0.028118705295706
2887,250269.434420353,3688225.98954157,0,0.753465116926491,-0.03891085723273
2888,250269.507493991,3688226.05781124,0,0.749512051876557,-0.031506425318054
2889,250269.58077979,3688226.1258564,0,0.747554891931263,-0.007637188080986
2890,250269.65411739,3688226.19384544,0,0.747984596254746,0.01623155249498
2891,250269.727342161,3688226.26195123,0,0.750801324277136,0.040103856040263
2892,250269.800289475,3688226.33034662,0,0.756005536706186,0.06398100830311
2893,250269.872796049,3688226.39920308,0,0.763402977391957,0.074914960465207
2894,250269.944802249,3688226.46858355,0,0.769935341009182,0.0557318206097
2895,250270.01642384,3688226.53836734,0,0.77454936457216,0.036549167389044
2896,250270.087793541,3688226.60841602,0,0.777245307185855,0.017370360676275
2897,250270.159044072,3688226.67859113,0,0.778023544583587,-0.001805273598383
2898,250270.230308152,3688226.74875426,0,0.776884271662,-0.020980325350051
2899,250270.30171694,3688226.81876856,0,0.773987742845596,-0.032525271611696
2900,250270.373347603,3688226.88855315,0,0.770684570062876,-0.033538191476821
2901,250270.445210787,3688226.95809602,0,0.767280104596415,-0.034551109611924
2902,250270.517313038,3688227.02738943,0,0.763774351495361,-0.035563926746267
2903,250270.589660901,3688227.09642563,0,0.760167326265307,-0.03657653297166
2904,250270.662260923,3688227.16519687,0,0.75645905594695,-0.037588807445206
2905,250270.735119649,3688227.23369541,0,0.752649580224127,-0.038600618099293
2906,250270.808239685,3688227.30191765,0,0.749056181164668,-0.027916204604465
2907,250270.881548817,3688227.36993921,0,0.747291939181542,-0.007368920618642
2908,250270.954907865,3688227.43790656,0,0.747582384661185,0.013178023083243
2909,250271.028175283,3688227.50596866,0,0.74992762965272,0.033727486809783
2910,250271.101209523,3688227.57427449,0,0.754328010490835,0.054280662128593
2911,250271.173869041,3688227.64297303,0,0.760783790713028,0.074834467150118
2912,250271.246021098,3688227.712204,0,0.768572531977892,0.068163995509829
2913,250271.31770911,3688227.78192212,0,0.773851618449464,0.037418853847433
2914,250271.389139121,3688227.85191131,0,0.776056542239678,0.006680543389791
2915,250271.460523271,3688227.9219491,0,0.7751877937308,-0.024055832041404
2916,250271.532073698,3688227.99181302,0,0.771245206452427,-0.054797061622268
2917,250271.604002542,3688228.06128058,0,0.764228203309804,-0.0855431161335
2918,250271.676485363,3688228.13016767,0,0.756138051895086,-0.065915277141567
2919,250271.749422678,3688228.19857863,0,0.751178774537002,-0.033271208644973
2920,250271.822589865,3688228.26674901,0,0.749483614368556,-0.000632659634391
2921,250271.895761673,3688228.33491505,0,0.751052226604091,0.032005415924438
2922,250271.968712849,3688228.40331298,0,0.755884868071857,0.064648266094755
2923,250272.041221441,3688228.4721755,0,0.76364217506251,0.081345883390544
2924,250272.11317598,3688228.54161739,0,0.771537688629135,0.076564208035676
2925,250272.184599013,3688228.61161038,0,0.778955020509253,0.071782630337107
2926,250272.255521147,3688228.68211761,0,0.785894286068139,0.067003177345264
2927,250272.325972988,3688228.75310221,0,0.792355778443573,0.062227382989518
2928,250272.395985148,3688228.82452729,0,0.798336956920192,0.056107646998885
2929,250272.46562983,3688228.89631531,0,0.802175266103524,0.020659816027557
2930,250272.535125106,3688228.9682461,0,0.802469000920595,-0.014785850662994
2931,250272.604721004,3688229.0400682,0,0.799217711652378,-0.050242861499883
2932,250272.674667551,3688229.11153018,0,0.792419764719842,-0.085719157644471
2933,250272.745214775,3688229.1823806,0,0.782073568509113,-0.121203722699301
2934,250272.816604615,3688229.25237621,0,0.76897097771103,-0.120422194873531
2935,250272.888823107,3688229.32153267,0,0.759307211058516,-0.072856696749099
2936,250272.961554242,3688229.39017122,0,0.754398628290631,-0.025319853581242
2937,250273.034464613,3688229.45863071,0,0.754242624954798,0.022199099015186
2938,250273.107220814,3688229.52725,0,0.758838798836106,0.069728072964137
2939,250273.179489438,3688229.59636793,0,0.768189055224775,0.117279941536875
2940,250273.250963705,3688229.66629624,0,0.780499705867925,0.10830246987179
2941,250273.321684693,3688229.73699256,0,0.789256550503499,0.066835534967186
2942,250273.391937575,3688229.80816604,0,0.793867308482838,0.025382319795255
2943,250273.462012572,3688229.87952066,0,0.794333359290745,-0.016060986272179
2944,250273.532199903,3688229.95076042,0,0.790654869346689,-0.057511273138198
2945,250273.602789791,3688230.02158933,0,0.782830551850855,-0.098977156018467
2946,250273.674058865,3688230.09172526,0,0.771959226558298,-0.098938137792396
2947,250273.746011084,3688230.16116447,0,0.763908479281329,-0.062077201692113
2948,250273.818398234,3688230.23016069,0,0.759543465342775,-0.02522504855992
2949,250273.89096262,3688230.29897734,0,0.75886317966461,0.011618749738097
2950,250273.963446544,3688230.36787782,0,0.761867298770369,0.048464894758101
2951,250274.035595372,3688230.43712241,0,0.768203069069393,0.066303865687816
2952,250274.107296052,3688230.50682655,0,0.774118098035458,0.051995872907281
2953,250274.178633723,3688230.57690295,0,0.778602162281413,0.037685332600359
2954,250274.249708307,3688230.64724918,0,0.781655186613101,0.023375376842087
2955,250274.320619726,3688230.71776281,0,0.783277285960226,0.009066822537404
2956,250274.391467901,3688230.78834143,0,0.783468577823656,-0.005240949231715
2957,250274.46235275,3688230.85888261,0,0.78223248204231,-0.018370063629848
2958,250274.533346004,3688230.92931273,0,0.780702409199137,-0.012231325328441
2959,250274.604424499,3688230.99965512,0,0.779786227351543,-0.006092271170408
2960,250274.675545126,3688231.06995349,0,0.77948396180711,4.69905452288917E-05
2961,250274.746664772,3688231.14025156,0,0.779795631065672,0.006186420395546
2962,250274.817740327,3688231.21059303,0,0.780721250236491,0.012325978422023
2963,250274.888732987,3688231.2810173,0,0.781990077218897,0.010449405782497
2964,250274.959652437,3688231.35151517,0,0.78274865191099,0.004722074253563
2965,250275.030538918,3688231.42204685,0,0.782934492417598,-0.001005248384833
2966,250275.101433144,3688231.49257206,0,0.782547607997693,-0.006732397783955
2967,250275.172375832,3688231.56305051,0,0.781588024369333,-0.012459199720212
2968,250275.243407698,3688231.63344193,0,0.780055787513983,-0.018185413762932
2969,250275.314569447,3688231.70370605,0,0.777957807477838,-0.02202185103569
2970,250275.385863547,3688231.77384015,0,0.776774372364057,-0.001647256251034
2971,250275.45716923,3688231.84396254,0,0.777628349286348,0.018727137130334
2972,250275.528340948,3688231.91421585,0,0.780519933079794,0.039105451510178
2973,250275.599233153,3688231.98474273,0,0.785449635400345,0.059489477842991
2974,250275.669700297,3688232.05568582,0,0.79241792456228,0.079876134326973
2975,250275.739605311,3688232.12717946,0,0.800772154820872,0.076340598075933
2976,250275.808969957,3688232.19920253,0,0.807233497879354,0.052886570275898
2977,250275.877956979,3688232.2715959,0,0.811349636586213,0.029437282882849
2978,250275.946734022,3688232.34419565,0,0.813121150462802,0.005993713938104
2979,250276.015468727,3688232.41683788,0,0.81254844189235,-0.01744801235328
2980,250276.084328739,3688232.48935865,0,0.80963144411031,-0.040892759254722
2981,250276.153459635,3688232.5616157,0,0.805452107320315,-0.039066576928921
2982,250276.222870564,3688232.63360055,0,0.801848606282312,-0.033003095253987
2983,250276.29251858,3688232.70535583,0,0.798851538842427,-0.026938084265758
2984,250276.362360635,3688232.77692425,0,0.79646100987293,-0.020872450056431
2985,250276.43235368,3688232.84834853,0,0.794677049052945,-0.014806801512337
2986,250276.502454666,3688232.91967139,0,0.793499637250556,-0.008741517116223
2987,250276.57261468,3688232.99094087,0,0.793219520157065,0.004459622937043
2988,250276.642743483,3688233.06224235,0,0.794406557652375,0.019281378090456
2989,250276.712733078,3688233.13367729,0,0.797075887006588,0.034105827855454
2990,250276.782475398,3688233.20534719,0,0.801227861948718,0.048934364434926
2991,250276.851862376,3688233.27735358,0,0.80686287116224,0.063766131439768
2992,250276.920785947,3688233.34979797,0,0.813981064417439,0.078597043588012
2993,250276.989150647,3688233.42277001,0,0.821756077946751,0.067145839957676
2994,250277.057029721,3688233.49620056,0,0.827122150501518,0.040176534883013
2995,250277.124616822,3688233.56990716,0,0.829791605273638,0.013213548200663
2996,250277.192108197,3688233.64370489,0,0.829764976646462,-0.013746039324639
2997,250277.259700096,3688233.71740884,0,0.827042314056008,-0.040708027553167
2998,250277.327588765,3688233.7908341,0,0.821623187824129,-0.067675219174401
2999,250277.395970454,3688233.86379575,0,0.813507282927773,-0.094641537412169
3000,250277.464963655,3688233.93618205,0,0.805937600649862,-0.055950522490923
3001,250277.53436422,3688234.00818475,0,0.802317392845347,-0.016455125925535
3002,250277.603884333,3688234.08007436,0,0.802646429477327,0.023036147575176
3003,250277.673236177,3688234.15212135,0,0.806924868569176,0.062534448171738
3004,250277.742131935,3688234.22459622,0,0.815153598245916,0.102040146903093
3005,250277.810295848,3688234.29775776,0,0.826475594502291,0.112399063223062
3006,250277.877641286,3688234.3716812,0,0.837213419126596,0.10235877031346
3007,250277.944231815,3688234.44629602,0,0.846947736869855,0.092330023242257
3008,250278.01013514,3688234.52152768,0,0.85567998153244,0.08231791613215
3009,250278.075418965,3688234.59730166,0,0.863411954546555,0.072324760330713
3010,250278.140151269,3688234.67354321,0,0.870101663965623,0.058493467291327
3011,250278.204441892,3688234.75014827,0,0.874605255145421,0.031576943108899
3012,250278.268487148,3688234.82695218,0,0.876416870687538,0.004654733169279
3013,250278.33249405,3688234.90378277,0,0.875536090470639,-0.022270849759316
3014,250278.396669608,3688234.98046788,0,0.871962626304329,-0.049198504132684
3015,250278.461220835,3688235.05683534,0,0.865696513582894,-0.076122083695228
3016,250278.526308004,3688235.13275206,0,0.85891342856074,-0.051266818001794
3017,250278.5917873,3688235.2083391,0,0.8555214887648,-0.01657358062641
3018,250278.657393251,3688235.2838192,0,0.855598545719989,0.018114854615822
3019,250278.722860064,3688235.35941538,0,0.859144677583572,0.052809608882699
3020,250278.787921948,3688235.43535063,0,0.866160852081999,0.087515264883894
3021,250278.852318349,3688235.51184359,0,0.876127437803432,0.095826840674684
3022,250278.915999541,3688235.58893628,0,0.884097567963964,0.063575754853919
3023,250278.979193857,3688235.66643784,0,0.888842824761472,0.031331087405922
3024,250279.042148638,3688235.74414146,0,0.890364083984709,-0.000904949376791
3025,250279.105111229,3688235.82184033,0,0.888661870380594,-0.033139911886829
3026,250279.168328971,3688235.89932768,0,0.883735883489661,-0.065381073595122
3027,250279.232002642,3688235.97643557,0,0.877564758855428,-0.054575221162849
3028,250279.296095666,3688236.05319426,0,0.872836136874754,-0.039996955480941
3029,250279.360496035,3688236.12969699,0,0.869565372162607,-0.025418472690024
3030,250279.42509171,3688236.20603702,0,0.867752405216729,-0.010841049482143
3031,250279.489770653,3688236.28230763,0,0.867397137641103,0.00373565800581
3032,250279.554421132,3688236.35860181,0,0.868450007326112,0.014224843803467
3033,250279.618971622,3688236.43497912,0,0.869758084650696,0.011936669790344
3034,250279.683430337,3688236.51143276,0,0.870837335860743,0.009648332449321
3035,250279.74781489,3688236.58794813,0,0.871687747610005,0.007359888686488
3036,250279.812142891,3688236.6645106,0,0.872309311455251,0.005071380254577
3037,250279.876431952,3688236.74110555,0,0.872702022520518,0.002782837345001
3038,250279.940699732,3688236.81771834,0,0.872861348097059,0.000278763537572
3039,250280.004965563,3688236.89433289,0,0.87274916556479,-0.00252241184619
3040,250280.069250831,3688236.97093135,0,0.872356866454815,-0.00532356522219
3041,250280.13357705,3688237.0474958,0,0.87168445393814,-0.008124675646864
3042,250280.197965734,3688237.1240083,0,0.870731933851696,-0.010925709646535
3043,250280.262438397,3688237.2004509,0,0.869499316280934,-0.013726614626153
3044,250280.327007606,3688237.27681312,0,0.868456607166264,-0.003881286793665
3045,250280.391606293,3688237.35315084,0,0.868779108864933,0.010331352796062
3046,250280.456125623,3688237.42955471,0,0.870522897219936,0.024544556351981
3047,250280.520456393,3688237.50611572,0,0.87368804689246,0.03875851303538
3048,250280.5844894,3688237.58292484,0,0.87827458426024,0.052971924411985
3049,250280.648115967,3688237.66007261,0,0.884184869825717,0.057946659619855
3050,250280.711324699,3688237.73756821,0,0.888501733146179,0.028391726557316
3051,250280.774314677,3688237.81524485,0,0.889863389083276,-0.001158236005857
3052,250280.837312467,3688237.89291273,0,0.888270025059583,-0.030710015068756
3053,250280.900544633,3688237.97038206,0,0.88372110042653,-0.060270095287583
3054,250280.964237744,3688238.04746305,0,0.876215763796734,-0.08983691483006
3055,250281.028590716,3688238.12398918,0,0.867226682529281,-0.079392224653582
3056,250281.093550495,3688238.20000606,0,0.860526492409447,-0.054611722879851
3057,250281.158929313,3688238.27567268,0,0.856304169601199,-0.029835936315253
3058,250281.224538132,3688238.3511491,0,0.854559070037583,-0.005067019988901
3059,250281.290187913,3688238.42659541,0,0.855290646794582,0.019698363086455
3060,250281.35568969,3688238.50217159,0,0.858479226103532,0.041777055930263
3061,250281.420889011,3688238.5780074,0,0.862971560615032,0.048070218300484
3062,250281.485721317,3688238.65415373,0,0.868093381537082,0.054366714831942
3063,250281.550136501,3688238.73064881,0,0.873844991592397,0.060665830120687
3064,250281.614084452,3688238.80753088,0,0.880226590238521,0.066966201635772
3065,250281.677515064,3688238.88483816,0,0.887238205173144,0.073265744175742
3066,250281.740388951,3688238.96260023,0,0.894204992753443,0.057557306158366
3067,250281.802819124,3688239.04072348,0,0.89848125970354,0.027968980130623
3068,250281.86503191,3688239.11902276,0,0.899798941019148,-0.001615023477833
3069,250281.927256328,3688239.19731071,0,0.898158200312306,-0.031200653860748
3070,250281.989721397,3688239.27539999,0,0.893558562721903,-0.060793436922038
3071,250282.052656138,3688239.35310326,0,0.885999345697949,-0.090390704329738
3072,250282.116256961,3688239.4302599,0,0.87714337321561,-0.076279795820784
3073,250282.180446576,3688239.50693371,0,0.870907555512469,-0.04843740296292
3074,250282.245010946,3688239.58330056,0,0.867455641418678,-0.02060217085588
3075,250282.309735021,3688239.65953719,0,0.86678693598199,0.007227659965206
3076,250282.374403753,3688239.73582032,0,0.868901213431532,0.035058635420612
3077,250282.438802091,3688239.81232666,0,0.87379887249248,0.062895622123497
3078,250282.502762153,3688239.88919426,0,0.879531478231437,0.049222048373125
3079,250282.56634271,3688239.96637527,0,0.883634907701235,0.032846247428433
3080,250282.629670534,3688240.04376607,0,0.886100719769801,0.016470119976165
3081,250282.69287241,3688240.12126303,0,0.886928970217814,9.51039954324199E-05
3082,250282.756075124,3688240.19876252,0,0.886119781389331,-0.016278687626243
3083,250282.819405397,3688240.27616097,0,0.883686820834985,-0.031100476110563
3084,250282.882970881,3688240.35336885,0,0.880201937111804,-0.038597747625274
3085,250282.946833539,3688240.43033038,0,0.875967151778791,-0.046098583392369
3086,250283.01104863,3688240.50699469,0,0.870982097363553,-0.053603085315972
3087,250283.075671416,3688240.58331095,0,0.865246434045248,-0.06111057714338
3088,250283.140757156,3688240.65922829,0,0.858759933869856,-0.0686194764533
3089,250283.206356536,3688240.73469991,0,0.851890742918995,-0.061328710463963
3090,250283.272413791,3688240.80977305,0,0.846869650554158,-0.039093266402702
3091,250283.338766028,3688240.88458964,0,0.844072007602052,-0.016860090162679
3092,250283.405245646,3688240.95929576,0,0.84349755703297,0.005370904731847
3093,250283.471685042,3688241.03403746,0,0.845146202931564,0.027602304579844
3094,250283.537916615,3688241.10896084,0,0.84901809566021,0.04983589934167
3095,250283.603798155,3688241.18418981,0,0.853920221302048,0.043905635695133
3096,250283.669349032,3688241.25970733,0,0.857760422766043,0.032898329170558
3097,250283.734651958,3688241.33544106,0,0.860499895933862,0.021891246716103
3098,250283.799789792,3688241.41131857,0,0.862138698366515,0.010884925459596
3099,250283.864845394,3688241.48726739,0,0.862676898222488,-0.000120893078905
3100,250283.929901605,3688241.56321511,0,0.862121243123226,-0.009921226322874
3101,250283.995022788,3688241.63910558,0,0.861118892431795,-0.010125764695017
3102,250284.06022023,3688241.71492942,0,0.860096094872142,-0.010330162425555
3103,250284.125495751,3688241.79068562,0,0.859052864888957,-0.010534411883843
3104,250284.190851167,3688241.86637317,0,0.857989217696042,-0.010738505317979
3105,250284.256288297,3688241.94199104,0,0.856905169288521,-0.010942434853145
3106,250284.321806826,3688242.01754001,0,0.855961414348021,-0.004975790305154
3107,250284.387361869,3688242.09305845,0,0.856046034481002,0.006668181871514
3108,250284.452866325,3688242.16862034,0,0.857295062396978,0.018312495248415
3109,250284.518231429,3688242.24430106,0,0.859708564296369,0.029957706766972
3110,250284.58336842,3688242.32017597,0,0.863286628777168,0.041603628459592
3111,250284.648188533,3688242.39632046,0,0.868029268647043,0.053248853493342
3112,250284.712636857,3688242.47278113,0,0.872503035220701,0.034068290982967
3113,250284.776825641,3688242.54946246,0,0.87483486200781,0.012568581521814
3114,250284.840918638,3688242.62622518,0,0.875016793766514,-0.008929918779649
3115,250284.905079615,3688242.70292998,0,0.873048844515354,-0.030429389910758
3116,250284.96947234,3688242.77943757,0,0.868930847340621,-0.051930773690712
3117,250285.034257012,3688242.85561169,0,0.863016148765031,-0.055657168847285
3118,250285.099453201,3688242.93143571,0,0.858610144990715,-0.03246313314797
3119,250285.164896678,3688243.00704939,0,0.856523444625205,-0.00927124813343
3120,250285.230410818,3688243.08260305,0,0.856755856953477,0.013919534418255
3121,250285.295818997,3688243.15824698,0,0.859307402057764,0.037111758583787
3122,250285.360944591,3688243.23413149,0,0.864178273317416,0.060305722527544
3123,250285.425641381,3688243.31038101,0,0.869883789479593,0.046696906122615
3124,250285.489982991,3688243.38693285,0,0.87343260733781,0.024279783920725
3125,250285.554139688,3688243.46364204,0,0.874739815586493,0.001864619408556
3126,250285.61828216,3688243.5403633,0,0.873805537537671,-0.020550364925974
3127,250285.682581096,3688243.61695131,0,0.870629676546951,-0.042967227642256
3128,250285.747207061,3688243.69326086,0,0.865248345965925,-0.059791147103239
3129,250285.812252217,3688243.76921351,0,0.860304083180406,-0.039093976952485
3130,250285.877595061,3688243.84491275,0,0.85742951548747,-0.018397691971152
3131,250285.943078036,3688243.92049277,0,0.856624490785894,0.002297051791108
3132,250286.008543582,3688243.99608775,0,0.857888931728099,0.022991962189158
3133,250286.073834141,3688244.07183188,0,0.861222939151489,0.043688451948915
3134,250286.138798514,3688244.14785393,0,0.866161267178318,0.047115221200524
3135,250286.203408157,3688244.22417803,0,0.87030532486853,0.03576587228685
3136,250286.267745331,3688244.30073383,0,0.873314454592735,0.02441686601418
3137,250286.331896279,3688244.37744756,0,0.875188731013775,0.013068816569266
3138,250286.395947243,3688244.45424545,0,0.875928239389133,0.001721394774779
3139,250286.459984467,3688244.53105375,0,0.875533023687706,-0.00956441018748
3140,250286.52408229,3688244.60780912,0,0.874474766261246,-0.011600701718099
3141,250286.588268381,3688244.68448921,0,0.873212893107278,-0.013636699872853
3142,250286.652558967,3688244.76108169,0,0.871747441275366,-0.015672247803531
3143,250286.716970278,3688244.83757423,0,0.870078464324052,-0.017707171763652
3144,250286.781518544,3688244.9139545,0,0.868206034134983,-0.019741278624987
3145,250286.846218864,3688244.99021109,0,0.866262549239042,-0.013744127272118
3146,250286.911016715,3688245.06638909,0,0.866004905635357,0.008591045699324
3147,250286.975748552,3688245.14262208,0,0.867980813835699,0.030927839545194
3148,250287.040241319,3688245.21905138,0,0.872190677027187,0.053270583607519
3149,250287.104321961,3688245.29581829,0,0.878635127770344,0.075618978055199
3150,250287.167817424,3688245.37306409,0,0.887314397576755,0.097964743001012
3151,250287.230594521,3688245.45089751,0,0.896289478801314,0.071677260767683
3152,250287.292817346,3688245.52918411,0,0.901524781243295,0.033031077353851
3153,250287.354784279,3688245.60767967,0,0.902896056153731,-0.00560474256067
3154,250287.416794357,3688245.68613942,0,0.900403744108321,-0.044243137579464
3155,250287.479146615,3688245.7643186,0,0.894046973130442,-0.08289453729784
3156,250287.542138917,3688245.84197338,0,0.884018271812617,-0.105030418128546
3157,250287.605902941,3688245.91899616,0,0.875107002608207,-0.073193922825832
3158,250287.670233418,3688245.99555539,0,0.869379356441893,-0.041360609743627
3159,250287.734884308,3688246.07185298,0,0.866834541893298,-0.009537040758026
3160,250287.799609573,3688246.1480908,0,0.867471820520545,0.022282791609753
3161,250287.864163176,3688246.22447074,0,0.871291279953373,0.054107790577409
3162,250287.928309288,3688246.30118633,0,0.877582966483582,0.060433892533025
3163,250287.991994057,3688246.37828194,0,0.882929291199227,0.046491851366032
3164,250288.05532033,3688246.45567356,0,0.886881262327294,0.032547486946246
3165,250288.118396075,3688246.53327297,0,0.889438806266309,0.01860358957061
3166,250288.18132926,3688246.61099195,0,0.890602026739371,0.004661050966225
3167,250288.24422785,3688246.68874228,0,0.890372194016201,-0.009004486388444
3168,250288.307194036,3688246.76643983,0,0.888941773606404,-0.019604084920294
3169,250288.370311952,3688246.84401322,0,0.88645132229625,-0.030205303513439
3170,250288.433662211,3688246.92139355,0,0.882900631139619,-0.040808941089109
3171,250288.497325427,3688246.99851192,0,0.878289459229042,-0.051414778252305
3172,250288.561382212,3688247.07529945,0,0.872617653448562,-0.062021218786628
3173,250288.625913179,3688247.15168724,0,0.865885304080828,-0.072624931317914
3174,250288.690964375,3688247.22763563,0,0.859629594696204,-0.048452990574624
3175,250288.756385437,3688247.30327115,0,0.856221032771793,-0.019719219473846
3176,250288.821956729,3688247.3787789,0,0.855685627627464,0.009011019138195
3177,250288.887458537,3688247.45434407,0,0.858023334051292,0.03774410697954
3178,250288.952671145,3688247.53015186,0,0.863234692751842,0.066484195048488
3179,250289.01737627,3688247.60638623,0,0.871128708904967,0.082155783283901
3180,250289.081472813,3688247.68313248,0,0.87855132865365,0.066295637309294
3181,250289.145062044,3688247.76030547,0,0.884387781477222,0.050433677858036
3182,250289.208265317,3688247.83780317,0,0.888638178534189,0.034575020787994
3183,250289.271203985,3688247.91552354,0,0.891302942261993,0.018720975633977
3184,250289.333999401,3688247.99336452,0,0.892382485698994,0.002870244619549
3185,250289.396771953,3688248.07122487,0,0.891932804435204,-0.011323299616431
3186,250289.459631112,3688248.14901244,0,0.890130865071698,-0.024715950388885
3187,250289.522679429,3688248.22664083,0,0.88698949959156,-0.038111999827187
3188,250289.586019346,3688248.30402372,0,0.882508340531735,-0.051511718098448
3189,250289.649753308,3688248.3810748,0,0.876687089994355,-0.064913323170248
3190,250289.71398375,3688248.45770777,0,0.869530748649191,-0.076468524755289
3191,250289.778762319,3688248.53387922,0,0.862918120784117,-0.055783574628078
3192,250289.84396786,3688248.6096917,0,0.8583739941783,-0.035099572154356
3193,250289.9094425,3688248.68527876,0,0.855898058358228,-0.014419859410018
3194,250289.975028366,3688248.76077398,0,0.855489915981537,0.006256725509497
3195,250290.040567584,3688248.8363109,0,0.857149400455605,0.026933193539358
3196,250290.10590308,3688248.91202242,0,0.860777682728811,0.041396950430978
3197,250290.170931238,3688248.98799569,0,0.864975465858095,0.042558710659286
3198,250290.235634685,3688249.06424408,0,0.869289421689368,0.04372037517334
3199,250290.300003872,3688249.1407743,0,0.873719531572161,0.04488175947936
3200,250290.364029252,3688249.21759302,0,0.878265757525488,0.046042661388731
3201,250290.427701278,3688249.29470696,0,0.88292804044704,0.047202860594538
3202,250290.491019718,3688249.37211505,0,0.887139752811587,0.030693814848715
3203,250290.554103272,3688249.44971747,0,0.888889680310482,0.004305137042726
3204,250290.617152723,3688249.52734619,0,0.888000767287548,-0.022083958735273
3205,250290.68037049,3688249.60483184,0,0.884472695555469,-0.048478691019024
3206,250290.743958987,3688249.68200505,0,0.878304809768634,-0.074879664922564
3207,250290.808120631,3688249.75869645,0,0.869496854784901,-0.101277350526113
3208,250290.873004197,3688249.83478161,0,0.860443961151714,-0.073066543535047
3209,250290.938447156,3688249.91039695,0,0.854930290197946,-0.037209230586735
3210,250291.004174963,3688249.98577277,0,0.853001711738665,-0.001363538507272
3211,250291.069912924,3688250.06113948,0,0.854657580120516,0.034482099815816
3212,250291.135386344,3688250.13672751,0,0.859898547772493,0.070339777341247
3213,250291.200320531,3688250.21276727,0,0.868725927045518,0.10620829374789
3214,250291.264490377,3688250.28944762,0,0.878860489528399,0.088536376531765
3215,250291.327982118,3688250.36669657,0,0.886363756235379,0.061529403952823
3216,250291.391002534,3688250.4443411,0,0.891166626044207,0.034529654401236
3217,250291.453758673,3688250.52220801,0,0.893269991241461,0.007538777131928
3218,250291.516457579,3688250.60012405,0,0.8926744824489,-0.019449125623883
3219,250291.579306298,3688250.67791601,0,0.889380009090278,-0.04644159758674
3220,250291.642511876,3688250.75541065,0,0.88338588952385,-0.073441933364928
3221,250291.706249873,3688250.83246109,0,0.876154871298543,-0.065664797095824
3222,250291.770491826,3688250.90909104,0,0.870305054230266,-0.051331039152655
3223,250291.835127963,3688250.98539219,0,0.865888686691825,-0.036996479022326
3224,250291.900048296,3688251.06145645,0,0.862905695465245,-0.022663731693666
3225,250291.965142841,3688251.1373757,0,0.861355867221994,-0.00833313175935
3226,250292.030301613,3688251.21324183,0,0.861239032353981,0.005996382495025
3227,250292.095414626,3688251.28914671,0,0.862555160437494,0.02032638593519
3228,250292.160381715,3688251.36517401,0,0.864767365883356,0.019656890366473
3229,250292.225198646,3688251.44132694,0,0.8664019968794,0.013035644041098
3230,250292.289915385,3688251.51756328,0,0.867374481733577,0.006414003261284
3231,250292.35458251,3688251.59384029,0,0.867684789298156,-0.000207887335667
3232,250292.419250601,3688251.67011521,0,0.867332897945416,-0.006829967472124
3233,250292.483970237,3688251.74634533,0,0.866318791486541,-0.013452174128956
3234,250292.548791999,3688251.82248788,0,0.864642463801598,-0.02007435442722
3235,250292.61376493,3688251.89850145,0,0.862439770703025,-0.02059879947792
3236,250292.678891781,3688251.97438405,0,0.860733044053653,-0.013535744547637
3237,250292.744121944,3688252.05017919,0,0.859732616321964,-0.006472847010697
3238,250292.80940185,3688252.1259329,0,0.859438466850425,0.000589819722432
3239,250292.874677931,3688252.20169121,0,0.859850573364687,0.007652279108337
3240,250292.939896704,3688252.27750006,0,0.860956821586316,0.013878542122519
3241,250293.005011914,3688252.3533987,0,0.862553328799069,0.018051669582691
3242,250293.069989917,3688252.42941464,0,0.86456717092354,0.022225256520328
3243,250293.134798336,3688252.50557426,0,0.866998397075779,0.026399348766042
3244,250293.199404793,3688252.5819039,0,0.86984705533006,0.030573876010913
3245,250293.263776913,3688252.65842991,0,0.873113180011808,0.034748629942203
3246,250293.327882317,3688252.73517866,0,0.876796776804082,0.038923242384777
3247,250293.391693701,3688252.81217229,0,0.880567492518796,0.032056331715019
3248,250293.455260151,3688252.88936962,0,0.883059209968822,0.017778148214289
3249,250293.518689818,3688252.96668053,0,0.884123147639274,0.003500692802326
3250,250293.582092384,3688253.04401359,0,0.883759351588801,-0.010776677959932
3251,250293.645577535,3688253.12127741,0,0.88196778555264,-0.025054821596628
3252,250293.709254953,3688253.19838057,0,0.878748353187138,-0.039333936621953
3253,250293.773229466,3688253.27523572,0,0.87444951101646,-0.040812016557945
3254,250293.837514482,3688253.35183177,0,0.870829864236387,-0.031580842622957
3255,250293.902042017,3688253.42822554,0,0.868133339684672,-0.022349725991169
3256,250293.966741245,3688253.50447622,0,0.866359897707022,-0.013119230249581
3257,250294.031541339,3688253.58064299,0,0.865509472823491,-0.0038893476706
3258,250294.096371472,3688253.65678504,0,0.865582019057294,0.00534026475224
3259,250294.161160817,3688253.73296157,0,0.866577531666289,0.014570049396926
3260,250294.225856942,3688253.80921631,0,0.867774288966251,0.009341225451949
3261,250294.290481361,3688253.88553093,0,0.868445770277575,0.004088382477977
3262,250294.355074168,3688253.96187149,0,0.868591962097573,-0.001164562552297
3263,250294.419675453,3688254.03820403,0,0.868212854420658,-0.006417607654961
3264,250294.48432531,3688254.11449462,0,0.867308437559304,-0.01167074120497
3265,250294.549063831,3688254.19070933,0,0.865878705282548,-0.01692389844776
3266,250294.613931074,3688254.26681423,0,0.863931877868141,-0.021165800840857
3267,250294.678954778,3688254.3427858,0,0.861863758758006,-0.020196572036237
3268,250294.744132124,3688254.41862629,0,0.859892564696535,-0.019227305972633
3269,250294.809455635,3688254.49434185,0,0.858018297671618,-0.018258036484199
3270,250294.874917833,3688254.56993867,0,0.856240956560988,-0.017288791985391
3271,250294.940511243,3688254.64542289,0,0.854560537660549,-0.016319595743826
3272,250295.006228357,3688254.72080073,0,0.852985849037747,-0.014064589439711
3273,250295.072044383,3688254.79609327,0,0.852096835494834,-0.003715744211453
3274,250295.137888413,3688254.87136139,0,0.85224269635463,0.006632989771105
3275,250295.203681932,3688254.94667251,0,0.853423448166996,0.016982158189852
3276,250295.269346424,3688255.02209407,0,0.855639154166824,0.027332093646988
3277,250295.334803374,3688255.09769348,0,0.858889886337967,0.037682583070047
3278,250295.399974267,3688255.17353819,0,0.863175654208979,0.048032534969852
3279,250295.464780587,3688255.24969561,0,0.868496300382677,0.058379646981456
3280,250295.529183748,3688255.32619882,0,0.873192947298216,0.033907501049343
3281,250295.593329255,3688255.4029225,0,0.875273884357299,0.007711852622293
3282,250295.657415635,3688255.47969569,0,0.874735349275049,-0.018482905138849
3283,250295.721641419,3688255.55634745,0,0.871577142602461,-0.044682357948117
3284,250295.78620514,3688255.63270683,0,0.865798651573897,-0.070888287338816
3285,250295.851305178,3688255.70860301,0,0.85744505295881,-0.090125572505514
3286,250295.917043322,3688255.78394854,0,0.84978712370593,-0.063032483220168
3287,250295.983258907,3688255.85888254,0,0.84483845058063,-0.035942103244313
3288,250296.049747112,3688255.93358224,0,0.842598468161055,-0.008858506501579
3289,250296.116303118,3688256.00822486,0,0.843066648904056,0.018222143864949
3290,250296.182722106,3688256.08298764,0,0.846242996009309,0.045305632884188
3291,250296.248804813,3688256.15804298,0,0.851668903082467,0.053286196385739
3292,250296.31449232,3688256.23344176,0,0.856363476246866,0.040604824009351
3293,250296.379873379,3688256.30910691,0,0.859789827750678,0.027922182323291
3294,250296.445043767,3688256.38495533,0,0.861947926814409,0.015239918810786
3295,250296.510099262,3688256.46090389,0,0.862837834940568,0.002558333621309
3296,250296.57513564,3688256.53686946,0,0.862459601781477,-0.010123008397138
3297,250296.640241398,3688256.6127752,0,0.861200844613054,-0.012395898555353
3298,250296.705440528,3688256.6886,0,0.860025927215101,-0.011102455861865
3299,250296.770723339,3688256.76435182,0,0.858980352172732,-0.009809051021095
3300,250296.836079842,3688256.8400389,0,0.858064115917076,-0.008515678830407
3301,250296.901500053,3688256.91566946,0,0.857277215651088,-0.007222329164114
3302,250296.966973986,3688256.99125173,0,0.856619679537064,-0.005863810367121
3303,250297.0324826,3688257.06680218,0,0.856455223062735,0.002574730599787
3304,250297.097971628,3688257.14236934,0,0.857134623711196,0.011013211358553
3305,250297.163378228,3688257.21800954,0,0.858657837425447,0.019450847012107
3306,250297.228639559,3688257.29377913,0,0.861024731407055,0.027886617641777
3307,250297.293692783,3688257.36973442,0,0.864235051624635,0.036319088600623
3308,250297.358479025,3688257.44592822,0,0.867907071066466,0.02651632695359
3309,250297.423078178,3688257.52228934,0,0.868801298716686,-0.008630904783697
3310,250297.487741931,3688257.59859317,0,0.866180743304518,-0.043782434233715
3311,250297.552732641,3688257.67460553,0,0.860044163373045,-0.078952877878679
3312,250297.618312662,3688257.75009227,0,0.850389558468943,-0.114140622049394
3313,250297.684744351,3688257.82481922,0,0.837216446147471,-0.149314738026255
3314,250297.752250552,3688257.89858736,0,0.822852761430686,-0.116347066963268
3315,250297.820620388,3688257.97158346,0,0.814447703833095,-0.05176499588147
3316,250297.889374867,3688258.04423275,0,0.812498192651271,0.012772141330541
3317,250297.958031028,3688258.11696402,0,0.817002892688365,0.077331566451013
3318,250298.026105909,3688258.19020605,0,0.827967066092527,0.141964573057778
3319,250298.093116574,3688258.26438757,0,0.845378275830251,0.199912187941094
3320,250298.158757242,3688258.33978075,0,0.862561973890036,0.1437508301547
3321,250298.223322202,3688258.41612723,0,0.87412866907076,0.087591751741651
3322,250298.287232673,3688258.4930565,0,0.880082473721244,0.031494399640393
3323,250298.350909871,3688258.570198,0,0.880428861638559,-0.024564560556247
3324,250298.414775016,3688258.64718119,0,0.875169048960759,-0.080638129034089
3325,250298.479244073,3688258.72364016,0,0.864853175351264,-0.10750615911371
3326,250298.544500371,3688258.79941304,0,0.855161071171166,-0.086331662244203
3327,250298.610407392,3688258.87461862,0,0.847587333592069,-0.065142057783389
3328,250298.676805373,3688258.94939604,0,0.842132683510319,-0.043951443920378
3329,250298.74353455,3688259.02388445,0,0.838796894369717,-0.022765145887432
3330,250298.810435159,3688259.09822301,0,0.837579526882125,-0.001582569257432
3331,250298.877347436,3688259.17255088,0,0.838480365917838,0.019535785103464
3332,250298.944132992,3688259.2469887,0,0.840654601956701,0.023948998807296
3333,250299.010737955,3688259.32158385,0,0.843270174405534,0.028362469632567
3334,250299.077129343,3688259.39636566,0,0.846327093413588,0.032775860843925
3335,250299.143274172,3688259.47136342,0,0.849825327384021,0.037188669964958
3336,250299.20913946,3688259.54660645,0,0.85376478511479,0.041600203100614
3337,250299.274692507,3688259.62212379,0,0.858091291242127,0.040833778676409
3338,250299.339954187,3688259.69789716,0,0.861155025874941,0.020441479158923
3339,250299.405062045,3688259.77380519,0,0.862179672484078,5.16569770764522E-05
3340,250299.470168977,3688259.84971293,0,0.861165340664955,-0.020338663590759
3341,250299.535427877,3688259.92548545,0,0.858111820922252,-0.040732464933031
3342,250299.60099164,3688260.00098778,0,0.853018711145763,-0.061130192811542
3343,250299.667012862,3688260.07608528,0,0.84595155789869,-0.074350595342026
3344,250299.733564365,3688260.15071382,0,0.839454926915572,-0.055581515962942
3345,250299.800532407,3688260.22497439,0,0.834835238667627,-0.036812721913947
3346,250299.867776619,3688260.2989915,0,0.832092258228119,-0.018047527355368
3347,250299.935156631,3688260.37288968,0,0.831225630279471,0.000714643199513
3348,250300.002532073,3688260.44679346,0,0.832235168857141,0.019476270903166
3349,250300.069762574,3688260.52082736,0,0.835120948831567,0.038239761203665
3350,250300.136723298,3688260.59510205,0,0.839184310290748,0.041355504777666
3351,250300.2033752,3688260.66965176,0,0.843382025668748,0.042598658181853
3352,250300.269708687,3688260.74448445,0,0.847704009094931,0.043840825967793
3353,250300.335714196,3688260.81960807,0,0.852150149746764,0.045081759619288
3354,250300.401382161,3688260.89503055,0,0.856720310951855,0.046321190579984
3355,250300.466712165,3688260.97075171,0,0.860872918976764,0.031577670759379
3356,250300.531806031,3688261.04668061,0,0.862913369425418,0.009231950864014
3357,250300.596829658,3688261.12266945,0,0.862719344289837,-0.013112760906138
3358,250300.661949929,3688261.19856952,0,0.860290662063903,-0.035462062703466
3359,250300.727333729,3688261.27423214,0,0.855626651651914,-0.057819590324706
3360,250300.79314794,3688261.34950862,0,0.848726516110269,-0.080183665454542
3361,250300.859559424,3688261.42425028,0,0.839602626177137,-0.099076363526999
3362,250300.926661986,3688261.49837384,0,0.830964419794326,-0.073686654469328
3363,250300.994314158,3688261.57200665,0,0.824865237898166,-0.048298191858123
3364,250301.062327203,3688261.64531835,0,0.821304473400275,-0.022918658740905
3365,250301.130512385,3688261.71847857,0,0.820281258691271,0.002453598053471
3366,250301.198680965,3688261.79165698,0,0.821795153597609,0.027824656614027
3367,250301.266644208,3688261.86502321,0,0.825846342815435,0.053200120142186
3368,250301.334214305,3688261.93874606,0,0.832303908315989,0.069417737495946
3369,250301.40128365,3688262.01292138,0,0.838917814088897,0.062859938985443
3370,250301.467885479,3688262.08751692,0,0.844875850416392,0.056300742541368
3371,250301.534067306,3688262.16248741,0,0.850177982593882,0.049742121768876
3372,250301.599876649,3688262.23778761,0,0.85482433623308,0.043185323486712
3373,250301.665361021,3688262.31337226,0,0.858815128824049,0.036630952633435
3374,250301.73057552,3688262.38918982,0,0.861772301133113,0.020397376347493
3375,250301.795634735,3688262.46513933,0,0.862865038876916,0.001457304940626
3376,250301.860681329,3688262.54109651,0,0.862063719141565,-0.017484061097407
3377,250301.925858132,3688262.61693693,0,0.859368133677052,-0.036428153825735
3378,250301.991307975,3688262.69253619,0,0.8547780081237,-0.055374523376201
3379,250302.057169639,3688262.7677734,0,0.848628764832868,-0.060353473731263
3380,250302.123479673,3688262.8426169,0,0.843099792615791,-0.050225683268539
3381,250302.190167035,3688262.91712893,0,0.83858363761381,-0.040097558242155
3382,250302.257155563,3688262.99137621,0,0.835080228843842,-0.029970955790386
3383,250302.324369096,3688263.06542544,0,0.832589373903666,-0.019846499179196
3384,250302.391731472,3688263.13934335,0,0.83111086675015,-0.009723889976747
3385,250302.459166531,3688263.21319663,0,0.830644564273447,0.000397780134097
3386,250302.526598161,3688263.28705196,0,0.831179230059876,0.009248528583882
3387,250302.593964877,3688263.36096339,0,0.832249563329703,0.012158168187897
3388,250302.661240085,3688263.43495493,0,0.83361086915766,0.015067970568483
3389,250302.728402283,3688263.50904616,0,0.835263160516238,0.017977863858103
3390,250302.795429971,3688263.58325668,0,0.837206441338676,0.020887737907121
3391,250302.862301648,3688263.65760609,0,0.839440702321228,0.023797436894789
3392,250302.928995812,3688263.73211399,0,0.84196591598712,0.02670675195358
3393,250302.995490962,3688263.80679998,0,0.844781801350778,0.029343949571611
3394,250303.061786517,3688263.88166487,0,0.847059436131713,0.016208878092196
3395,250303.12796144,3688263.95663803,0,0.848023602762365,0.003074552445514
3396,250303.19411359,3688264.03163184,0,0.847674355008249,-0.010059526880763
3397,250303.26034083,3688264.10655872,0,0.846011683064933,-0.023194018493294
3398,250303.326741021,3688264.18133104,0,0.843035531632519,-0.036329060403013
3399,250303.393391205,3688264.25587984,0,0.839631508220299,-0.030743536038263
3400,250303.460270516,3688264.33022366,0,0.836889703161705,-0.024092556171736
3401,250303.527329334,3688264.40440679,0,0.834812992258356,-0.017441707475446
3402,250303.594518038,3688264.4784735,0,0.83340135091797,-0.010791173523912
3403,250303.661787005,3688264.55246808,0,0.832654748498514,-0.004140906451993
3404,250303.729086613,3688264.62643481,0,0.83257316703838,0.00250928477536
3405,250303.796368136,3688264.70041716,0,0.833086437524851,0.006414192766084
3406,250303.863602449,3688264.77444139,0,0.833791848427607,0.007694019595558
3407,250303.930779457,3688264.84851696,0,0.834625239846547,0.008973798376574
3408,250303.997889853,3688264.92265266,0,0.835586605496743,0.010253498825342
3409,250304.064924326,3688264.99685728,0,0.836675935849798,0.01153308625184
3410,250304.13187357,3688265.07113959,0,0.837893217661922,0.012812520934091
3411,250304.198728274,3688265.1455084,0,0.839238858821383,0.014203354260956
3412,250304.265476665,3688265.21997427,0,0.840796348869004,0.016946508818909
3413,250304.332099121,3688265.29455356,0,0.842628174590908,0.019690082274604
3414,250304.398574459,3688265.36926372,0,0.844734381566971,0.022434141540184
3415,250304.464881496,3688265.44412222,0,0.847115019897764,0.025178709081375
3416,250304.53099905,3688265.51914655,0,0.84977013944887,0.02792375669449
3417,250304.596905938,3688265.59435417,0,0.852699784472322,0.03066919927266
3418,250304.662580978,3688265.66976255,0,0.855903987604397,0.03341488856814
3419,250304.72801289,3688265.74538079,0,0.858915257945575,0.024926469697399
3420,250304.793256442,3688265.82116212,0,0.860870278777468,0.014173915205854
3421,250304.858393422,3688265.8970369,0,0.861750046403666,0.003421506833061
3422,250304.923505703,3688265.97293544,0,0.861554599481213,-0.007330325383218
3423,250304.988675155,3688266.04878804,0,0.860284010626589,-0.01808127014215
3424,250305.05398183,3688266.12452631,0,0.858037510636987,-0.025898953884139
3425,250305.119485344,3688266.20009661,0,0.855126920163364,-0.032313180126143
3426,250305.185232457,3688266.27545456,0,0.85157480371969,-0.038729519841522
3427,250305.251269727,3688266.35055593,0,0.847380943034167,-0.045148038438597
3428,250305.317643714,3688266.4253565,0,0.842545136547838,-0.05156832295177
3429,250305.384400978,3688266.49981205,0,0.837067251243957,-0.057989402193776
3430,250305.451588077,3688266.57387834,0,0.830947282458601,-0.064409667044374
3431,250305.51924407,3688266.64751801,0,0.824714244080744,-0.052498284224203
3432,250305.587284923,3688266.72080651,0,0.820731666668881,-0.027153986136619
3433,250305.655525947,3688266.7939115,0,0.819283324897639,-0.001813172363317
3434,250305.723779503,3688266.86700333,0,0.820369052818832,0.023528271747756
3435,250305.79185795,3688266.94025239,0,0.82398915410632,0.048874810575527
3436,250305.859573648,3688267.01382904,0,0.830144192943337,0.074226375607189
3437,250305.926742211,3688267.08790069,0,0.838479089971866,0.080408295492902
3438,250305.993330741,3688267.16249764,0,0.845201738615724,0.054044780640541
3439,250306.05951896,3688267.2374577,0,0.849288204102828,0.027685630259737
3440,250306.125502514,3688267.31260428,0,0.850739061956417,0.001332206291776
3441,250306.191477048,3688267.38776079,0,0.849554689653205,-0.025019898138727
3442,250306.257638206,3688267.46275061,0,0.845734964394283,-0.051375366871203
3443,250306.324177041,3688267.53740129,0,0.839709993971778,-0.057741331330343
3444,250306.391134625,3688267.61167546,0,0.834939238765766,-0.037673541055999
3445,250306.458372262,3688267.68569763,0,0.83217527394844,-0.017605953424739
3446,250306.525740645,3688267.75960188,0,0.831418014031169,0.002460683610246
3447,250306.593090464,3688267.83352229,0,0.83266742527993,0.022527749023233
3448,250306.660272414,3688267.90759295,0,0.835923617197726,0.04259632457473
3449,250306.727144505,3688267.98194137,0,0.840673684647312,0.044826130864011
3450,250306.793685814,3688268.05658638,0,0.844608899424077,0.033878083305396
3451,250306.859974895,3688268.13145757,0,0.847449308917423,0.022930223409991
3452,250306.926093249,3688268.20648185,0,0.849194973023076,0.011983203544354
3453,250306.99212238,3688268.28158613,0,0.849845972370603,0.001036851651308
3454,250307.058143791,3688268.35669734,0,0.849402345567482,-0.009909435059434
3455,250307.124231374,3688268.43174921,0,0.848257224406896,-0.010775420819974
3456,250307.190399015,3688268.50672929,0,0.847278535913592,-0.008798330531479
3457,250307.256632163,3688268.58165063,0,0.846497561368708,-0.006821147855898
3458,250307.322916097,3688268.65652644,0,0.845914308369991,-0.004843904086348
3459,250307.389236096,3688268.7313699,0,0.845528781805093,-0.002866622517801
3460,250307.455577437,3688268.80619423,0,0.845340984535508,-0.000889320764862
