0,313599.687100279,4161623.88833213,0
1,313599.609981958,4161623.95260107,0
2,313599.532359235,4161624.01609766,0
3,313599.453727709,4161624.07804953,0
4,313599.373582979,4161624.13768433,0
5,313599.291420642,4161624.1942297,0
6,313599.206836716,4161624.24706884,0
7,313599.120224181,4161624.29681946,0
8,313599.032355851,4161624.34468764,0
9,313598.944006876,4161624.39188308,0
10,313598.855952404,4161624.43961548,0
11,313598.768931554,4161624.48903768,0
12,313598.683123445,4161624.54041886,0
13,313598.598265186,4161624.59333067,0
14,313598.514081863,4161624.64732582,0
15,313598.430298565,4161624.70195701,0
16,313598.346642548,4161624.75678051,0
17,313598.262945533,4161624.81152442,0
18,313598.179187858,4161624.86616128,0
19,313598.095361208,4161624.92068232,0
20,313598.011457269,4161624.97507874,0
21,313597.927467726,4161625.02934177,0
22,313597.843384506,4161625.08346288,0
23,313597.759205414,4161625.13743982,0
24,313597.674934323,4161625.19127688,0
25,313597.590575383,4161625.24497862,0
26,313597.506132746,4161625.29854959,0
27,313597.421610569,4161625.35199438,0
28,313597.337014451,4161625.40532048,0
29,313597.252353366,4161625.45854219,0
30,313597.167636769,4161625.5116748,0
31,313597.082874112,4161625.56473356,0
32,313596.998074849,4161625.61773377,0
33,313596.913248059,4161625.67069008,0
34,313596.82839981,4161625.72361222,0
35,313596.743534725,4161625.77650755,0
36,313596.658657417,4161625.82938339,0
37,313596.573772499,4161625.8822471,0
38,313596.488884583,4161625.93510602,0
39,313596.403998186,4161625.98796732,0
40,313596.319116199,4161626.04083563,0
41,313596.234240166,4161626.09371344,0
42,313596.149371595,4161626.14660318,0
43,313596.06451199,4161626.19950726,0
44,313595.979662858,4161626.25242813,0
45,313595.894825697,4161626.30536819,0
46,313595.8100011,4161626.3583284,0
47,313595.725187902,4161626.4113069,0
48,313595.640384741,4161626.46430147,0
49,313595.555590253,4161626.51730994,0
50,313595.470803073,4161626.57033011,0
51,313595.386021838,4161626.62335977,0
52,313595.301245296,4161626.67639693,0
53,313595.216472601,4161626.72944023,0
54,313595.131703001,4161626.78248846,0
55,313595.046935743,4161626.83554043,0
56,313594.962170073,4161626.88859494,0
57,313594.877405239,4161626.94165078,0
58,313594.792640487,4161626.99470675,0
59,313594.707875077,4161627.04776167,0
60,313594.623108604,4161627.10081489,0
61,313594.538341029,4161627.15386636,0
62,313594.453572335,4161627.20691604,0
63,313594.368802502,4161627.2599639,0
64,313594.284031512,4161627.31300991,0
65,313594.199259345,4161627.36605405,0
66,313594.114485984,4161627.41909627,0
67,313594.029711485,4161627.47213668,0
68,313593.944936405,4161627.52517615,0
69,313593.860161505,4161627.57821592,0
70,313593.775387545,4161627.63125718,0
71,313593.690615287,4161627.68430117,0
72,313593.605845492,4161627.73734908,0
73,313593.521078921,4161627.79040215,0
74,313593.436316278,4161627.8434615,0
75,313593.351557368,4161627.89652681,0
76,313593.266801272,4161627.94959661,0
77,313593.182047055,4161628.00266942,0
78,313593.097293779,4161628.05574373,0
79,313593.012540507,4161628.10881804,0
80,313592.927786375,4161628.16189099,0
81,313592.843030926,4161628.21496183,0
82,313592.758273837,4161628.26803005,0
83,313592.67351479,4161628.32109514,0
84,313592.588753464,4161628.37415659,0
85,313592.50398962,4161628.42721402,0
86,313592.419223716,4161628.48026815,0
87,313592.334456557,4161628.53332029,0
88,313592.249688951,4161628.58637171,0
89,313592.164921708,4161628.63942371,0
90,313592.080155634,4161628.69247757,0
91,313591.995391538,4161628.7455346,0
92,313591.910630181,4161628.798596,0
93,313591.825871775,4161628.85166211,0
94,313591.741116195,4161628.90473273,0
95,313591.656363305,4161628.95780766,0
96,313591.571612971,4161629.01088666,0
97,313591.486865062,4161629.06396954,0
98,313591.402119441,4161629.11705608,0
99,313591.317375977,4161629.17014606,0
100,313591.232634535,4161629.22323927,0
101,313591.147894926,4161629.27633541,0
102,313591.063156652,4161629.32943367,0
103,313590.978419107,4161629.38253311,0
104,313590.893681688,4161629.43563273,0
105,313590.808943789,4161629.48873158,0
106,313590.724204805,4161629.54182868,0
107,313590.639464175,4161629.59492315,0
108,313590.554721901,4161629.64801497,0
109,313590.469978374,4161629.7011048,0
110,313590.385233996,4161629.75419326,0
111,313590.300489168,4161629.80728103,0
112,313590.215744289,4161629.86036873,0
113,313590.130999762,4161629.91345702,0
114,313590.046255986,4161629.96654654,0
115,313589.961513362,4161630.01963795,0
116,313589.876772282,4161630.07273187,0
117,313589.79203291,4161630.12582855,0
118,313589.707295182,4161630.17892786,0
119,313589.622559027,4161630.23202963,0
120,313589.537824371,4161630.28513371,0
121,313589.45309114,4161630.33823996,0
122,313589.368359262,4161630.3913482,0
123,313589.283628663,4161630.44445829,0
124,313589.198898888,4161630.49756951,0
125,313589.114168529,4161630.55067979,0
126,313589.029436025,4161630.60378681,0
127,313588.944699819,4161630.65688827,0
128,313588.859958352,4161630.70998187,0
129,313588.775210065,4161630.7630653,0
130,313588.690456179,4161630.81614061,0
131,313588.605715196,4161630.86923686,0
132,313588.521012247,4161630.92239347,0
133,313588.436372475,4161630.9756499,0
134,313588.351821025,4161631.0290456,0
135,313588.267383042,4161631.08262002,0
136,313588.183083669,4161631.1364126,0
137,313588.098947517,4161631.19046196,0
138,313588.014966866,4161631.24475571,0
139,313587.931083699,4161631.29920214,0
140,313587.847235652,4161631.35370269,0
141,313587.76336036,4161631.4081588,0
142,313587.679395457,4161631.46247188,0
143,313587.59527858,4161631.51654339,0
144,313587.510947364,4161631.57027475,0
145,313587.426347811,4161631.62358055,0
146,313587.341483259,4161631.67646551,0
147,313587.256381074,4161631.72897211,0
148,313587.171068705,4161631.78114299,0
149,313587.085573602,4161631.83302076,0
150,313586.999923213,4161631.88464804,0
151,313586.914144987,4161631.93606746,0
152,313586.828266374,4161631.98732163,0
153,313586.742314822,4161632.03845317,0
154,313586.65631778,4161632.08950471,0
155,313586.570298647,4161632.14051286,0
156,313586.484264837,4161632.19149055,0
157,313586.398219824,4161632.24244485,0
158,313586.312167078,4161632.29338284,0
159,313586.226110073,4161632.34431161,0
160,313586.140052281,4161632.39523822,0
161,313586.053997173,4161632.44616976,0
162,313585.96794791,4161632.49711256,0
163,313585.881906253,4161632.54806961,0
164,313585.795873569,4161632.599043,0
165,313585.709851228,4161632.65003477,0
166,313585.623840597,4161632.701047,0
167,313585.537843047,4161632.75208175,0
168,313585.451859944,4161632.80314108,0
169,313585.365892658,4161632.85422707,0
170,313585.279942558,4161632.90534178,0
171,313585.194010948,4161632.95648716,0
172,313585.108097946,4161633.00766337,0
173,313585.022202616,4161633.05886889,0
174,313584.936323984,4161633.11010217,0
175,313584.850461079,4161633.16136167,0
176,313584.764612927,4161633.21264582,0
177,313584.67877856,4161633.26395307,0
178,313584.592957205,4161633.31528218,0
179,313584.507148378,4161633.3666323,0
180,313584.42135162,4161633.41800267,0
181,313584.33556647,4161633.46939247,0
182,313584.249792469,4161633.52080093,0
183,313584.164029156,4161633.57222726,0
184,313584.078276071,4161633.62367065,0
185,313583.992532755,4161633.67513033,0
186,313583.906798747,4161633.7266055,0
187,313583.821073578,4161633.77809536,0
188,313583.735356651,4161633.82959891,0
189,313583.649647289,4161633.88111501,0
190,313583.563944807,4161633.93264254,0
191,313583.478248527,4161633.98418037,0
192,313583.392557764,4161634.03572737,0
193,313583.306871839,4161634.0872824,0
194,313583.22119007,4161634.13884433,0
195,313583.135511775,4161634.19041204,0
196,313583.049836272,4161634.24198438,0
197,313582.96416288,4161634.29356023,0
198,313582.878490918,4161634.34513847,0
199,313582.792819745,4161634.39671801,0
200,313582.707148782,4161634.44829791,0
201,313582.621477457,4161634.49987721,0
202,313582.535805197,4161634.55145496,0
203,313582.450131429,4161634.6030302,0
204,313582.36445558,4161634.65460199,0
205,313582.278777079,4161634.70616937,0
206,313582.193095443,4161634.75773154,0
207,313582.107410552,4161634.8092883,0
208,313582.02172237,4161634.86083959,0
209,313581.936030862,4161634.91238535,0
210,313581.850335992,4161634.96392552,0
211,313581.764637731,4161635.01546006,0
212,313581.678936184,4161635.06698912,0
213,313581.593231586,4161635.11851311,0
214,313581.507524179,4161635.17003243,0
215,313581.421814203,4161635.22154748,0
216,313581.336101898,4161635.27305865,0
217,313581.250387507,4161635.32456635,0
218,313581.164671269,4161635.37607098,0
219,313581.078953425,4161635.42757294,0
220,313580.993234217,4161635.47907263,0
221,313580.907513885,4161635.53057044,0
222,313580.821792669,4161635.58206679,0
223,313580.736070811,4161635.63356207,0
224,313580.650348552,4161635.68505668,0
225,313580.564626078,4161635.73655093,0
226,313580.478903338,4161635.78804473,0
227,313580.393180221,4161635.83953791,0
228,313580.307456612,4161635.89103027,0
229,313580.2217324,4161635.94252162,0
230,313580.136007472,4161635.99401178,0
231,313580.050281713,4161636.04550056,0
232,313579.964555013,4161636.09698776,0
233,313579.878827278,4161636.14847325,0
234,313579.793098563,4161636.19995711,0
235,313579.707368977,4161636.25143951,0
236,313579.621638631,4161636.30292065,0
237,313579.535907636,4161636.35440071,0
238,313579.4501761,4161636.40587987,0
239,313579.364444137,4161636.45735832,0
240,313579.278711855,4161636.50883623,0
241,313579.192979365,4161636.5603138,0
242,313579.107246777,4161636.61179121,0
243,313579.021514154,4161636.66326856,0
244,313578.935781392,4161636.71474568,0
245,313578.850048353,4161636.76622233,0
246,313578.7643149,4161636.8176983,0
247,313578.678580896,4161636.86917334,0
248,313578.592846202,4161636.92064724,0
249,313578.507110682,4161636.97211977,0
250,313578.421374199,4161637.02359069,0
251,313578.335636818,4161637.07506011,0
252,313578.24989905,4161637.12652889,0
253,313578.164161464,4161637.17799797,0
254,313578.078424626,4161637.2294683,0
255,313577.992689107,4161637.28094082,0
256,313577.906955272,4161637.33241615,0
257,313577.821222556,4161637.38389334,0
258,313577.735490124,4161637.43537101,0
259,313577.64975714,4161637.48684776,0
260,313577.564022769,4161637.53832219,0
261,313577.478286218,4161637.589793,0
262,313577.392547327,4161637.6412599,0
263,313577.306806428,4161637.69272347,0
264,313577.221063866,4161637.74418426,0
265,313577.135319987,4161637.79564285,0
266,313577.049575133,4161637.84709983,0
267,313576.963829652,4161637.89855576,0
268,313576.878083886,4161637.95001121,0
269,313576.792338182,4161638.00146677,0
270,313576.706592884,4161638.052923,0
271,313576.620848336,4161638.10438048,0
272,313576.535104884,4161638.15583979,0
273,313576.449362872,4161638.2073015,0
274,313576.363622645,4161638.25876618,0
275,313576.277884471,4161638.31023428,0
276,313576.192148169,4161638.3617055,0
277,313576.106413393,4161638.41317926,0
278,313576.020679795,4161638.46465499,0
279,313575.934947031,4161638.5161321,0
280,313575.849214754,4161638.56761003,0
281,313575.763482714,4161638.61908835,0
282,313575.677750835,4161638.67056693,0
283,313575.592019063,4161638.7220457,0
284,313575.506287342,4161638.77352455,0
285,313575.420555618,4161638.8250034,0
286,313575.334823836,4161638.87648215,0
287,313575.249091941,4161638.92796071,0
288,313575.163359878,4161638.97943899,0
289,313575.077627592,4161639.0309169,0
290,313574.991895029,4161639.08239434,0
291,313574.906162133,4161639.13387124,0
292,313574.82042885,4161639.18534748,0
293,313574.734695124,4161639.236823,0
294,313574.648960915,4161639.2882977,0
295,313574.56322634,4161639.3397718,0
296,313574.47749163,4161639.39124567,0
297,313574.391757015,4161639.4427197,0
298,313574.306022727,4161639.49419427,0
299,313574.220288994,4161639.54566978,0
300,313574.134555915,4161639.59714636,0
301,313574.048823349,4161639.64862381,0
302,313573.963091136,4161639.70010184,0
303,313573.877359111,4161639.75158019,0
304,313573.791627113,4161639.80305858,0
305,313573.705894978,4161639.85453674,0
306,313573.620162543,4161639.9060144,0
307,313573.534429646,4161639.95749129,0
308,313573.448696125,4161640.00896714,0
309,313573.362961816,4161640.06044167,0
310,313573.277226646,4161640.11191477,0
311,313573.191490909,4161640.16338692,0
312,313573.105754996,4161640.21485878,0
313,313573.020019295,4161640.266331,0
314,313572.934284196,4161640.31780422,0
315,313572.84855009,4161640.36927909,0
316,313572.762817365,4161640.42075628,0
317,313572.677086411,4161640.47223643,0
318,313572.591357584,4161640.52372013,0
319,313572.505630515,4161640.57520676,0
320,313572.419904115,4161640.6266945,0
321,313572.334177267,4161640.6781815,0
322,313572.248448853,4161640.72966586,0
323,313572.162717758,4161640.78114574,0
324,313572.076982863,4161640.83261925,0
325,313571.991243074,4161640.88408457,0
326,313571.905498509,4161640.9355419,0
327,313571.819751028,4161640.98699436,0
328,313571.734002626,4161641.03844528,0
329,313571.6482553,4161641.08989802,0
330,313571.562511047,4161641.14135593,0
331,313571.476771862,4161641.19282234,0
332,313571.391039742,4161641.2443006,0
333,313571.305316683,4161641.29579406,0
334,313571.219604682,4161641.34730607,0
335,313571.133904563,4161641.398838,0
336,313571.048208398,4161641.45037656,0
337,313570.962504297,4161641.50190179,0
338,313570.876780351,4161641.55339373,0
339,313570.791024653,4161641.60483239,0
340,313570.705225293,4161641.6561978,0
341,313570.619371476,4161641.70747184,0
342,313570.53346297,4161641.75865415,0
343,313570.447505382,4161641.80975413,0
344,313570.361504382,4161641.86078131,0
345,313570.275465639,4161641.91174522,0
346,313570.189394821,4161641.96265536,0
347,313570.103297598,4161642.01352127,0
348,313570.017179638,4161642.06435248,0
349,313569.931046612,4161642.11515849,0
350,313569.844904187,4161642.16594883,0
351,313569.758758265,4161642.21673342,0
352,313569.672621356,4161642.26753317,0
353,313569.586513364,4161642.31838135,0
354,313569.500454582,4161642.36931185,0
355,313569.414465305,4161642.42035858,0
356,313569.328565826,4161642.47155544,0
357,313569.242772849,4161642.5229303,0
358,313569.157084182,4161642.57447931,0
359,313569.071491444,4161642.62618823,0
360,313568.985986254,4161642.67804279,0
361,313568.900560226,4161642.73002876,0
362,313568.815204976,4161642.78213187,0
363,313568.729912121,4161642.83433788,0
364,313568.644673277,4161642.88663252,0
365,313568.559480061,4161642.93900156,0
366,313568.474324087,4161642.99143074,0
367,313568.38919703,4161643.04390589,0
368,313568.304093135,4161643.09641742,0
369,313568.219010238,4161643.14896203,0
370,313568.133946438,4161643.2015369,0
371,313568.048899836,4161643.2541392,0
372,313567.963868532,4161643.30676612,0
373,313567.878850639,4161643.35941486,0
374,313567.793844645,4161643.41208306,0
375,313567.708849438,4161643.4647689,0
376,313567.623863928,4161643.51747056,0
377,313567.538887024,4161643.57018623,0
378,313567.453917636,4161643.62291408,0
379,313567.368954672,4161643.67565233,0
380,313567.283997043,4161643.72839914,0
381,313567.199043683,4161643.78115275,0
382,313567.114093681,4161643.83391169,0
383,313567.029146182,4161643.88667461,0
384,313566.944200332,4161643.93944014,0
385,313566.859255277,4161643.99220691,0
386,313566.774310162,4161644.04497358,0
387,313566.689364132,4161644.09773877,0
388,313566.604416335,4161644.15050112,0
389,313566.5194661,4161644.20325957,0
390,313566.434513588,4161644.25601438,0
391,313566.349559189,4161644.30876616,0
392,313566.264603293,4161644.36151554,0
393,313566.17964629,4161644.41426314,0
394,313566.094688556,4161644.46700956,0
395,313566.009729924,4161644.51975453,0
396,313565.924769522,4161644.57249664,0
397,313565.839806429,4161644.62523441,0
398,313565.754839725,4161644.67796636,0
399,313565.669868501,4161644.73069103,0
400,313565.58489236,4161644.78340777,0
401,313565.499911652,4161644.83611716,0
402,313565.41492679,4161644.88881985,0
403,313565.329938185,4161644.9415165,0
404,313565.24494625,4161644.99420779,0
405,313565.159951243,4161645.04689412,0
406,313565.07495276,4161645.09957484,0
407,313564.98995022,4161645.15224901,0
408,313564.904943036,4161645.20491568,0
409,313564.819930628,4161645.25757393,0
410,313564.734912422,4161645.31022281,0
411,313564.649888141,4161645.36286188,0
412,313564.564857806,4161645.41549118,0
413,313564.479821451,4161645.46811074,0
414,313564.394779111,4161645.52072064,0
415,313564.309730819,4161645.57332091,0
416,313564.224676612,4161645.62591161,0
417,313564.139616615,4161645.67849295,0
418,313564.054551191,4161645.7310655,0
419,313563.969480739,4161645.78362992,0
420,313563.884405657,4161645.83618685,0
421,313563.799326343,4161645.88873693,0
422,313563.714243196,4161645.9412808,0
423,313563.629156614,4161645.99381912,0
424,313563.544066996,4161646.04635251,0
425,313563.458974741,4161646.09888164,0
426,313563.373880245,4161646.15140714,0
427,313563.288783874,4161646.20392959,0
428,313563.203685462,4161646.25644874,0
429,313563.118584447,4161646.30896366,0
430,313563.033480255,4161646.36147344,0
431,313562.948372314,4161646.41397713,0
432,313562.863260054,4161646.46647383,0
433,313562.778143401,4161646.5189634,0
434,313562.693023272,4161646.57144733,0
435,313562.607900694,4161646.6239273,0
436,313562.522776699,4161646.67640497,0
437,313562.437652316,4161646.72888201,0
438,313562.352528271,4161646.7813596,0
439,313562.267404447,4161646.83383754,0
440,313562.182280583,4161646.88631542,0
441,313562.097156418,4161646.93879281,0
442,313562.012031689,4161646.99126929,0
443,313561.926906134,4161647.04374442,0
444,313561.841779493,4161647.0962178,0
445,313561.756651502,4161647.14868898,0
446,313561.671521902,4161647.20115755,0
447,313561.58639046,4161647.25362314,0
448,313561.501257215,4161647.30608579,0
449,313561.416122342,4161647.35854581,0
450,313561.330986016,4161647.41100347,0
451,313561.245848414,4161647.46345906,0
452,313561.160709712,4161647.51591286,0
453,313561.075570086,4161647.56836517,0
454,313560.990429711,4161647.62081626,0
455,313560.905288765,4161647.67326642,0
456,313560.820147408,4161647.72571591,0
457,313560.735005715,4161647.77816486,0
458,313560.649863726,4161647.83061333,0
459,313560.564721481,4161647.88306138,0
460,313560.479579021,4161647.93550908,0
461,313560.394436384,4161647.9879565,0
462,313560.309293612,4161648.04040369,0
463,313560.224150744,4161648.09285073,0
464,313560.139007821,4161648.14529768,0
465,313560.053864881,4161648.19774461,0
466,313559.968721966,4161648.25019157,0
467,313559.883579116,4161648.30263864,0
468,313559.798436369,4161648.35508588,0
469,313559.713293768,4161648.40753335,0
470,313559.628151343,4161648.45998111,0
471,313559.543008995,4161648.51242899,0
472,313559.457866511,4161648.56487666,0
473,313559.372723673,4161648.61732375,0
474,313559.287580263,4161648.66976991,0
475,313559.202436063,4161648.72221478,0
476,313559.117290855,4161648.77465803,0
477,313559.032144423,4161648.82709928,0
478,313558.946996549,4161648.87953819,0
479,313558.86184706,4161648.93197448,0
480,313558.776695977,4161648.98440818,0
481,313558.691543373,4161649.03683942,0
482,313558.606389322,4161649.0892683,0
483,313558.521233894,4161649.14169494,0
484,313558.436077163,4161649.19411947,0
485,313558.350919205,4161649.24654201,0
486,313558.265760132,4161649.29896273,0
487,313558.180600078,4161649.35138186,0
488,313558.09543918,4161649.40379962,0
489,313558.010277571,4161649.45621622,0
490,313557.925115387,4161649.50863189,0
491,313557.839952762,4161649.56104685,0
492,313557.754789832,4161649.6134613,0
493,313557.669626728,4161649.66587548,0
494,313557.584463505,4161649.71828946,0
495,313557.499300131,4161649.7707032,0
496,313557.414136572,4161649.82311663,0
497,313557.32897279,4161649.8755297,0
498,313557.24380875,4161649.92794236,0
499,313557.158644417,4161649.98035454,0
500,313557.073479755,4161650.03276618,0
501,313556.988314727,4161650.08517723,0
502,313556.903149329,4161650.13758767,0
503,313556.817983739,4161650.18999781,0
504,313556.73281821,4161650.24240805,0
505,313556.647652991,4161650.29481878,0
506,313556.562488333,4161650.34723044,0
507,313556.477324488,4161650.39964341,0
508,313556.392161707,4161650.45205811,0
509,313556.30700024,4161650.50447494,0
510,313556.221840337,4161650.55689431,0
511,313556.136682176,4161650.60931652,0
512,313556.051525384,4161650.66174095,0
513,313555.966369346,4161650.7141666,0
514,313555.881213445,4161650.76659248,0
515,313555.796057065,4161650.81901758,0
516,313555.710899602,4161650.87144092,0
517,313555.625740871,4161650.9238622,0
518,313555.540581204,4161650.97628196,0
519,313555.455420962,4161651.02870079,0
520,313555.370260506,4161651.08111927,0
521,313555.285100199,4161651.13353799,0
522,313555.199940403,4161651.18595755,0
523,313555.114781478,4161651.23837851,0
524,313555.029623788,4161651.29080148,0
525,313554.944467693,4161651.34322704,0
526,313554.859313556,4161651.39565578,0
527,313554.774161738,4161651.44808829,0
528,313554.689012602,4161651.50052515,0
529,313554.603866508,4161651.55296695,0
530,313554.5187237,4161651.60541408,0
531,313554.433583884,4161651.65786607,0
532,313554.348446613,4161651.71032219,0
533,313554.263311441,4161651.76278173,0
534,313554.178177923,4161651.81524394,0
535,313554.093045614,4161651.86770812,0
536,313554.007914067,4161651.92017354,0
537,313553.922782837,4161651.97263947,0
538,313553.837651478,4161652.0251052,0
539,313553.752519584,4161652.07757005,0
540,313553.667387151,4161652.13003403,0
541,313553.582254413,4161652.18249751,0
542,313553.497121604,4161652.23496088,0
543,313553.411988959,4161652.28742452,0
544,313553.326856713,4161652.3398888,0
545,313553.241725101,4161652.39235411,0
546,313553.156594359,4161652.44482083,0
547,313553.071464721,4161652.49728934,0
548,313552.986336423,4161652.54976002,0
549,313552.901209699,4161652.60223326,0
550,313552.816084785,4161652.65470943,0
551,313552.730961912,4161652.70718892,0
552,313552.645841214,4161652.75967193,0
553,313552.560722723,4161652.81215853,0
554,313552.475606466,4161652.86464874,0
555,313552.39049247,4161652.91714263,0
556,313552.305380762,4161652.96964022,0
557,313552.220271356,4161653.02214154,0
558,313552.135164221,4161653.07464655,0
559,313552.050059315,4161653.12715517,0
560,313551.964956596,4161653.17966733,0
561,313551.879856024,4161653.23218298,0
562,313551.794757555,4161653.28470203,0
563,313551.709661148,4161653.33722442,0
564,313551.624566763,4161653.38975009,0
565,313551.539474356,4161653.44227896,0
566,313551.454383887,4161653.49481097,0
567,313551.369295306,4161653.54734604,0
568,313551.284208484,4161653.59988396,0
569,313551.199123238,4161653.65242443,0
570,313551.114039383,4161653.70496715,0
571,313551.028956736,4161653.75751183,0
572,313550.943875111,4161653.81005816,0
573,313550.858794325,4161653.86260585,0
574,313550.773714193,4161653.9151546,0
575,313550.688634532,4161653.96770412,0
576,313550.603555157,4161654.02025409,0
577,313550.518475898,4161654.07280426,0
578,313550.433396606,4161654.12535437,0
579,313550.348317137,4161654.17790419,0
580,313550.263237344,4161654.23045349,0
581,313550.178157082,4161654.28300203,0
582,313550.093076205,4161654.33554958,0
583,313550.007994568,4161654.38809589,0
584,313549.922912025,4161654.44064073,0
585,313549.837828431,4161654.49318388,0
586,313549.752743639,4161654.54572508,0
587,313549.667657581,4161654.59826423,0
588,313549.582570381,4161654.65080154,0
589,313549.497482194,4161654.70333724,0
590,313549.412393177,4161654.7558716,0
591,313549.327303484,4161654.80840487,0
592,313549.24221327,4161654.86093729,0
593,313549.157122691,4161654.91346913,0
594,313549.072031903,4161654.96600062,0
595,313548.98694106,4161655.01853203,0
596,313548.901850319,4161655.0710636,0
597,313548.816759779,4161655.1235955,0
598,313548.731669167,4161655.17612728,0
599,313548.646578048,4161655.22865824,0
600,313548.561485989,4161655.28118767,0
601,313548.476392555,4161655.33371488,0
602,313548.391297313,4161655.38623916,0
603,313548.306199826,4161655.4387598,0
604,313548.221099662,4161655.49127611,0
605,313548.135996387,4161655.54378736,0
606,313548.050889565,4161655.59629288,0
607,313547.965778862,4161655.6487921,0
608,313547.880664258,4161655.701285,0
609,313547.795545796,4161655.75377164,0
610,313547.710423519,4161655.8062521,0
611,313547.625297467,4161655.85872644,0
612,313547.540167685,4161655.91119472,0
613,313547.455034214,4161655.96365702,0
614,313547.369897096,4161656.0161134,0
615,313547.284756375,4161656.06856393,0
616,313547.199612093,4161656.12100868,0
617,313547.114464293,4161656.17344772,0
618,313547.029313127,4161656.22588128,0
619,313546.944158967,4161656.27830999,0
620,313546.859002208,4161656.33073447,0
621,313546.773843246,4161656.38315538,0
622,313546.688682478,4161656.43557335,0
623,313546.603520301,4161656.48798903,0
624,313546.51835711,4161656.54040306,0
625,313546.433193302,4161656.59281609,0
626,313546.348029235,4161656.6452287,0
627,313546.262865013,4161656.69764106,0
628,313546.177700638,4161656.75005317,0
629,313546.09253611,4161656.80246503,0
630,313546.007371428,4161656.85487664,0
631,313545.922206593,4161656.907288,0
632,313545.837041605,4161656.95969912,0
633,313545.751876386,4161657.01210986,0
634,313545.666710592,4161657.06451967,0
635,313545.581543824,4161657.1169279,0
636,313545.496375682,4161657.16933389,0
637,313545.411205767,4161657.22173701,0
638,313545.32603368,4161657.27413659,0
639,313545.240859022,4161657.32653198,0
640,313545.155681392,4161657.37892255,0
641,313545.070500392,4161657.43130763,0
642,313544.985315623,4161657.48368659,0
643,313544.900126684,4161657.53605876,0
644,313544.81493342,4161657.58842389,0
645,313544.729736482,4161657.64078305,0
646,313544.644536687,4161657.69313756,0
647,313544.559334855,4161657.74548876,0
648,313544.474131804,4161657.79783797,0
649,313544.388928353,4161657.85018654,0
650,313544.303725321,4161657.90253578,0
651,313544.218523527,4161657.95488705,0
652,313544.133323789,4161658.00724165,0
653,313544.048126876,4161658.05960085,0
654,313543.962932841,4161658.11196474,0
655,313543.877741204,4161658.16433252,0
656,313543.79255147,4161658.2167034,0
657,313543.707363147,4161658.26907658,0
658,313543.622175772,4161658.3214513,0
659,313543.53698954,4161658.37382788,0
660,313543.451805254,4161658.42620762,0
661,313543.36662374,4161658.47859188,0
662,313543.281445827,4161658.53098198,0
663,313543.196272324,4161658.58337925,0
664,313543.111103429,4161658.63578402,0
665,313543.025938584,4161658.68819536,0
666,313542.94077719,4161658.74061231,0
667,313542.855618642,4161658.79303389,0
668,313542.770462339,4161658.84545912,0
669,313542.685307679,4161658.89788702,0
670,313542.600154218,4161658.95031686,0
671,313542.515001932,4161659.00274861,0
672,313542.429850866,4161659.05518234,0
673,313542.344701065,4161659.10761812,0
674,313542.259552574,4161659.16005603,0
675,313542.174405436,4161659.21249614,0
676,313542.089259696,4161659.26493851,0
677,313542.004115293,4161659.31738306,0
678,313541.918971935,4161659.36982931,0
679,313541.833829298,4161659.42227672,0
680,313541.74868706,4161659.47472479,0
681,313541.663544899,4161659.52717297,0
682,313541.578402492,4161659.57962076,0
683,313541.493259516,4161659.63206763,0
684,313541.408115649,4161659.68451305,0
685,313541.322970568,4161659.73695649,0
686,313541.23782395,4161659.78939745,0
687,313541.15267549,4161659.84183541,0
688,313541.067525222,4161659.89427043,0
689,313540.982373497,4161659.94670309,0
690,313540.89722068,4161659.99913397,0
691,313540.812067133,4161660.05156367,0
692,313540.726913219,4161660.10399278,0
693,313540.64175918,4161660.15642168,0
694,313540.556604609,4161660.20884972,0
695,313540.471448887,4161660.26127589,0
696,313540.386291396,4161660.31369918,0
697,313540.301131516,4161660.36611859,0
698,313540.215968627,4161660.41853312,0
699,313540.130802191,4161660.47094188,0
700,313540.045632554,4161660.52334544,0
701,313539.960460613,4161660.57574525,0
702,313539.875287275,4161660.6281428,0
703,313539.790113448,4161660.68053955,0
704,313539.704940039,4161660.73293698,0
705,313539.619767954,4161660.78533656,0
706,313539.5345981,4161660.83773976,0
707,313539.449431384,4161660.89014807,0
708,313539.36426871,4161660.94256294,0
709,313539.279110566,4161660.99498517,0
710,313539.193956516,4161661.04741404,0
711,313539.108806001,4161661.09984867,0
712,313539.023658466,4161661.15228813,0
713,313538.938513353,4161661.20473153,0
714,313538.853370103,4161661.25717796,0
715,313538.768228161,4161661.30962651,0
716,313538.683086736,4161661.3620759,0
717,313538.597944344,4161661.41452372,0
718,313538.512799373,4161661.46696734,0
719,313538.427650207,4161661.51940416,0
720,313538.342495232,4161661.57183153,0
721,313538.25733295,4161661.62424704,0
722,313538.172164012,4161661.67665173,0
723,313538.086990984,4161661.72904978,0
724,313538.0018165,4161661.78144546,0
725,313537.916643192,4161661.83384305,0
726,313537.831473678,4161661.88624681,0
727,313537.746309475,4161661.9386592,0
728,313537.6611503,4161661.99107976,0
729,313537.575995702,4161662.04350775,0
730,313537.490845232,4161662.09594245,0
731,313537.405698439,4161662.14838313,0
732,313537.320554873,4161662.20082904,0
733,313537.235414119,4161662.25327952,0
734,313537.150276337,4161662.30573482,0
735,313537.06514218,4161662.358196,0
736,313536.980012317,4161662.41066415,0
737,313536.894887413,4161662.46314035,0
738,313536.809768138,4161662.51562567,0
739,313536.724655159,4161662.5681212,0
740,313536.639548845,4161662.62062754,0
741,313536.554448126,4161662.67314294,0
742,313536.46935149,4161662.72566497,0
743,313536.384257431,4161662.77819118,0
744,313536.299164438,4161662.83071911,0
745,313536.214071002,4161662.88324633,0
746,313536.128975614,4161662.93577037,0
747,313536.043876764,4161662.98828881,0
748,313535.958772945,4161663.04079918,0
749,313535.873662646,4161663.09329905,0
750,313535.788544359,4161663.14578596,0
751,313535.703416826,4161663.19825788,0
752,313535.618281717,4161663.25071752,0
753,313535.533142598,4161663.30317065,0
754,313535.448003068,4161663.35562312,0
755,313535.362866721,4161663.40808075,0
756,313535.277737157,4161663.46054937,0
757,313535.192617796,4161663.51303455,0
758,313535.107509097,4161663.56553701,0
759,313535.022409053,4161663.61805351,0
760,313534.937315583,4161663.67058066,0
761,313534.852226606,4161663.7231151,0
762,313534.767140041,4161663.77565345,0
763,313534.682054083,4161663.82819277,0
764,313534.59696832,4161663.88073241,0
765,313534.511882777,4161663.9332724,0
766,313534.426797477,4161663.98581278,0
767,313534.341712443,4161664.0383536,0
768,313534.256627701,4161664.09089488,0
769,313534.171543274,4161664.14343667,0
770,313534.086459187,4161664.19597901,0
771,313534.001375462,4161664.24852194,0
772,313533.916292125,4161664.3010655,0
773,313533.831209198,4161664.35360972,0
774,313533.746126707,4161664.40615465,0
775,313533.66104466,4161664.4587003,0
776,313533.57596281,4161664.51124628,0
777,313533.490880697,4161664.56379183,0
778,313533.405797856,4161664.61633619,0
779,313533.32071382,4161664.66887863,0
780,313533.235628123,4161664.72141837,0
781,313533.150540298,4161664.77395467,0
782,313533.065449881,4161664.82648676,0
783,313532.980356405,4161664.8790139,0
784,313532.895259404,4161664.93153533,0
785,313532.810158412,4161664.98405028,0
786,313532.725052968,4161665.03655803,0
787,313532.639942922,4161665.08905831,0
788,313532.55482857,4161665.14155161,0
789,313532.469710243,4161665.19403848,0
790,313532.384588275,4161665.24651943,0
791,313532.299462997,4161665.29899502,0
792,313532.21433474,4161665.35146578,0
793,313532.129203838,4161665.40393225,0
794,313532.044070621,4161665.45639496,0
795,313531.958935311,4161665.50885426,0
796,313531.873797834,4161665.56131006,0
797,313531.788658074,4161665.61376214,0
798,313531.703515912,4161665.66621033,0
799,313531.618371232,4161665.71865443,0
800,313531.533223937,4161665.77109428,0
801,313531.448074147,4161665.82353008,0
802,313531.362922094,4161665.87596221,0
803,313531.27776801,4161665.92839103,0
804,313531.192612129,4161665.98081694,0
805,313531.107454683,4161666.03324031,0
806,313531.022295885,4161666.08566148,0
807,313530.937135914,4161666.13808075,0
808,313530.851974947,4161666.19049839,0
809,313530.76681316,4161666.24291471,0
810,313530.68165073,4161666.29532998,0
811,313530.596487833,4161666.34774449,0
812,313530.511324646,4161666.40015853,0
813,313530.42616136,4161666.45257241,0
814,313530.340998404,4161666.50498683,0
815,313530.255836404,4161666.5574028,0
816,313530.170675998,4161666.60982136,0
817,313530.085517817,4161666.66224353,0
818,313530.000362498,4161666.71467035,0
819,313529.915210673,4161666.76710285,0
820,313529.830062862,4161666.81954186,0
821,313529.744918921,4161666.87198715,0
822,313529.659778475,4161666.92443812,0
823,313529.574641148,4161666.97689415,0
824,313529.489506565,4161667.02935464,0
825,313529.40437435,4161667.08181897,0
826,313529.319244128,4161667.13428654,0
827,313529.234115523,4161667.18675674,0
828,313529.14898816,4161667.23922894,0
829,313529.063861663,4161667.29170256,0
830,313528.978735656,4161667.34417697,0
831,313528.893609766,4161667.39665156,0
832,313528.808483746,4161667.44912595,0
833,313528.723357557,4161667.50160006,0
834,313528.638231182,4161667.55407386,0
835,313528.553104603,4161667.60654734,0
836,313528.467977804,4161667.65902045,0
837,313528.382850766,4161667.71149318,0
838,313528.297723472,4161667.76396549,0
839,313528.212595973,4161667.81643747,0
840,313528.127468806,4161667.86890999,0
841,313528.042342711,4161667.92138424,0
842,313527.957218432,4161667.97386145,0
843,313527.872096711,4161668.02634281,0
844,313527.78697829,4161668.07882953,0
845,313527.701863954,4161668.13132287,0
846,313527.616754719,4161668.1838245,0
847,313527.531651682,4161668.23633616,0
848,313527.446555945,4161668.28885965,0
849,313527.361468607,4161668.34139674,0
850,313527.276390767,4161668.39394919,0
851,313527.191323524,4161668.44651879,0
852,313527.106267373,4161668.49910634,0
853,313527.02122054,4161668.55170895,0
854,313526.936180718,4161668.60432291,0
855,313526.851145601,4161668.65694447,0
856,313526.766112881,4161668.70956992,0
857,313526.681080252,4161668.76219552,0
858,313526.596045408,4161668.81481753,0
859,313526.511006155,4161668.86743242,0
860,313526.425961727,4161668.92003894,0
861,313526.340912343,4161668.97263745,0
862,313526.255858236,4161669.02522832,0
863,313526.170799645,4161669.07781193,0
864,313526.085736804,4161669.13038867,0
865,313526.00066995,4161669.18295892,0
866,313525.915599318,4161669.23552305,0
867,313525.830525144,4161669.28808146,0
868,313525.745447665,4161669.34063451,0
869,313525.660367117,4161669.39318259,0
870,313525.575283733,4161669.44572608,0
871,313525.490197709,4161669.49826529,0
872,313525.405109213,4161669.55080049,0
873,313525.320018413,4161669.60333197,0
874,313525.234925476,4161669.65585998,0
875,313525.14983057,4161669.7083848,0
876,313525.064733861,4161669.7609067,0
877,313524.979635517,4161669.81342596,0
878,313524.894535638,4161669.86594272,0
879,313524.809434029,4161669.91845669,0
880,313524.724330416,4161669.9709674,0
881,313524.639224521,4161670.02347442,0
882,313524.554116071,4161670.07597729,0
883,313524.46900479,4161670.12847558,0
884,313524.383890402,4161670.18096882,0
885,313524.298772694,4161670.23345669,0
886,313524.213651715,4161670.28593924,0
887,313524.128527585,4161670.33841669,0
888,313524.043400424,4161670.39088923,0
889,313523.958270354,4161670.44335704,0
890,313523.873137494,4161670.49582033,0
891,313523.788001966,4161670.54827928,0
892,313523.702863888,4161670.60073411,0
893,313523.617723382,4161670.65318499,0
894,313523.532580568,4161670.70563212,0
895,313523.447435567,4161670.75807571,0
896,313523.362288498,4161670.81051593,0
897,313523.277139483,4161670.862953,0
898,313523.191988642,4161670.9153871,0
899,313523.106836094,4161670.96781842,0
900,313523.02168202,4161671.02024727,0
901,313522.936526766,4161671.0726742,0
902,313522.85137071,4161671.12509982,0
903,313522.766214228,4161671.17752475,0
904,313522.681057698,4161671.22994961,0
905,313522.595901454,4161671.28237492,0
906,313522.510745482,4161671.33480069,0
907,313522.425589595,4161671.38722659,0
908,313522.340433605,4161671.43965232,0
909,313522.255277323,4161671.49207758,0
910,313522.17012056,4161671.54450206,0
911,313522.084963129,4161671.59692545,0
912,313521.99980484,4161671.64934745,0
913,313521.914645505,4161671.70176775,0
914,313521.829484936,4161671.75418604,0
915,313521.744322944,4161671.80660202,0
916,313521.659159341,4161671.85901538,0
917,313521.573993938,4161671.91142582,0
918,313521.488826625,4161671.96383316,0
919,313521.403657751,4161672.01623795,0
920,313521.318487836,4161672.06864106,0
921,313521.2333174,4161672.12104332,0
922,313521.148146962,4161672.17344558,0
923,313521.062977042,4161672.22584868,0
924,313520.977808143,4161672.27825344,0
925,313520.892640347,4161672.33065999,0
926,313520.807473284,4161672.38306773,0
927,313520.722306567,4161672.43547603,0
928,313520.637139806,4161672.48788426,0
929,313520.551972612,4161672.54029179,0
930,313520.466804597,4161672.59269799,0
931,313520.381635371,4161672.64510221,0
932,313520.296464677,4161672.69750405,0
933,313520.211292622,4161672.74990368,0
934,313520.126119378,4161672.80230137,0
935,313520.040945115,4161672.85469741,0
936,313519.955770004,4161672.90709207,0
937,313519.870594215,4161672.95948563,0
938,313519.78541792,4161673.01187837,0
939,313519.700241289,4161673.06427056,0
940,313519.615064494,4161673.11666248,0
941,313519.529887703,4161673.16905441,0
942,313519.444711089,4161673.22144663,0
943,313519.359534823,4161673.27383941,0
944,313519.274359074,4161673.32623304,0
945,313519.189184014,4161673.37862778,0
946,313519.104009813,4161673.43102392,0
947,313519.018836619,4161673.4834217,0
948,313518.933664523,4161673.53582126,0
949,313518.848493604,4161673.58822274,0
950,313518.763323944,4161673.64062626,0
951,313518.678155622,4161673.69303196,0
952,313518.59298872,4161673.74543996,0
953,313518.507823319,4161673.7978504,0
954,313518.422659497,4161673.85026341,0
955,313518.337497305,4161673.90267906,0
956,313518.252336632,4161673.95509719,0
957,313518.167177323,4161674.00751753,0
958,313518.08201922,4161674.05993983,0
959,313517.996862169,4161674.11236384,0
960,313517.911706012,4161674.1647893,0
961,313517.826550593,4161674.21721596,0
962,313517.741395757,4161674.26964356,0
963,313517.656241347,4161674.32207186,0
964,313517.571087207,4161674.3745006,0
965,313517.48593318,4161674.42692952,0
966,313517.40077911,4161674.47935837,0
967,313517.315624842,4161674.5317869,0
968,313517.230470316,4161674.58421501,0
969,313517.14531567,4161674.63664293,0
970,313517.060161064,4161674.68907091,0
971,313516.975006661,4161674.74149922,0
972,313516.889852622,4161674.79392812,0
973,313516.804699108,4161674.84635787,0
974,313516.719546281,4161674.89878874,0
975,313516.634394232,4161674.95122087,0
976,313516.549242914,4161675.00365419,0
977,313516.464092262,4161675.0560886,0
978,313516.378942213,4161675.10852398,0
979,313516.293792702,4161675.16096023,0
980,313516.208643664,4161675.21339725,0
981,313516.123495035,4161675.26583494,0
982,313516.038346751,4161675.31827319,0
983,313515.953198762,4161675.37071191,0
984,313515.868051101,4161675.42315117,0
985,313515.782903832,4161675.47559106,0
986,313515.697757019,4161675.5280317,0
987,313515.612610727,4161675.58047318,0
988,313515.52746502,4161675.63291561,0
989,313515.442319957,4161675.68535909,0
990,313515.357175472,4161675.73780351,0
991,313515.272031391,4161675.79024858,0
992,313515.186887534,4161675.84269401,0
993,313515.10174372,4161675.89513951,0
994,313515.016599768,4161675.94758479,0
995,313514.9314555,4161676.00002956,0
996,313514.846310734,4161676.05247352,0
997,313514.761165292,4161676.10491638,0
998,313514.676019016,4161676.15735789,0
999,313514.590871757,4161676.2097978,0
1000,313514.505723365,4161676.26223588,0
1001,313514.420573692,4161676.31467187,0
1002,313514.335422588,4161676.36710553,0
1003,313514.250269905,4161676.41953664,0
1004,313514.165115553,4161676.47196503,0
1005,313514.079959761,4161676.52439108,0
1006,313513.994802857,4161676.57681533,0
1007,313513.909645172,4161676.6292383,0
1008,313513.824487035,4161676.68166055,0
1009,313513.739328775,4161676.73408259,0
1010,313513.654170724,4161676.78650498,0
1011,313513.56901321,4161676.83892824,0
1012,313513.483856402,4161676.89135265,0
1013,313513.398700004,4161676.94377772,0
1014,313513.313543637,4161676.99620284,0
1015,313513.228386923,4161677.0486274,0
1016,313513.143229483,4161677.10105078,0
1017,313513.058070939,4161677.15347237,0
1018,313512.972910913,4161677.20589154,0
1019,313512.887749025,4161677.25830769,0
1020,313512.802584898,4161677.3107202,0
1021,313512.717418152,4161677.36312846,0
1022,313512.632248409,4161677.41553184,0
1023,313512.547075291,4161677.46792974,0
1024,313512.461898573,4161677.52032178,0
1025,313512.376718456,4161677.57270831,0
1026,313512.291535217,4161677.62508975,0
1027,313512.206349132,4161677.67746657,0
1028,313512.121160478,4161677.72983921,0
1029,313512.035969531,4161677.78220812,0
1030,313511.950776566,4161677.83457375,0
1031,313511.86558186,4161677.88693655,0
1032,313511.780385698,4161677.93929697,0
1033,313511.695188502,4161677.99165572,0
1034,313511.609990818,4161678.04401366,0
1035,313511.524793193,4161678.09637171,0
1036,313511.439596175,4161678.14873074,0
1037,313511.354400311,4161678.20109165,0
1038,313511.26920615,4161678.25345532,0
1039,313511.18401424,4161678.30582266,0
1040,313511.098825074,4161678.35819447,0
1041,313511.013638828,4161678.41057103,0
1042,313510.928455556,4161678.46295242,0
1043,313510.843275314,4161678.51533874,0
1044,313510.758098155,4161678.56773008,0
1045,313510.672924133,4161678.62012651,0
1046,313510.587753305,4161678.67252814,0
1047,313510.502585724,4161678.72493504,0
1048,313510.417421445,4161678.77734731,0
1049,313510.332260486,4161678.82976497,0
1050,313510.247102645,4161678.88218769,0
1051,313510.161947638,4161678.93461502,0
1052,313510.076795181,4161678.98704649,0
1053,313509.991644989,4161679.03948164,0
1054,313509.906496778,4161679.09192001,0
1055,313509.821350264,4161679.14436113,0
1056,313509.736205166,4161679.19680455,0
1057,313509.651061331,4161679.24925002,0
1058,313509.56591876,4161679.30169755,0
1059,313509.480777462,4161679.35414714,0
1060,313509.395637449,4161679.40659881,0
1061,313509.310498729,4161679.45905259,0
1062,313509.225361313,4161679.51150848,0
1063,313509.140225212,4161679.5639665,0
1064,313509.055090435,4161679.61642668,0
1065,313508.969956993,4161679.66888902,0
1066,313508.884824896,4161679.72135354,0
1067,313508.799694154,4161679.77382026,0
1068,313508.714564776,4161679.82628919,0
1069,313508.629436763,4161679.87876034,0
1070,313508.5443101,4161679.93123368,0
1071,313508.459184772,4161679.98370918,0
1072,313508.374060764,4161680.03618683,0
1073,313508.288938062,4161680.08866659,0
1074,313508.20381665,4161680.14114845,0
1075,313508.118696513,4161680.19363237,0
1076,313508.033577636,4161680.24611834,0
1077,313507.948459994,4161680.29860631,0
1078,313507.863343504,4161680.35109615,0
1079,313507.778228064,4161680.40358769,0
1080,313507.693113571,4161680.45608077,0
1081,313507.607999924,4161680.50857522,0
1082,313507.52288702,4161680.56107087,0
1083,313507.437774756,4161680.61356756,0
1084,313507.352663039,4161680.66606514,0
1085,313507.267551825,4161680.71856353,0
1086,313507.182441093,4161680.77106271,0
1087,313507.097330825,4161680.82356263,0
1088,313507.012220998,4161680.87606327,0
1089,313506.927111594,4161680.9285646,0
1090,313506.84200259,4161680.98106658,0
1091,313506.756893967,4161681.03356917,0
1092,313506.671785688,4161681.08607232,0
1093,313506.586677703,4161681.13857595,0
1094,313506.501569964,4161681.19107997,0
1095,313506.416462419,4161681.24358432,0
1096,313506.331355021,4161681.29608889,0
1097,313506.246247718,4161681.34859363,0
1098,313506.161140462,4161681.40109844,0
1099,313506.076033203,4161681.45360324,0
1100,313505.990925891,4161681.50610796,0
1101,313505.905818489,4161681.55861253,0
1102,313505.820710971,4161681.61111692,0
1103,313505.735603316,4161681.66362108,0
1104,313505.6504955,4161681.71612498,0
1105,313505.565387499,4161681.76862858,0
1106,313505.480279292,4161681.82113185,0
1107,313505.395170854,4161681.87363474,0
1108,313505.310062163,4161681.92613722,0
1109,313505.224953196,4161681.97863926,0
1110,313505.139843937,4161682.03114082,0
1111,313505.054734371,4161682.08364188,0
1112,313504.969624482,4161682.13614243,0
1113,313504.884514257,4161682.18864242,0
1114,313504.799403679,4161682.24114185,0
1115,313504.714292735,4161682.29364068,0
1116,313504.62918141,4161682.34613889,0
1117,313504.544069688,4161682.39863646,0
1118,313504.458957554,4161682.45113336,0
1119,313504.373844995,4161682.50362957,0
1120,313504.288731994,4161682.55612507,0
1121,313504.203618538,4161682.60861983,0
1122,313504.118504611,4161682.66111382,0
1123,313504.033390198,4161682.71360703,0
1124,313503.948275263,4161682.76609939,0
1125,313503.863159697,4161682.81859073,0
1126,313503.778043376,4161682.87108084,0
1127,313503.692926174,4161682.92356952,0
1128,313503.607807967,4161682.97605658,0
1129,313503.52268863,4161683.0285418,0
1130,313503.437568038,4161683.08102499,0
1131,313503.352446066,4161683.13350593,0
1132,313503.267322592,4161683.18598444,0
1133,313503.182197604,4161683.2384605,0
1134,313503.097071282,4161683.29093439,0
1135,313503.011943824,4161683.34340644,0
1136,313502.926815428,4161683.39587697,0
1137,313502.841686291,4161683.44834629,0
1138,313502.75655661,4161683.50081473,0
1139,313502.671426583,4161683.55328261,0
1140,313502.586296408,4161683.60575025,0
1141,313502.501166254,4161683.65821793,0
1142,313502.416036036,4161683.7106855,0
1143,313502.330905536,4161683.76315261,0
1144,313502.245774529,4161683.81561891,0
1145,313502.160642796,4161683.86808402,0
1146,313502.075510113,4161683.92054759,0
1147,313501.990376259,4161683.97300926,0
1148,313501.905241013,4161684.02546867,0
1149,313501.820104192,4161684.07792553,0
1150,313501.734965686,4161684.13037965,0
1151,313501.649825398,4161684.18283088,0
1152,313501.564683229,4161684.23527905,0
1153,313501.479539079,4161684.28772401,0
1154,313501.394392849,4161684.3401656,0
1155,313501.309244441,4161684.39260364,0
1156,313501.224093783,4161684.44503803,0
1157,313501.138940923,4161684.49746885,0
1158,313501.053785943,4161684.54989622,0
1159,313500.968628923,4161684.60232028,0
1160,313500.883469945,4161684.65474116,0
1161,313500.798309091,4161684.70715899,0
1162,313500.71314644,4161684.75957391,0
1163,313500.627982075,4161684.81198604,0
1164,313500.542816078,4161684.86439551,0
1165,313500.457648528,4161684.91680246,0
1166,313500.372479507,4161684.96920703,0
1167,313500.287309097,4161685.02160933,0
1168,313500.202137379,4161685.07400951,0
1169,313500.116964434,4161685.1264077,0
1170,313500.031790343,4161685.17880402,0
1171,313499.946615188,4161685.23119861,0
1172,313499.861439135,4161685.28359174,0
1173,313499.77626251,4161685.33598394,0
1174,313499.691085659,4161685.38837577,0
1175,313499.605908926,4161685.44076779,0
1176,313499.520732656,4161685.49316057,0
1177,313499.435557194,4161685.54555466,0
1178,313499.350382878,4161685.59795061,0
1179,313499.265209914,4161685.65034876,0
1180,313499.180038396,4161685.70274927,0
1181,313499.094868415,4161685.75515227,0
1182,313499.009700062,4161685.80755792,0
1183,313498.924533427,4161685.85996636,0
1184,313498.839368601,4161685.91237774,0
1185,313498.754205674,4161685.96479221,0
1186,313498.669044737,4161686.01720991,0
1187,313498.583885882,4161686.06963099,0
1188,313498.498729197,4161686.12205559,0
1189,313498.413574775,4161686.17448387,0
1190,313498.328422706,4161686.22691597,0
1191,313498.24327308,4161686.27935204,0
1192,313498.158125989,4161686.33179223,0
1193,313498.072981436,4161686.38423653,0
1194,313497.987838836,4161686.43668401,0
1195,313497.902697355,4161686.48913331,0
1196,313497.817556158,4161686.54158306,0
1197,313497.732414408,4161686.59403192,0
1198,313497.647271271,4161686.64647852,0
1199,313497.562125911,4161686.69892151,0
1200,313497.476977493,4161686.75135954,0
1201,313497.391825222,4161686.80379131,0
1202,313497.306669035,4161686.85621672,0
1203,313497.221509506,4161686.9086367,0
1204,313497.136347234,4161686.96105223,0
1205,313497.051182813,4161687.01346426,0
1206,313496.96601684,4161687.06587378,0
1207,313496.880849912,4161687.11828174,0
1208,313496.795682517,4161687.17068895,0
1209,313496.710514967,4161687.2230959,0
1210,313496.625347553,4161687.27550307,0
1211,313496.540180567,4161687.32791094,0
1212,313496.455014303,4161687.38031998,0
1213,313496.369849051,4161687.43273067,0
1214,313496.284685104,4161687.48514347,0
1215,313496.199522755,4161687.53755887,0
1216,313496.114362296,4161687.58997734,0
1217,313496.029203995,4161687.64239932,0
1218,313495.944047839,4161687.69482478,0
1219,313495.858893625,4161687.74725339,0
1220,313495.773741145,4161687.79968483,0
1221,313495.688590194,4161687.85211874,0
1222,313495.603440563,4161687.9045548,0
1223,313495.518292047,4161687.95699267,0
1224,313495.433144439,4161688.00943202,0
1225,313495.347997532,4161688.0618725,0
1226,313495.262851119,4161688.11431379,0
1227,313495.177704995,4161688.16675555,0
1228,313495.092559087,4161688.21919765,0
1229,313495.007413507,4161688.27164029,0
1230,313494.922268381,4161688.32408366,0
1231,313494.837123836,4161688.37652798,0
1232,313494.751979999,4161688.42897345,0
1233,313494.666836998,4161688.48142027,0
1234,313494.581694956,4161688.53386865,0
1235,313494.496553935,4161688.58631869,0
1236,313494.411413904,4161688.63877034,0
1237,313494.326274823,4161688.69122352,0
1238,313494.241136656,4161688.7436782,0
1239,313494.155999365,4161688.79613429,0
1240,313494.070862913,4161688.84859174,0
1241,313493.98572726,4161688.9010505,0
1242,313493.900592371,4161688.95351049,0
1243,313493.815458207,4161689.00597165,0
1244,313493.730324727,4161689.05843393,0
1245,313493.645191885,4161689.11089725,0
1246,313493.560059634,4161689.16336152,0
1247,313493.474927927,4161689.21582667,0
1248,313493.389796717,4161689.26829263,0
1249,313493.304665958,4161689.32075933,0
1250,313493.219535601,4161689.37322667,0
1251,313493.134405598,4161689.42569459,0
1252,313493.049275881,4161689.47816298,0
1253,313492.964146378,4161689.53063171,0
1254,313492.879017016,4161689.58310067,0
1255,313492.793887723,4161689.63556974,0
1256,313492.708758427,4161689.6880388,0
1257,313492.623629055,4161689.74050775,0
1258,313492.538499535,4161689.79297645,0
1259,313492.453369794,4161689.8454448,0
1260,313492.368239767,4161689.89791268,0
1261,313492.283109441,4161689.95038007,0
1262,313492.197978831,4161690.00284701,0
1263,313492.112847952,4161690.0553135,0
1264,313492.027716819,4161690.10777959,0
1265,313491.942585448,4161690.16024529,0
1266,313491.857453853,4161690.21271063,0
1267,313491.772322049,4161690.26517563,0
1268,313491.687190051,4161690.31764031,0
1269,313491.602057875,4161690.3701047,0
1270,313491.516925536,4161690.42256883,0
1271,313491.431793048,4161690.47503272,0
1272,313491.346660426,4161690.52749639,0
1273,313491.261527687,4161690.57995987,0
1274,313491.176394829,4161690.63242316,0
1275,313491.091261827,4161690.68488621,0
1276,313491.006128649,4161690.73734898,0
1277,313490.920995264,4161690.78981141,0
1278,313490.83586164,4161690.84227345,0
1279,313490.750727748,4161690.89473506,0
1280,313490.665593555,4161690.94719618,0
1281,313490.580459032,4161690.99965677,0
1282,313490.495324146,4161691.05211676,0
1283,313490.410188868,4161691.10457612,0
1284,313490.325053182,4161691.15703482,0
1285,313490.239917077,4161691.20949284,0
1286,313490.154780544,4161691.26195016,0
1287,313490.069643573,4161691.31440677,0
1288,313489.984506155,4161691.36686266,0
1289,313489.899368279,4161691.41931781,0
1290,313489.814229938,4161691.47177219,0
1291,313489.72909112,4161691.52422581,0
1292,313489.643951825,4161691.57667865,0
1293,313489.558812098,4161691.62913079,0
1294,313489.473671996,4161691.68158232,0
1295,313489.388531577,4161691.73403333,0
1296,313489.303390897,4161691.78648392,0
1297,313489.218250014,4161691.83893419,0
1298,313489.133108986,4161691.89138422,0
1299,313489.04796787,4161691.9438341,0
1300,313488.962826723,4161691.99628393,0
1301,313488.877685603,4161692.04873381,0
1302,313488.792544566,4161692.10118382,0
1303,313488.707403671,4161692.15363407,0
1304,313488.622262975,4161692.20608463,0
1305,313488.537122536,4161692.25853562,0
1306,313488.45198241,4161692.31098711,0
1307,313488.366842655,4161692.3634392,0
1308,313488.281703321,4161692.41589198,0
1309,313488.196564256,4161692.46834519,0
1310,313488.111425066,4161692.5207982,0
1311,313488.026285345,4161692.57325035,0
1312,313487.941144686,4161692.62570098,0
1313,313487.856002683,4161692.67814942,0
1314,313487.770858994,4161692.73059513,0
1315,313487.685713697,4161692.78303823,0
1316,313487.600567039,4161692.83547911,0
1317,313487.51541927,4161692.8879182,0
1318,313487.430270638,4161692.94035588,0
1319,313487.345121392,4161692.99279256,0
1320,313487.259971779,4161693.04522865,0
1321,313487.174822046,4161693.09766455,0
1322,313487.089672336,4161693.15010048,0
1323,313487.004522652,4161693.20253645,0
1324,313486.919372986,4161693.25497246,0
1325,313486.834223333,4161693.30740848,0
1326,313486.749073684,4161693.35984451,0
1327,313486.663924034,4161693.41228054,0
1328,313486.578774375,4161693.46471655,0
1329,313486.4936247,4161693.51715254,0
1330,313486.408475004,4161693.56958849,0
1331,313486.323325283,4161693.62202441,0
1332,313486.238175538,4161693.67446028,0
1333,313486.153025771,4161693.72689612,0
1334,313486.06787598,4161693.77933192,0
1335,313485.982726167,4161693.83176768,0
1336,313485.897576332,4161693.88420341,0
1337,313485.812426476,4161693.93663911,0
1338,313485.727276599,4161693.98907477,0
1339,313485.6421267,4161694.04151039,0
1340,313485.556976748,4161694.09394593,0
1341,313485.471826678,4161694.14638128,0
1342,313485.386676423,4161694.19881632,0
1343,313485.301525916,4161694.25125096,0
1344,313485.21637509,4161694.30368508,0
1345,313485.131223878,4161694.35611857,0
1346,313485.046072223,4161694.40855134,0
1347,313484.960920162,4161694.46098345,0
1348,313484.875767782,4161694.51341505,0
1349,313484.790615174,4161694.56584628,0
1350,313484.705462427,4161694.61827727,0
1351,313484.620309628,4161694.67070819,0
1352,313484.535156868,4161694.72313917,0
1353,313484.450004235,4161694.77557035,0
1354,313484.364851818,4161694.82800189,0
1355,313484.279699706,4161694.88043392,0
1356,313484.194547988,4161694.93286659,0
1357,313484.109396754,4161694.98530005,0
1358,313484.024246092,4161695.03773443,0
1359,313483.93909609,4161695.09016989,0
1360,313483.853946802,4161695.1426065,0
1361,313483.768798082,4161695.19504404,0
1362,313483.683649716,4161695.24748216,0
1363,313483.598501495,4161695.2999205,0
1364,313483.513353205,4161695.35235874,0
1365,313483.428204636,4161695.40479653,0
1366,313483.343055575,4161695.45723351,0
1367,313483.257905811,4161695.50966935,0
1368,313483.172755156,4161695.56210375,0
1369,313483.08760368,4161695.61453682,0
1370,313483.002451608,4161695.66696891,0
1371,313482.917299167,4161695.71940041,0
1372,313482.832146582,4161695.77183167,0
1373,313482.746994082,4161695.82426307,0
1374,313482.661841892,4161695.87669497,0
1375,313482.576690239,4161695.92912775,0
1376,313482.49153935,4161695.98156177,0
1377,313482.40638945,4161696.03399739,0
1378,313482.321240625,4161696.08643476,0
1379,313482.236092707,4161696.1388736,0
1380,313482.150945499,4161696.19131359,0
1381,313482.065798804,4161696.24375442,0
1382,313481.980652427,4161696.29619576,0
1383,313481.895506169,4161696.3486373,0
1384,313481.81035985,4161696.40107874,0
1385,313481.725213438,4161696.45352002,0
1386,313481.640066979,4161696.50596124,0
1387,313481.554920525,4161696.55840245,0
1388,313481.469774125,4161696.61084376,0
1389,313481.384627827,4161696.66328523,0
1390,313481.299481683,4161696.71572695,0
1391,313481.21433574,4161696.768169,0
1392,313481.129190049,4161696.82061146,0
1393,313481.04404466,4161696.8730544,0
1394,313480.958899621,4161696.92549792,0
1395,313480.873754982,4161696.97794209,0
1396,313480.788610793,4161697.03038698,0
1397,313480.703467104,4161697.08283269,0
1398,313480.618323963,4161697.13527929,0
1399,313480.533181421,4161697.18772686,0
1400,313480.448039523,4161697.24017547,0
1401,313480.362898237,4161697.29262508,0
1402,313480.277757465,4161697.34507552,0
1403,313480.192617103,4161697.39752663,0
1404,313480.107477049,4161697.44997824,0
1405,313480.022337201,4161697.50243018,0
1406,313479.937197456,4161697.55488229,0
1407,313479.852057712,4161697.6073344,0
1408,313479.766917867,4161697.65978635,0
1409,313479.681777818,4161697.71223797,0
1410,313479.596637463,4161697.76468908,0
1411,313479.511496699,4161697.81713954,0
1412,313479.426355425,4161697.86958917,0
1413,313479.341213565,4161697.92203784,0
1414,313479.256071192,4161697.97448569,0
1415,313479.170928427,4161698.0269329,0
1416,313479.08578539,4161698.07937966,0
1417,313479.000642204,4161698.13182619,0
1418,313478.915498988,4161698.18427266,0
1419,313478.830355864,4161698.23671929,0
1420,313478.745212952,4161698.28916626,0
1421,313478.660070375,4161698.34161377,0
1422,313478.574928252,4161698.39406202,0
1423,313478.489786676,4161698.44651115,0
1424,313478.404645563,4161698.49896104,0
1425,313478.319504761,4161698.55141144,0
1426,313478.234364117,4161698.60386209,0
1427,313478.149223479,4161698.65631275,0
1428,313478.064082694,4161698.70876317,0
1429,313477.978941611,4161698.76121311,0
1430,313477.893800077,4161698.81366231,0
1431,313477.808658122,4161698.86611084,0
1432,313477.723516122,4161698.91855929,0
1433,313477.638374497,4161698.97100834,0
1434,313477.553233663,4161699.02345869,0
1435,313477.468094039,4161699.07591099,0
1436,313477.382956043,4161699.12836594,0
1437,313477.297820027,4161699.1808241,0
1438,313477.212685772,4161699.23328512,0
1439,313477.127552758,4161699.28574816,0
1440,313477.042420466,4161699.33821236,0
1441,313476.957288373,4161699.39067689,0
1442,313476.872155958,4161699.4431409,0
1443,313476.787022701,4161699.49560354,0
1444,313476.701888081,4161699.54806396,0
1445,313476.616751696,4161699.60052153,0
1446,313476.531613669,4161699.65297642,0
1447,313476.446474269,4161699.70542909,0
1448,313476.361333763,4161699.75787997,0
1449,313476.27619242,4161699.81032949,0
1450,313476.191050506,4161699.86277808,0
1451,313476.105908291,4161699.91522618,0
1452,313476.020766041,4161699.96767422,0
1453,313475.935624006,4161700.02012261,0
1454,313475.850482281,4161700.07257151,0
1455,313475.765340884,4161700.12502094,0
1456,313475.680199834,4161700.17747093,0
1457,313475.595059148,4161700.22992151,0
1458,313475.509918846,4161700.28237272,0
1459,313475.424778946,4161700.33482457,0
1460,313475.339639465,4161700.38727711,0
1461,313475.254500421,4161700.43973036,0
1462,313475.169361834,4161700.49218435,0
1463,313475.084223721,4161700.54463911,0
1464,313474.999086101,4161700.59709467,0
1465,313474.913948992,4161700.64955106,0
1466,313474.828812412,4161700.7020083,0
1467,313474.743676356,4161700.7544664,0
1468,313474.658540611,4161700.80692501,0
1469,313474.573404855,4161700.85938359,0
1470,313474.488268761,4161700.91184162,0
1471,313474.403132004,4161700.96429859,0
1472,313474.31799426,4161701.01675394,0
1473,313474.232855203,4161701.06920717,0
1474,313474.147714508,4161701.12165773,0
1475,313474.062571903,4161701.1741052,0
1476,313473.977427421,4161701.22654962,0
1477,313473.892281203,4161701.27899122,0
1478,313473.807133388,4161701.33143023,0
1479,313473.721984117,4161701.38386688,0
1480,313473.636833531,4161701.43630138,0
1481,313473.551681769,4161701.48873398,0
1482,313473.466528971,4161701.5411649,0
1483,313473.381375279,4161701.59359437,0
1484,313473.296220832,4161701.64602261,0
1485,313473.211065769,4161701.69844985,0
1486,313473.125910208,4161701.75087628,0
1487,313473.040754261,4161701.80330208,0
1488,313472.955598038,4161701.85572743,0
1489,313472.870441651,4161701.90815252,0
1490,313472.785285209,4161701.96057752,0
1491,313472.700128823,4161702.01300261,0
1492,313472.614972605,4161702.06542797,0
1493,313472.529816664,4161702.11785378,0
1494,313472.444661112,4161702.17028022,0
1495,313472.359506059,4161702.22270748,0
1496,313472.274351616,4161702.27513572,0
1497,313472.189197894,4161702.32756513,0
1498,313472.104045003,4161702.3799959,0
1499,313472.018893051,4161702.43242819,0
1500,313471.933742037,4161702.484862,0
1501,313471.848591847,4161702.53729715,0
1502,313471.763442359,4161702.58973345,0
1503,313471.678293452,4161702.64217068,0
1504,313471.593145006,4161702.69460867,0
1505,313471.507996898,4161702.7470472,0
1506,313471.422849007,4161702.79948608,0
1507,313471.337701213,4161702.85192513,0
1508,313471.252553414,4161702.90436416,0
1509,313471.167405588,4161702.95680315,0
1510,313471.082257732,4161703.00924209,0
1511,313470.997109847,4161703.06168099,0
1512,313470.91196193,4161703.11411983,0
1513,313470.82681398,4161703.16655862,0
1514,313470.741665995,4161703.21899735,0
1515,313470.656517974,4161703.27143603,0
1516,313470.571369921,4161703.32387465,0
1517,313470.486221845,4161703.37631323,0
1518,313470.401073756,4161703.42875179,0
1519,313470.315925663,4161703.48119035,0
1520,313470.230777577,4161703.53362892,0
1521,313470.145629507,4161703.58606751,0
1522,313470.060481463,4161703.63850615,0
1523,313469.975333455,4161703.69094484,0
1524,313469.890185491,4161703.74338361,0
1525,313469.80503755,4161703.79582242,0
1526,313469.719889464,4161703.84826099,0
1527,313469.634741022,4161703.90069898,0
1528,313469.549592017,4161703.95313606,0
1529,313469.464442238,4161704.00557188,0
1530,313469.379291477,4161704.0580061,0
1531,313469.294139524,4161704.11043839,0
1532,313469.208986184,4161704.16286842,0
1533,313469.123831517,4161704.21529629,0
1534,313469.03867581,4161704.26772248,0
1535,313468.953519358,4161704.32014745,0
1536,313468.868362458,4161704.3725717,0
1537,313468.783205403,4161704.42499569,0
1538,313468.698048491,4161704.47741992,0
1539,313468.612892015,4161704.52984486,0
1540,313468.527736271,4161704.58227098,0
1541,313468.442581555,4161704.63469878,0
1542,313468.357428162,4161704.68712873,0
1543,313468.272276387,4161704.73956131,0
1544,313468.187126525,4161704.79199701,0
1545,313468.101978872,4161704.84443629,0
1546,313468.016833723,4161704.89687965,0
1547,313467.931691374,4161704.94932755,0
1548,313467.846551651,4161705.00177973,0
1549,313467.761412192,4161705.05423234,0
1550,313467.676269991,4161705.10668049,0
1551,313467.591122043,4161705.1591193,0
1552,313467.505965343,4161705.21154388,0
1553,313467.420796887,4161705.26394935,0
1554,313467.335613669,4161705.31633083,0
1555,313467.250412686,4161705.36868342,0
1556,313467.165191584,4161705.4210033,0
1557,313467.079949647,4161705.47328926,0
1558,313466.994686413,4161705.5255405,0
1559,313466.909401417,4161705.57775624,0
1560,313466.824094198,4161705.62993567,0
1561,313466.738764291,4161705.682078,0
1562,313466.653411234,4161705.73418243,0
1563,313466.568034565,4161705.78624817,0
1564,313466.482633818,4161705.83827443,0
1565,313466.397208765,4161705.89026078,0
1566,313466.31176139,4161705.94221046,0
1567,313466.226294911,4161705.9941287,0
1568,313466.140812557,4161706.04602077,0
1569,313466.055317558,4161706.09789193,0
1570,313465.969813145,4161706.14974745,0
1571,313465.884302547,4161706.2015926,0
1572,313465.798788994,4161706.25343264,0
1573,313465.713275491,4161706.30527248,0
1574,313465.627763622,4161706.35711484,0
1575,313465.542254417,4161706.40896158,0
1576,313465.456748906,4161706.46081456,0
1577,313465.37124812,4161706.51267564,0
1578,313465.285753087,4161706.56454667,0
1579,313465.200264838,4161706.61642951,0
1580,313465.114784403,4161706.66832603,0
1581,313465.029312852,4161706.72023814,0
1582,313464.943852917,4161706.7721703,0
1583,313464.858409545,4161706.82413033,0
1584,313464.772987835,4161706.87612629,0
1585,313464.687592885,4161706.92816624,0
1586,313464.602229796,4161706.98025825,0
1587,313464.516903667,4161707.03241036,0
1588,313464.431619596,4161707.08463065,0
1589,313464.346382683,4161707.13692718,0
1590,313464.261198028,4161707.18930799,0
1591,313464.176070729,4161707.24178116,0
1592,313464.091005885,4161707.29435474,0
1593,313464.006008597,4161707.34703679,0
1594,313463.921083962,4161707.39983537,0
1595,313463.836237081,4161707.45275854,0
1596,313463.751473053,4161707.50581437,0
1597,313463.66679648,4161707.5590101,0
1598,313463.582206423,4161707.61234391,0
1599,313463.49769847,4161707.66580833,0
1600,313463.413268157,4161707.71939577,0
1601,313463.32891102,4161707.77309866,0
1602,313463.244622593,4161707.82690943,0
1603,313463.160398612,4161707.88082085,0
1604,313463.076236347,4161707.93482839,0
1605,313462.992133773,4161707.98892876,0
1606,313462.90808887,4161708.04311869,0
1607,313462.824099616,4161708.09739488,0
1608,313462.740163991,4161708.15175407,0
1609,313462.656279975,4161708.20619296,0
1610,313462.572445548,4161708.26070827,0
1611,313462.488658688,4161708.31529673,0
1612,313462.404917375,4161708.36995504,0
1613,313462.321219589,4161708.42467994,0
1614,313462.23756331,4161708.47946812,0
1615,313462.153946516,4161708.53431633,0
1616,313462.070367273,4161708.58922144,0
1617,313461.986823877,4161708.64418084,0
1618,313461.903314662,4161708.69919199,0
1619,313461.819837961,4161708.75425233,0
1620,313461.736392109,4161708.80935933,0
1621,313461.652975439,4161708.86451043,0
1622,313461.569586285,4161708.9197031,0
1623,313461.486222916,4161708.97493469,0
1624,313461.402883503,4161709.03020245,0
1625,313461.31956621,4161709.08550359,0
1626,313461.2362692,4161709.14083534,0
1627,313461.152990636,4161709.19619491,0
1628,313461.069728682,4161709.25157953,0
1629,313460.9864815,4161709.30698641,0
1630,313460.903247253,4161709.36241278,0
1631,313460.820024104,4161709.41785586,0
1632,313460.736810218,4161709.47331286,0
1633,313460.653603756,4161709.52878101,0
1634,313460.570402882,4161709.58425754,0
1635,313460.487205758,4161709.63973965,0
1636,313460.404010593,4161709.69522464,0
1637,313460.320816306,4161709.75071088,0
1638,313460.237622395,4161709.80619764,0
1639,313460.154428376,4161709.86168418,0
1640,313460.071233765,4161709.91716981,0
1641,313459.988038077,4161709.97265379,0
1642,313459.904840828,4161710.02813542,0
1643,313459.821641532,4161710.08361397,0
1644,313459.738439706,4161710.13908873,0
1645,313459.655234879,4161710.19455901,0
1646,313459.572026872,4161710.25002453,0
1647,313459.488815784,4161710.30548545,0
1648,313459.405601729,4161710.36094192,0
1649,313459.322384817,4161710.41639412,0
1650,313459.239165161,4161710.47184221,0
1651,313459.155942871,4161710.52728635,0
1652,313459.07271806,4161710.58272671,0
1653,313458.989490832,4161710.63816344,0
1654,313458.906260999,4161710.69359626,0
1655,313458.823027987,4161710.74902429,0
1656,313458.739791194,4161710.80444665,0
1657,313458.656550022,4161710.85986242,0
1658,313458.573303868,4161710.9152707,0
1659,313458.490052134,4161710.9706706,0
1660,313458.406794219,4161711.0260612,0
1661,313458.323529523,4161711.0814416,0
1662,313458.240257778,4161711.1368114,0
1663,313458.156979655,4161711.19217162,0
1664,313458.073695983,4161711.24752349,0
1665,313457.990407596,4161711.30286827,0
1666,313457.907115324,4161711.35820721,0
1667,313457.823819998,4161711.41354155,0
1668,313457.74052245,4161711.46887255,0
1669,313457.657223512,4161711.52420146,0
1670,313457.57392399,4161711.5795295,0
1671,313457.490623951,4161711.63485675,0
1672,313457.407322619,4161711.69018205,0
1673,313457.32401917,4161711.74550416,0
1674,313457.240712782,4161711.80082184,0
1675,313457.157402632,4161711.85613386,0
1676,313457.074087897,4161711.91143896,0
1677,313456.990767756,4161711.96673591,0
1678,313456.907441394,4161712.0220235,0
1679,313456.82410845,4161712.07730116,0
1680,313456.740769182,4161712.13256929,0
1681,313456.657423898,4161712.18782835,0
1682,313456.574072903,4161712.2430788,0
1683,313456.490716502,4161712.29832109,0
1684,313456.407355003,4161712.3535557,0
1685,313456.32398871,4161712.40878307,0
1686,313456.240617929,4161712.46400367,0
1687,313456.157242967,4161712.51921796,0
1688,313456.073864129,4161712.57442639,0
1689,313455.990481629,4161712.62962929,0
1690,313455.907095458,4161712.68482663,0
1691,313455.823705572,4161712.74001837,0
1692,313455.740311928,4161712.79520442,0
1693,313455.656914484,4161712.85038473,0
1694,313455.573513195,4161712.90555923,0
1695,313455.49010802,4161712.96072785,0
1696,313455.406698915,4161713.01589053,0
1697,313455.323285837,4161713.07104719,0
1698,313455.239868779,4161713.12619785,0
1699,313455.156447844,4161713.18134263,0
1700,313455.073023153,4161713.23648174,0
1701,313454.98959483,4161713.29161535,0
1702,313454.906162997,4161713.34674365,0
1703,313454.822727776,4161713.40186682,0
1704,313454.739289289,4161713.45698506,0
1705,313454.655847661,4161713.51209853,0
1706,313454.572403012,4161713.56720744,0
1707,313454.488955465,4161713.62231196,0
1708,313454.405505144,4161713.67741227,0
1709,313454.32205217,4161713.73250857,0
1710,313454.238596665,4161713.78760104,0
1711,313454.155138753,4161713.84268986,0
1712,313454.071678556,4161713.89777522,0
1713,313453.988216163,4161713.95285724,0
1714,313453.904751438,4161714.00793573,0
1715,313453.821284148,4161714.06301034,0
1716,313453.737814063,4161714.1180807,0
1717,313453.65434095,4161714.17314648,0
1718,313453.570864579,4161714.22820731,0
1719,313453.487384717,4161714.28326285,0
1720,313453.403901132,4161714.33831275,0
1721,313453.320413594,4161714.39335665,0
1722,313453.236921895,4161714.44839424,0
1723,313453.153425986,4161714.50342545,0
1724,313453.069925887,4161714.5584503,0
1725,313452.986421616,4161714.61346882,0
1726,313452.902913194,4161714.66848104,0
1727,313452.819400638,4161714.72348699,0
1728,313452.735883968,4161714.77848669,0
1729,313452.652363203,4161714.83348017,0
1730,313452.568838361,4161714.88846746,0
1731,313452.485309462,4161714.94344859,0
1732,313452.401776526,4161714.99842358,0
1733,313452.318239569,4161715.05339247,0
1734,313452.234698613,4161715.10835527,0
1735,313452.151153676,4161715.16331202,0
1736,313452.067604776,4161715.21826274,0
1737,313451.984052039,4161715.27320762,0
1738,313451.900495869,4161715.32814728,0
1739,313451.816936723,4161715.38308242,0
1740,313451.733375055,4161715.43801372,0
1741,313451.64981132,4161715.49294187,0
1742,313451.566245973,4161715.54786758,0
1743,313451.482679469,4161715.60279152,0
1744,313451.399112263,4161715.65771439,0
1745,313451.315544809,4161715.71263689,0
1746,313451.23197752,4161715.76755964,0
1747,313451.148410323,4161715.82248253,0
1748,313451.064842828,4161715.87740497,0
1749,313450.981274641,4161715.93232635,0
1750,313450.897705366,4161715.98724608,0
1751,313450.814134611,4161716.04216355,0
1752,313450.73056198,4161716.09707817,0
1753,313450.64698708,4161716.15198933,0
1754,313450.563409515,4161716.20689644,0
1755,313450.47982891,4161716.26179892,0
1756,313450.396245246,4161716.31669674,0
1757,313450.312658822,4161716.37159037,0
1758,313450.229069948,4161716.42648026,0
1759,313450.145478936,4161716.48136689,0
1760,313450.061886095,4161716.53625074,0
1761,313449.978291736,4161716.59113228,0
1762,313449.89469617,4161716.64601198,0
1763,313449.811099707,4161716.70089032,0
1764,313449.727502629,4161716.75576772,0
1765,313449.643905171,4161716.81064453,0
1766,313449.560307563,4161716.86552112,0
1767,313449.476710036,4161716.92039783,0
1768,313449.393112818,4161716.97527502,0
1769,313449.309516141,4161717.03015302,0
1770,313449.225920234,4161717.0850322,0
1771,313449.142325308,4161717.13991287,0
1772,313449.058731351,4161717.19479502,0
1773,313448.975138216,4161717.24967842,0
1774,313448.891545755,4161717.30456285,0
1775,313448.807953816,4161717.35944807,0
1776,313448.72436225,4161717.41433386,0
1777,313448.640770908,4161717.46922,0
1778,313448.55717964,4161717.52410624,0
1779,313448.473588296,4161717.57899237,0
1780,313448.389996726,4161717.63387816,0
1781,313448.306404782,4161717.68876337,0
1782,313448.222812313,4161717.74364779,0
1783,313448.13921917,4161717.79853118,0
1784,313448.055625203,4161717.85341331,0
1785,313447.972030262,4161717.90829397,0
1786,313447.888434206,4161717.96317292,0
1787,313447.804837147,4161718.01805034,0
1788,313447.721239478,4161718.07292684,0
1789,313447.637641606,4161718.12780303,0
1790,313447.55404394,4161718.18267953,0
1791,313447.47044689,4161718.23755696,0
1792,313447.386850861,4161718.29243596,0
1793,313447.303256265,4161718.34731713,0
1794,313447.219663463,4161718.40220104,0
1795,313447.136072333,4161718.4570875,0
1796,313447.052482458,4161718.51197586,0
1797,313446.968893411,4161718.56686549,0
1798,313446.88530477,4161718.62175574,0
1799,313446.80171611,4161718.67664596,0
1800,313446.718127011,4161718.7315355,0
1801,313446.634537263,4161718.78642406,0
1802,313446.550947,4161718.84131184,0
1803,313446.467356387,4161718.89619908,0
1804,313446.383765588,4161718.95108604,0
1805,313446.300174769,4161719.00597297,0
1806,313446.216584095,4161719.06086012,0
1807,313446.13299373,4161719.11574774,0
1808,313446.049403839,4161719.17063608,0
1809,313445.965814588,4161719.2255254,0
1810,313445.882226138,4161719.28041594,0
1811,313445.79863852,4161719.33530774,0
1812,313445.715051584,4161719.39020058,0
1813,313445.631465164,4161719.44509421,0
1814,313445.547879096,4161719.49998837,0
1815,313445.464293216,4161719.55488283,0
1816,313445.380707358,4161719.60977731,0
1817,313445.297121373,4161719.6646716,0
1818,313445.213535219,4161719.71956563,0
1819,313445.129948915,4161719.77445944,0
1820,313445.046362478,4161719.82935304,0
1821,313444.962775925,4161719.88424646,0
1822,313444.879189273,4161719.93913974,0
1823,313444.79560254,4161719.99403289,0
1824,313444.712015744,4161720.04892594,0
1825,313444.628428901,4161720.10381893,0
1826,313444.54484203,4161720.15871187,0
1827,313444.461255147,4161720.21360479,0
1828,313444.37766827,4161720.26849772,0
1829,313444.294081416,4161720.32339069,0
1830,313444.210494603,4161720.37828372,0
1831,313444.126907848,4161720.43317684,0
1832,313444.043321169,4161720.48807007,0
1833,313443.959734576,4161720.54296344,0
1834,313443.876147915,4161720.5978567,0
1835,313443.792560855,4161720.65274936,0
1836,313443.708973058,4161720.70764089,0
1837,313443.625384185,4161720.76253078,0
1838,313443.541793899,4161720.81741852,0
1839,313443.45820186,4161720.87230359,0
1840,313443.374607731,4161720.92718548,0
1841,313443.29101118,4161720.98206368,0
1842,313443.207412121,4161721.03693805,0
1843,313443.1238108,4161721.09180898,0
1844,313443.040207487,4161721.14667688,0
1845,313442.956602448,4161721.20154214,0
1846,313442.872995953,4161721.25640519,0
1847,313442.789388269,4161721.31126642,0
1848,313442.705779666,4161721.36612626,0
1849,313442.622170411,4161721.4209851,0
1850,313442.538560773,4161721.47584336,0
1851,313442.45495102,4161721.53070145,0
1852,313442.37134142,4161721.58555976,0
1853,313442.287732242,4161721.64041873,0
1854,313442.204123755,4161721.69527874,0
1855,313442.120516219,4161721.7501402,0
1856,313442.036909578,4161721.80500303,0
1857,313441.953303342,4161721.85986647,0
1858,313441.869696988,4161721.91472974,0
1859,313441.786089994,4161721.96959202,0
1860,313441.702481835,4161722.02445254,0
1861,313441.61887199,4161722.07931048,0
1862,313441.535259936,4161722.13416505,0
1863,313441.451645149,4161722.18901546,0
1864,313441.368027264,4161722.24386115,0
1865,313441.284406477,4161722.29870241,0
1866,313441.200783109,4161722.35353973,0
1867,313441.117157483,4161722.40837361,0
1868,313441.03352992,4161722.46320455,0
1869,313440.949900742,4161722.51803301,0
1870,313440.86627027,4161722.57285951,0
1871,313440.782638731,4161722.62768437,0
1872,313440.699006231,4161722.68250777,0
1873,313440.615372866,4161722.73732985,0
1874,313440.531738733,4161722.79215075,0
1875,313440.448103929,4161722.84697064,0
1876,313440.364468551,4161722.90178964,0
1877,313440.280832695,4161722.95660792,0
1878,313440.197196458,4161723.01142562,0
1879,313440.113559937,4161723.06624288,0
1880,313440.029923228,4161723.12105986,0
1881,313439.946286429,4161723.1758767,0
1882,313439.862649635,4161723.23069354,0
1883,313439.779012944,4161723.28551055,0
1884,313439.695376453,4161723.34032786,0
1885,313439.611740258,4161723.39514562,0
1886,313439.528104452,4161723.44996397,0
1887,313439.444469073,4161723.50478298,0
1888,313439.360834126,4161723.55960264,0
1889,313439.277199614,4161723.61442297,0
1890,313439.193565538,4161723.66924396,0
1891,313439.109931901,4161723.72406563,0
1892,313439.026298707,4161723.77888797,0
1893,313438.942665965,4161723.83371099,0
1894,313438.859033861,4161723.888535,0
1895,313438.775402766,4161723.94336054,0
1896,313438.691773063,4161723.9981882,0
1897,313438.608145131,4161724.05301857,0
1898,313438.524519351,4161724.10785222,0
1899,313438.440895921,4161724.16268945,0
1900,313438.357274597,4161724.21752989,0
1901,313438.273655075,4161724.27237308,0
1902,313438.190037046,4161724.32721855,0
1903,313438.106420205,4161724.38206582,0
1904,313438.022804245,4161724.43691445,0
1905,313437.939188859,4161724.49176394,0
1906,313437.855573771,4161724.54661389,0
1907,313437.771958969,4161724.60146428,0
1908,313437.688344588,4161724.65631531,0
1909,313437.604730764,4161724.71116718,0
1910,313437.521117632,4161724.76602012,0
1911,313437.437505327,4161724.82087431,0
1912,313437.353893985,4161724.87572997,0
1913,313437.27028374,4161724.9305873,0
1914,313437.186674633,4161724.98544637,0
1915,313437.103066539,4161725.04030699,0
1916,313437.019459319,4161725.09516893,0
1917,313436.935852833,4161725.15003199,0
1918,313436.85224694,4161725.20489596,0
1919,313436.768641501,4161725.25976061,0
1920,313436.685036377,4161725.31462574,0
1921,313436.60143146,4161725.36949119,0
1922,313436.517826813,4161725.42435704,0
1923,313436.434222549,4161725.47922348,0
1924,313436.35061878,4161725.53409067,0
1925,313436.26701562,4161725.5889588,0
1926,313436.183413181,4161725.64382803,0
1927,313436.099811577,4161725.69869853,0
1928,313436.01621092,4161725.75357049,0
1929,313435.932611323,4161725.80844407,0
1930,313435.849012844,4161725.86331937,0
1931,313435.765415377,4161725.91819621,0
1932,313435.681818784,4161725.97307439,0
1933,313435.59822293,4161726.0279537,0
1934,313435.514627679,4161726.08283392,0
1935,313435.431032894,4161726.13771484,0
1936,313435.347438438,4161726.19259625,0
1937,313435.263844176,4161726.24747795,0
1938,313435.180249972,4161726.30235971,0
1939,313435.096655687,4161726.35724133,0
1940,313435.013061188,4161726.41212259,0
1941,313434.929466337,4161726.46700329,0
1942,313434.845871,4161726.52188322,0
1943,313434.76227525,4161726.57676249,0
1944,313434.678679524,4161726.63164179,0
1945,313434.595084295,4161726.68652189,0
1946,313434.511490036,4161726.74140352,0
1947,313434.427897219,4161726.79628743,0
1948,313434.344306318,4161726.85117438,0
1949,313434.260717805,4161726.9060651,0
1950,313434.177132368,4161726.96096068,0
1951,313434.093552056,4161727.01586419,0
1952,313434.00997946,4161727.07077951,0
1953,313433.926417169,4161727.12571053,0
1954,313433.842867772,4161727.18066113,0
1955,313433.759333858,4161727.2356352,0
1956,313433.675818018,4161727.29063661,0
1957,313433.59232284,4161727.34566924,0
1958,313433.508850915,4161727.40073699,0
1959,313433.425404832,4161727.45584373,0
1960,313433.341987181,4161727.51099335,0
1961,313433.258600551,4161727.56618972,0
1962,313433.175247531,4161727.62143674,0
1963,313433.091930712,4161727.67673829,0
1964,313433.008651869,4161727.73209701,0
1965,313432.92540719,4161727.78750718,0
1966,313432.842190514,4161727.84295953,0
1967,313432.758995671,4161727.89844476,0
1968,313432.675816492,4161727.9539536,0
1969,313432.592646808,4161728.00947677,0
1970,313432.509480448,4161728.06500499,0
1971,313432.426311244,4161728.12052896,0
1972,313432.343133026,4161728.17603941,0
1973,313432.259939624,4161728.23152706,0
1974,313432.17672487,4161728.28698262,0
1975,313432.093482594,4161728.3423968,0
1976,313432.010206631,4161728.39776035,0
1977,313431.926891538,4161728.45306501,0
1978,313431.843533419,4161728.50830483,0
1979,313431.760128571,4161728.56347408,0
1980,313431.676673295,4161728.61856709,0
1981,313431.59316389,4161728.67357815,0
1982,313431.509596655,4161728.72850157,0
1983,313431.425967889,4161728.78333164,0
1984,313431.342273397,4161728.83806174,0
1985,313431.258507828,4161728.89268311,0
1986,313431.174665665,4161728.94718667,0
1987,313431.090741389,4161729.00156332,0
1988,313431.006729484,4161729.05580399,0
1989,313430.922624431,4161729.10989958,0
1990,313430.838420817,4161729.16384119,0
1991,313430.754117725,4161729.21762703,0
1992,313430.669720356,4161729.27126501,0
1993,313430.585234348,4161729.32476375,0
1994,313430.500665342,4161729.37813187,0
1995,313430.416018974,4161729.43137798,0
1996,313430.331300886,4161729.48451069,0
1997,313430.246516716,4161729.53753862,0
1998,313430.161672102,4161729.59047039,0
1999,313430.076772684,4161729.64331461,0
2000,313429.991824101,4161729.69607989,0
2001,313429.906831991,4161729.74877485,0
2002,313429.821801995,4161729.8014081,0
2003,313429.736739743,4161729.85398825,0
2004,313429.651649148,4161729.90652134,0
2005,313429.566530153,4161729.95900743,0
2006,313429.481382143,4161730.01144581,0
2007,313429.396204502,4161730.06383571,0
2008,313429.310996618,4161730.11617641,0
2009,313429.225758343,4161730.16846786,0
2010,313429.140491606,4161730.22071316,0
2011,313429.055198906,4161730.27291628,0
2012,313428.969882743,4161730.32508118,0
2013,313428.884545616,4161730.37721183,0
2014,313428.799190012,4161730.42931217,0
2015,313428.71381803,4161730.48138557,0
2016,313428.628431308,4161730.53343473,0
2017,313428.543031453,4161730.58546229,0
2018,313428.457620075,4161730.6374709,0
2019,313428.372198782,4161730.6894632,0
2020,313428.286769184,4161730.74144186,0
2021,313428.20133289,4161730.7934095,0
2022,313428.115891508,4161730.84536879,0
2023,313428.030446463,4161730.89732207,0
2024,313427.944998343,4161730.94927029,0
2025,313427.859547507,4161731.00121406,0
2026,313427.77409431,4161731.05315394,0
2027,313427.688639109,4161731.10509054,0
2028,313427.60318228,4161731.15702445,0
2029,313427.517724333,4161731.20895653,0
2030,313427.432265828,4161731.26088769,0
2031,313427.346807332,4161731.31281886,0
2032,313427.261349406,4161731.36475097,0
2033,313427.175892614,4161731.41668494,0
2034,313427.090437519,4161731.4686217,0
2035,313427.004984686,4161731.52056218,0
2036,313426.919534677,4161731.5725073,0
2037,313426.834088057,4161731.624458,0
2038,313426.748645387,4161731.67641519,0
2039,313426.663207232,4161731.7283798,0
2040,313426.577774156,4161731.78035277,0
2041,313426.492346721,4161731.83233501,0
2042,313426.40692549,4161731.88432745,0
2043,313426.321511022,4161731.936331,0
2044,313426.236103877,4161731.98834657,0
2045,313426.150704614,4161732.04037509,0
2046,313426.065313791,4161732.09241745,0
2047,313425.979931636,4161732.14447403,0
2048,313425.894557663,4161732.19654403,0
2049,313425.809191291,4161732.24862649,0
2050,313425.723831941,4161732.30072047,0
2051,313425.638479032,4161732.352825,0
2052,313425.553132141,4161732.40493938,0
2053,313425.467791505,4161732.45706401,0
2054,313425.382457541,4161732.50919956,0
2055,313425.297130664,4161732.5613467,0
2056,313425.211811289,4161732.61350612,0
2057,313425.126499832,4161732.66567848,0
2058,313425.041196695,4161732.71786445,0
2059,313424.955901958,4161732.77006414,0
2060,313424.870615349,4161732.82227711,0
2061,313424.785336583,4161732.8745029,0
2062,313424.700065373,4161732.92674103,0
2063,313424.614801434,4161732.97899102,0
2064,313424.529544478,4161733.03125241,0
2065,313424.444294221,4161733.08352473,0
2066,313424.359050397,4161733.13580755,0
2067,313424.273812943,4161733.18810075,0
2068,313424.188581893,4161733.24040438,0
2069,313424.103357282,4161733.29271851,0
2070,313424.018139143,4161733.34504318,0
2071,313423.932927514,4161733.39737845,0
2072,313423.847722428,4161733.44972436,0
2073,313423.76252392,4161733.50208098,0
2074,313423.677332025,4161733.55444836,0
2075,313423.592146779,4161733.60682655,0
2076,313423.506968216,4161733.6592156,0
2077,313423.421796307,4161733.71161547,0
2078,313423.33663033,4161733.76402497,0
2079,313423.251469138,4161733.81644225,0
2080,313423.166311581,4161733.86886544,0
2081,313423.081156506,4161733.92129266,0
2082,313422.996002763,4161733.97372205,0
2083,313422.9108492,4161734.02615172,0
2084,313422.82569487,4161734.07858015,0
2085,313422.740540092,4161734.13100785,0
2086,313422.655385666,4161734.18343612,0
2087,313422.570232391,4161734.23586626,0
2088,313422.485081071,4161734.28829958,0
2089,313422.399932503,4161734.34073737,0
2090,313422.314787338,4161734.39318068,0
2091,313422.229645799,4161734.44562989,0
2092,313422.144508036,4161734.49808522,0
2093,313422.059374202,4161734.55054694,0
2094,313421.974244449,4161734.60301527,0
2095,313421.889118926,4161734.65549046,0
2096,313421.803997787,4161734.70797277,0
2097,313421.718881182,4161734.76046243,0
2098,313421.633769262,4161734.81295968,0
2099,313421.548662179,4161734.86546477,0
2100,313421.463560083,4161734.91797795,0
2101,313421.378462953,4161734.97049917,0
2102,313421.29337046,4161735.0230279,0
2103,313421.208282245,4161735.07556356,0
2104,313421.123197944,4161735.12810556,0
2105,313421.038117197,4161735.18065332,0
2106,313420.953039642,4161735.23320624,0
2107,313420.867964889,4161735.2857637,0
2108,313420.782892504,4161735.33832499,0
2109,313420.697822052,4161735.39088941,0
2110,313420.6127531,4161735.44345626,0
2111,313420.527685211,4161735.49602483,0
2112,313420.44261795,4161735.54859441,0
2113,313420.357550883,4161735.60116431,0
2114,313420.272483575,4161735.65373382,0
2115,313420.18741559,4161735.70630223,0
2116,313420.102346494,4161735.75886884,0
2117,313420.017275887,4161735.81143301,0
2118,313419.932203572,4161735.86399442,0
2119,313419.847129422,4161735.91655285,0
2120,313419.762053311,4161735.96910811,0
2121,313419.676975111,4161736.02165999,0
2122,313419.591894696,4161736.07420828,0
2123,313419.506811946,4161736.12675279,0
2124,313419.421726754,4161736.17929335,0
2125,313419.336639012,4161736.23182978,0
2126,313419.251548616,4161736.28436191,0
2127,313419.166455457,4161736.33688956,0
2128,313419.08135943,4161736.38941257,0
2129,313418.996260446,4161736.44193078,0
2130,313418.911158571,4161736.49444431,0
2131,313418.826053952,4161736.5469534,0
2132,313418.740946733,4161736.59945826,0
2133,313418.65583706,4161736.65195915,0
2134,313418.570725079,4161736.7044563,0
2135,313418.485610936,4161736.75694995,0
2136,313418.400494776,4161736.80944033,0
2137,313418.315376745,4161736.86192767,0
2138,313418.230256989,4161736.91441221,0
2139,313418.145135653,4161736.9668942,0
2140,313418.060012884,4161737.01937386,0
2141,313417.974888826,4161737.07185143,0
2142,313417.889763625,4161737.12432714,0
2143,313417.804637428,4161737.17680124,0
2144,313417.71951038,4161737.22927396,0
2145,313417.634382626,4161737.28174554,0
2146,313417.549254305,4161737.33421619,0
2147,313417.4641255,4161737.38668605,0
2148,313417.378996271,4161737.43915523,0
2149,313417.293866679,4161737.49162382,0
2150,313417.208736781,4161737.54409191,0
2151,313417.123606637,4161737.5965596,0
2152,313417.038476308,4161737.64902699,0
2153,313416.953345852,4161737.70149417,0
2154,313416.868215329,4161737.75396124,0
2155,313416.783084798,4161737.80642831,0
2156,313416.697954319,4161737.85889545,0
2157,313416.612823919,4161737.91136273,0
2158,313416.527693581,4161737.9638301,0
2159,313416.442563285,4161738.01629755,0
2160,313416.35743301,4161738.06876503,0
2161,313416.272302734,4161738.1212325,0
2162,313416.187172445,4161738.17369996,0
2163,313416.102042174,4161738.22616744,0
2164,313416.016911976,4161738.27863504,0
2165,313415.931781903,4161738.33110285,0
2166,313415.84665201,4161738.38357095,0
2167,313415.761522351,4161738.43603942,0
2168,313415.676392978,4161738.48850837,0
2169,313415.591263945,4161738.54097786,0
2170,313415.506135307,4161738.59344799,0
2171,313415.421007116,4161738.64591885,0
2172,313415.335879426,4161738.69839053,0
2173,313415.250752317,4161738.75086315,0
2174,313415.165626336,4161738.8033376,0
2175,313415.080502444,4161738.85581543,0
2176,313414.995381618,4161738.90829824,0
2177,313414.910264834,4161738.9607876,0
2178,313414.825153069,4161739.0132851,0
2179,313414.74004691,4161739.06579168,0
2180,313414.654945387,4161739.11830578,0
2181,313414.569847137,4161739.17082519,0
2182,313414.484750798,4161739.22334769,0
2183,313414.399655007,4161739.27587108,0
2184,313414.314558402,4161739.32839315,0
2185,313414.229460026,4161739.38091235,0
2186,313414.144359945,4161739.43342879,0
2187,313414.059258386,4161739.48594283,0
2188,313413.974155574,4161739.53845485,0
2189,313413.889051737,4161739.5909652,0
2190,313413.803947102,4161739.64347425,0
2191,313413.718841893,4161739.69598238,0
2192,313413.633736339,4161739.74848995,0
2193,313413.548630665,4161739.80099732,0
2194,313413.463525099,4161739.85350487,0
2195,313413.378419866,4161739.90601296,0
2196,313413.293315193,4161739.95852196,0
2197,313413.208211263,4161740.01103215,0
2198,313413.123108155,4161740.06354369,0
2199,313413.038005934,4161740.11605666,0
2200,313412.952904665,4161740.16857117,0
2201,313412.867804414,4161740.22108733,0
2202,313412.782705191,4161740.27360516,0
2203,313412.697606824,4161740.32612438,0
2204,313412.612509095,4161740.37864462,0
2205,313412.527411787,4161740.43116556,0
2206,313412.442314682,4161740.48368682,0
2207,313412.357217563,4161740.53620805,0
2208,313412.272120214,4161740.58872892,0
2209,313412.187022415,4161740.64124905,0
2210,313412.101923952,4161740.69376811,0
2211,313412.016824605,4161740.74628574,0
2212,313411.931724158,4161740.79880158,0
2213,313411.846622394,4161740.85131529,0
2214,313411.76151912,4161740.90382656,0
2215,313411.676414367,4161740.95633542,0
2216,313411.591308289,4161741.00884214,0
2217,313411.506201038,4161741.06134696,0
2218,313411.421092769,4161741.11385012,0
2219,313411.335983635,4161741.16635189,0
2220,313411.25087377,4161741.21885247,0
2221,313411.165763125,4161741.27135179,0
2222,313411.080651563,4161741.32384961,0
2223,313410.995538946,4161741.37634573,0
2224,313410.910425136,4161741.42883992,0
2225,313410.825309995,4161741.48133194,0
2226,313410.740193417,4161741.53382164,0
2227,313410.655075601,4161741.58630933,0
2228,313410.569956916,4161741.6387956,0
2229,313410.484837735,4161741.69128108,0
2230,313410.399718427,4161741.74376635,0
2231,313410.314599337,4161741.79625197,0
2232,313410.229480524,4161741.84873804,0
2233,313410.14436188,4161741.90122439,0
2234,313410.059243299,4161741.95371083,0
2235,313409.974124669,4161742.0061972,0
2236,313409.889005885,4161742.05868332,0
2237,313409.803886858,4161742.11116904,0
2238,313409.718767594,4161742.16365438,0
2239,313409.633648125,4161742.21613939,0
2240,313409.548528481,4161742.26862411,0
2241,313409.463408692,4161742.3211086,0
2242,313409.37828879,4161742.37359291,0
2243,313409.293168804,4161742.42607708,0
2244,313409.208048786,4161742.47856119,0
2245,313409.122928835,4161742.53104542,0
2246,313409.03780906,4161742.58352993,0
2247,313408.95268957,4161742.6360149,0
2248,313408.867570474,4161742.68850052,0
2249,313408.782451882,4161742.74098695,0
2250,313408.697333891,4161742.79347435,0
2251,313408.612216486,4161742.8459627,0
2252,313408.527099591,4161742.89845189,0
2253,313408.441983127,4161742.95094177,0
2254,313408.356867016,4161743.00343222,0
2255,313408.271751181,4161743.05592312,0
2256,313408.186635544,4161743.10841434,0
2257,313408.101520026,4161743.16090576,0
2258,313408.01640455,4161743.21339724,0
2259,313407.931289037,4161743.26588866,0
2260,313407.84617341,4161743.3183799,0
2261,313407.761057574,4161743.3708708,0
2262,313407.675941369,4161743.4233611,0
2263,313407.59082462,4161743.47585052,0
2264,313407.505707153,4161743.52833878,0
2265,313407.420588792,4161743.58082558,0
2266,313407.335469365,4161743.63331065,0
2267,313407.250348694,4161743.68579371,0
2268,313407.165226721,4161743.73827465,0
2269,313407.080103754,4161743.79075398,0
2270,313406.994980174,4161743.84323232,0
2271,313406.909856363,4161743.89571029,0
2272,313406.824732704,4161743.9481885,0
2273,313406.739609579,4161744.00066758,0
2274,313406.654487275,4161744.053148,0
2275,313406.56936574,4161744.10562967,0
2276,313406.484244844,4161744.15811238,0
2277,313406.39912446,4161744.21059592,0
2278,313406.314004458,4161744.26308008,0
2279,313406.22888471,4161744.31556464,0
2280,313406.143765086,4161744.36804941,0
2281,313406.058645458,4161744.42053417,0
2282,313405.973525698,4161744.4730187,0
2283,313405.888405675,4161744.5255028,0
2284,313405.803285262,4161744.57798627,0
2285,313405.71816433,4161744.63046887,0
2286,313405.633042749,4161744.68295042,0
2287,313405.547920477,4161744.73543084,0
2288,313405.46279856,4161744.78791182,0
2289,313405.377678792,4161744.8403963,0
2290,313405.292562984,4161744.89288722,0
2291,313405.207452948,4161744.94538752,0
2292,313405.122350494,4161744.99790017,0
2293,313405.037257432,4161745.05042809,0
2294,313404.952176551,4161745.10297581,0
2295,313404.867115423,4161745.1555555,0
2296,313404.782083079,4161745.20818167,0
2297,313404.697088549,4161745.26086882,0
2298,313404.612140866,4161745.31363147,0
2299,313404.527249014,4161745.36648404,0
2300,313404.44241548,4161745.41943051,0
2301,313404.357629564,4161745.47245363,0
2302,313404.272878968,4161745.52553355,0
2303,313404.188151394,4161745.57865046,0
2304,313404.103434545,4161745.63178451,0
2305,313404.018716122,4161745.68491589,0
2306,313403.933983828,4161745.73802476,0
2307,313403.849225366,4161745.79109129,0
2308,313403.764428436,4161745.84409566,0
2309,313403.679580743,4161745.89701802,0
2310,313403.594669987,4161745.94983856,0
2311,313403.509683872,4161746.00253744,0
2312,313403.424610424,4161746.05509536,0
2313,313403.339448475,4161746.10751037,0
2314,313403.254209912,4161746.1598015,0
2315,313403.168907402,4161746.21198905,0
2316,313403.083553612,4161746.26409329,0
2317,313402.998161209,4161746.31613452,0
2318,313402.912742647,4161746.36813268,0
2319,313402.827304729,4161746.4200987,0
2320,313402.741848162,4161746.47203373,0
2321,313402.656373351,4161746.52393847,0
2322,313402.570880701,4161746.57581359,0
2323,313402.485370615,4161746.6276598,0
2324,313402.399843498,4161746.67947776,0
2325,313402.314299756,4161746.73126818,0
2326,313402.228739792,4161746.78303172,0
2327,313402.14316401,4161746.83476909,0
2328,313402.057572816,4161746.88648096,0
2329,313401.971966614,4161746.93816802,0
2330,313401.886345816,4161746.98983098,0
2331,313401.800711073,4161747.04147089,0
2332,313401.7150633,4161747.09308927,0
2333,313401.629403429,4161747.14468762,0
2334,313401.543732389,4161747.19626746,0
2335,313401.458051113,4161747.24783032,0
2336,313401.37236053,4161747.2993777,0
2337,313401.286661567,4161747.35091113,0
2338,313401.200955063,4161747.40243198,0
2339,313401.115241783,4161747.45394153,0
2340,313401.029522489,4161747.50544106,0
2341,313400.943797944,4161747.55693185,0
2342,313400.858068909,4161747.60841516,0
2343,313400.772336095,4161747.65989218,0
2344,313400.686599778,4161747.71136337,0
2345,313400.600860017,4161747.76282883,0
2346,313400.515116871,4161747.81428865,0
2347,313400.429370398,4161747.86574293,0
2348,313400.343620657,4161747.91719176,0
2349,313400.257867755,4161747.96863533,0
2350,313400.172112173,4161748.02007442,0
2351,313400.086354571,4161748.07151014,0
2352,313400.000595609,4161748.1229436,0
2353,313399.914835946,4161748.17437588,0
2354,313399.829076241,4161748.2258081,0
2355,313399.743317134,4161748.27724132,0
2356,313399.657558964,4161748.32867609,0
2357,313399.571801867,4161748.38011266,0
2358,313399.486045972,4161748.43155123,0
2359,313399.400291409,4161748.48299202,0
2360,313399.314538308,4161748.53443525,0
2361,313399.228786799,4161748.58588113,0
2362,313399.143037012,4161748.63732989,0
2363,313399.057289076,4161748.68878172,0
2364,313398.971543121,4161748.74023686,0
2365,313398.885799278,4161748.79169552,0
2366,313398.800057702,4161748.84315796,0
2367,313398.714318654,4161748.89462461,0
2368,313398.628582424,4161748.94609595,0
2369,313398.542849301,4161748.99757247,0
2370,313398.457119576,4161749.04905464,0
2371,313398.371393538,4161749.10054295,0
2372,313398.285671466,4161749.15203787,0
2373,313398.199953385,4161749.20353943,0
2374,313398.114239032,4161749.25504719,0
2375,313398.028528132,4161749.3065607,0
2376,313397.94282041,4161749.3580795,0
2377,313397.85711559,4161749.40960312,0
2378,313397.771413397,4161749.46113112,0
2379,313397.685713643,4161749.51266318,0
2380,313397.600016418,4161749.56419944,0
2381,313397.514321867,4161749.61574015,0
2382,313397.428630134,4161749.66728554,0
2383,313397.342941363,4161749.71883585,0
2384,313397.257255698,4161749.77039133,0
2385,313397.171573284,4161749.82195221,0
2386,313397.085894265,4161749.87351872,0
2387,313397.000218786,4161749.92509112,0
2388,313396.914546989,4161749.97666963,0
2389,313396.828878909,4161750.02825432,0
2390,313396.743214313,4161750.07984479,0
2391,313396.657552925,4161750.13144059,0
2392,313396.571894474,4161750.18304127,0
2393,313396.486238685,4161750.23464637,0
2394,313396.400585286,4161750.28625543,0
2395,313396.314934002,4161750.33786801,0
2396,313396.229284561,4161750.38948364,0
2397,313396.143636688,4161750.44110188,0
2398,313396.057990111,4161750.49272226,0
2399,313395.972344557,4161750.54434435,0
2400,313395.886699827,4161750.5959678,0
2401,313395.80105603,4161750.64759279,0
2402,313395.715413351,4161750.69921964,0
2403,313395.629771971,4161750.75084864,0
2404,313395.544132076,4161750.80248011,0
2405,313395.458493848,4161750.85411434,0
2406,313395.372857432,4161750.90575158,0
2407,313395.28722276,4161750.9573917,0
2408,313395.201589691,4161751.00903449,0
2409,313395.115958083,4161751.0606797,0
2410,313395.030327795,4161751.1123271,0
2411,313394.944698687,4161751.16397646,0
2412,313394.859070617,4161751.21562753,0
2413,313394.773443445,4161751.2672801,0
2414,313394.687817028,4161751.31893392,0
2415,313394.602191227,4161751.37058875,0
2416,313394.516565899,4161751.42224438,0
2417,313394.430940898,4161751.47390054,0
2418,313394.345316051,4161751.52555696,0
2419,313394.259691176,4161751.57721333,0
2420,313394.174066094,4161751.62886936,0
2421,313394.088440623,4161751.68052474,0
2422,313394.002814599,4161751.73217921,0
2423,313393.917188061,4161751.78383283,0
2424,313393.831561181,4161751.83548588,0
2425,313393.745934138,4161751.88713865,0
2426,313393.660307108,4161751.93879145,0
2427,313393.574680268,4161751.99044457,0
2428,313393.489053795,4161752.04209829,0
2429,313393.40342781,4161752.09375282,0
2430,313393.317802217,4161752.14540801,0
2431,313393.232176863,4161752.19706359,0
2432,313393.146551595,4161752.24871931,0
2433,313393.06092626,4161752.30037492,0
2434,313392.975300706,4161752.35203016,0
2435,313392.889674779,4161752.40368479,0
2436,313392.804048328,4161752.45533855,0
2437,313392.718421199,4161752.50699119,0
2438,313392.63279324,4161752.55864245,0
2439,313392.547164302,4161752.61029208,0
2440,313392.461534351,4161752.66194004,0
2441,313392.375903495,4161752.7135865,0
2442,313392.290271845,4161752.76523164,0
2443,313392.204639517,4161752.81687565,0
2444,313392.119006622,4161752.86851873,0
2445,313392.033373273,4161752.92016105,0
2446,313391.947739544,4161752.97180275,0
2447,313391.862105473,4161753.02344387,0
2448,313391.776471098,4161753.07508449,0
2449,313391.690836456,4161753.12672467,0
2450,313391.605201584,4161753.17836447,0
2451,313391.51956652,4161753.23000395,0
2452,313391.433931301,4161753.28164317,0
2453,313391.348295965,4161753.3332822,0
2454,313391.262660549,4161753.38492109,0
2455,313391.177025081,4161753.4365599,0
2456,313391.091389498,4161753.48819852,0
2457,313391.005753681,4161753.53983675,0
2458,313390.920117514,4161753.5914744,0
2459,313390.834480878,4161753.64311127,0
2460,313390.748843654,4161753.69474717,0
2461,313390.663205762,4161753.74638196,0
2462,313390.577567304,4161753.79801581,0
2463,313390.49192844,4161753.84964899,0
2464,313390.406289333,4161753.90128176,0
2465,313390.320650143,4161753.9529144,0
2466,313390.235011028,4161754.00454716,0
2467,313390.14937202,4161754.0561801,0
2468,313390.063732995,4161754.10781301,0
2469,313389.978093821,4161754.15944567,0
2470,313389.892454365,4161754.21107787,0
2471,313389.806814495,4161754.26270938,0
2472,313389.721174078,4161754.31433998,0
2473,313389.635532982,4161754.36596945,0
2474,313389.549891074,4161754.41759758,0
2475,313389.464248222,4161754.46922414,0
2476,313389.37860439,4161754.52084908,0
2477,313389.292959715,4161754.57247261,0
2478,313389.207314356,4161754.62409502,0
2479,313389.12166847,4161754.67571655,0
2480,313389.036022214,4161754.72733746,0
2481,313388.950375745,4161754.77895802,0
2482,313388.864729222,4161754.83057849,0
2483,313388.779082801,4161754.88219913,0
2484,313388.69343664,4161754.93382021,0
2485,313388.607790897,4161754.98544197,0
2486,313388.522145687,4161755.03706462,0
2487,313388.436500934,4161755.08868803,0
2488,313388.350856507,4161755.14031198,0
2489,313388.265212274,4161755.19193625,0
2490,313388.179568104,4161755.24356063,0
2491,313388.093923866,4161755.29518489,0
2492,313388.008279491,4161755.34680893,0
2493,313387.922635025,4161755.39843281,0
2494,313387.836990522,4161755.45005663,0
2495,313387.751346039,4161755.50168049,0
2496,313387.665701634,4161755.55330447,0
2497,313387.580057361,4161755.60492868,0
2498,313387.494413276,4161755.6565532,0
2499,313387.408769437,4161755.70817812,0
2500,313387.3231259,4161755.75980355,0
2501,313387.237482713,4161755.81142955,0
2502,313387.151839886,4161755.86305616,0
2503,313387.06619741,4161755.91468334,0
2504,313386.980555274,4161755.96631109,0
2505,313386.894913472,4161756.01793939,0
2506,313386.809271994,4161756.06956823,0
2507,313386.72363083,4161756.1211976,0
2508,313386.637989974,4161756.17282747,0
2509,313386.552349415,4161756.22445784,0
2510,313386.466709145,4161756.27608868,0
2511,313386.381069155,4161756.32771999,0
2512,313386.295429513,4161756.37935188,0
2513,313386.209790422,4161756.43098468,0
2514,313386.124152104,4161756.48261877,0
2515,313386.038514779,4161756.5342545,0
2516,313385.952878667,4161756.58589224,0
2517,313385.867243989,4161756.63753236,0
2518,313385.781610964,4161756.68917522,0
2519,313385.695979813,4161756.74082119,0
2520,313385.610350756,4161756.79247063,0
2521,313385.524724,4161756.84412388,0
2522,313385.43909944,4161756.89578077,0
2523,313385.353476662,4161756.94744062,0
2524,313385.26785524,4161756.99910272,0
2525,313385.182234748,4161757.05076635,0
2526,313385.096614771,4161757.10243084,0
2527,313385.010995207,4161757.15409602,0
2528,313384.925376295,4161757.20576227,0
2529,313384.839758291,4161757.25743003,0
2530,313384.754141453,4161757.30909973,0
2531,313384.668526038,4161757.36077178,0
2532,313384.582912295,4161757.41244659,0
2533,313384.497300225,4161757.46412419,0
2534,313384.411689544,4161757.51580408,0
2535,313384.326079949,4161757.56748577,0
2536,313384.24047114,4161757.61916876,0
2537,313384.154862814,4161757.67085256,0
2538,313384.069254671,4161757.72253665,0
2539,313383.983646421,4161757.77422057,0
2540,313383.898037966,4161757.82590416,0
2541,313383.812429356,4161757.87758748,0
2542,313383.726820643,4161757.92927063,0
2543,313383.641211882,4161757.9809537,0
2544,313383.555603125,4161758.03263678,0
2545,313383.469994426,4161758.08431996,0
2546,313383.384385839,4161758.13600332,0
2547,313383.298777416,4161758.18768695,0
2548,313383.213169212,4161758.23937095,0
2549,313383.127561297,4161758.29105542,0
2550,313383.041953839,4161758.34274066,0
2551,313382.956347034,4161758.39442697,0
2552,313382.870741079,4161758.44611469,0
2553,313382.785136171,4161758.49780414,0
2554,313382.699532505,4161758.54949566,0
2555,313382.613930279,4161758.60118955,0
2556,313382.528329544,4161758.65288592,0
2557,313382.442730038,4161758.70458432,0
2558,313382.357131461,4161758.75628425,0
2559,313382.271533512,4161758.80798523,0
2560,313382.18593589,4161758.85968675,0
2561,313382.100338294,4161758.91138831,0
2562,313382.014740422,4161758.96308942,0
2563,313381.929141975,4161759.01478957,0
2564,313381.84354265,4161759.06648827,0
2565,313381.757942148,4161759.11818502,0
2566,313381.672340171,4161759.16987933,0
2567,313381.586736619,4161759.22157103,0
2568,313381.501131637,4161759.27326037,0
2569,313381.41552539,4161759.3249476,0
2570,313381.329918041,4161759.37663301,0
2571,313381.244309753,4161759.42831687,0
2572,313381.158700692,4161759.47999945,0
2573,313381.073091063,4161759.53168108,0
2574,313380.987481134,4161759.58336222,0
2575,313380.901871172,4161759.63504331,0
2576,313380.816261449,4161759.68672478,0
2577,313380.730652233,4161759.7384071,0
2578,313380.645043671,4161759.79009051,0
2579,313380.559435447,4161759.84177447,0
2580,313380.473827138,4161759.89345829,0
2581,313380.388218322,4161759.94514127,0
2582,313380.302608576,4161759.99682271,0
2583,313380.21699748,4161760.04850192,0
2584,313380.131384759,4161760.10017843,0
2585,313380.045770374,4161760.15185219,0
2586,313379.960154302,4161760.20352315,0
2587,313379.874536524,4161760.25519129,0
2588,313379.788917017,4161760.30685656,0
2589,313379.703295761,4161760.35851893,0
2590,313379.617672736,4161760.41017837,0
2591,313379.53204792,4161760.46183484,0
2592,313379.446421292,4161760.51348831,0
2593,313379.360792832,4161760.56513874,0
2594,313379.275162534,4161760.61678612,0
2595,313379.189530575,4161760.66843075,0
2596,313379.103897256,4161760.72007312,0
2597,313379.018262879,4161760.77171374,0
2598,313378.932627747,4161760.82335311,0
2599,313378.846992162,4161760.87499172,0
2600,313378.761356427,4161760.92663009,0
2601,313378.675720818,4161760.97826866,0
2602,313378.590085361,4161761.02990749,0
2603,313378.504449937,4161761.08154638,0
2604,313378.418814427,4161761.13318511,0
2605,313378.333178709,4161761.18482351,0
2606,313378.247542666,4161761.23646136,0
2607,313378.161906215,4161761.28809854,0
2608,313378.07626931,4161761.33973497,0
2609,313377.990631905,4161761.39137057,0
2610,313377.904993958,4161761.44300526,0
2611,313377.819355422,4161761.49463898,0
2612,313377.733716253,4161761.54627166,0
2613,313377.648076408,4161761.59790321,0
2614,313377.562435841,4161761.64953356,0
2615,313377.476794508,4161761.70116264,0
2616,313377.39115245,4161761.75279052,0
2617,313377.30550991,4161761.8044176,0
2618,313377.219867162,4161761.85604434,0
2619,313377.134224478,4161761.90767118,0
2620,313377.048582131,4161761.95929858,0
2621,313376.962940393,4161762.01092699,0
2622,313376.877299537,4161762.06255686,0
2623,313376.791659837,4161762.11418865,0
2624,313376.706021564,4161762.16582281,0
2625,313376.620384968,4161762.21745974,0
2626,313376.534749973,4161762.26909934,0
2627,313376.449116264,4161762.32074106,0
2628,313376.363483522,4161762.37238439,0
2629,313376.27785143,4161762.4240288,0
2630,313376.192219666,4161762.47567375,0
2631,313376.106587913,4161762.52731872,0
2632,313376.020955865,4161762.5789632,0
2633,313375.935323472,4161762.63060711,0
2634,313375.849690908,4161762.68225074,0
2635,313375.764058353,4161762.73389438,0
2636,313375.678425988,4161762.78553833,0
2637,313375.592793993,4161762.8371829,0
2638,313375.507162549,4161762.88882838,0
2639,313375.421531836,4161762.94047508,0
2640,313375.335902036,4161762.99212329,0
2641,313375.250273328,4161763.0437733,0
2642,313375.164645894,4161763.09542543,0
2643,313375.079019913,4161763.14707997,0
2644,313374.99339556,4161763.19873721,0
2645,313374.907772963,4161763.25039736,0
2646,313374.822152232,4161763.3020606,0
2647,313374.736533478,4161763.35372712,0
2648,313374.650916811,4161763.40539709,0
2649,313374.565302338,4161763.4570707,0
2650,313374.479689882,4161763.50874765,0
2651,313374.394078849,4161763.56042696,0
2652,313374.308468615,4161763.6121076,0
2653,313374.222858554,4161763.66378852,0
2654,313374.137248038,4161763.71546868,0
2655,313374.051636643,4161763.76714739,0
2656,313373.966024483,4161763.81882484,0
2657,313373.880411769,4161763.87050136,0
2658,313373.794798707,4161763.92217731,0
2659,313373.709185507,4161763.97385303,0
2660,313373.623572376,4161764.02552887,0
2661,313373.537959523,4161764.07720516,0
2662,313373.452347157,4161764.12888226,0
2663,313373.366735485,4161764.18056052,0
2664,313373.281124716,4161764.23224026,0
2665,313373.195515059,4161764.28392185,0
2666,313373.109906721,4161764.33560562,0
2667,313373.024299911,4161764.38729193,0
2668,313372.938694838,4161764.43898111,0
2669,313372.853091647,4161764.4906734,0
2670,313372.767490197,4161764.54236858,0
2671,313372.681890262,4161764.59406627,0
2672,313372.596291617,4161764.6457661,0
2673,313372.510694036,4161764.69746769,0
2674,313372.425097293,4161764.74917066,0
2675,313372.339501166,4161764.80087466,0
2676,313372.253905603,4161764.85257959,0
2677,313372.168310807,4161764.90428579,0
2678,313372.082717001,4161764.95599363,0
2679,313371.997124409,4161765.00770348,0
2680,313371.911533255,4161765.05941571,0
2681,313371.825943763,4161765.11113069,0
2682,313371.740356158,4161765.16284879,0
2683,313371.654770662,4161765.21457038,0
2684,313371.5691875,4161765.26629583,0
2685,313371.483606897,4161765.31802551,0
2686,313371.398029073,4161765.36975979,0
2687,313371.312453993,4161765.42149861,0
2688,313371.226881115,4161765.47324108,0
2689,313371.14130984,4161765.52498619,0
2690,313371.055739566,4161765.57673296,0
2691,313370.970169695,4161765.6284804,0
2692,313370.884599634,4161765.68022752,0
2693,313370.799029141,4161765.73197393,0
2694,313370.713458433,4161765.78371998,0
2695,313370.62788776,4161765.83546609,0
2696,313370.542317371,4161765.88721267,0
2697,313370.456747515,4161765.93896014,0
2698,313370.371178416,4161765.99070885,0
2699,313370.285610123,4161766.04245889,0
2700,313370.200042612,4161766.09421023,0
2701,313370.114475859,4161766.14596283,0
2702,313370.028909839,4161766.19771663,0
2703,313369.943344528,4161766.24947161,0
2704,313369.857779901,4161766.30122771,0
2705,313369.772215921,4161766.35298489,0
2706,313369.686652509,4161766.404743,0
2707,313369.601089575,4161766.45650191,0
2708,313369.51552703,4161766.50826146,0
2709,313369.429964785,4161766.5600215,0
2710,313369.34440275,4161766.61178189,0
2711,313369.258840836,4161766.66354249,0
2712,313369.173278953,4161766.71530313,0
2713,313369.087717008,4161766.76706367,0
2714,313369.002154898,4161766.81882394,0
2715,313368.91659252,4161766.87058377,0
2716,313368.831029772,4161766.92234298,0
2717,313368.745466549,4161766.97410141,0
2718,313368.65990275,4161767.02585888,0
2719,313368.574338272,4161767.07761524,0
2720,313368.488773011,4161767.12937029,0
2721,313368.403206864,4161767.18112389,0
2722,313368.31763973,4161767.23287585,0
2723,313368.232071506,4161767.28462601,0
2724,313368.146502213,4161767.3363744,0
2725,313368.060932061,4161767.38812137,0
2726,313367.975361273,4161767.4398673,0
2727,313367.889790073,4161767.49161254,0
2728,313367.804218687,4161767.54335747,0
2729,313367.718647339,4161767.59510246,0
2730,313367.633076222,4161767.64684783,0
2731,313367.54750532,4161767.69859356,0
2732,313367.461934529,4161767.75033948,0
2733,313367.376363749,4161767.80208541,0
2734,313367.290792876,4161767.85383119,0
2735,313367.205221809,4161767.90557665,0
2736,313367.119650445,4161767.95732162,0
2737,313367.034078681,4161768.00906593,0
2738,313366.948506347,4161768.06080929,0
2739,313366.862932953,4161768.11255091,0
2740,313366.77735792,4161768.16428981,0
2741,313366.691780668,4161768.21602504,0
2742,313366.606200615,4161768.26775564,0
2743,313366.520617184,4161768.31948064,0
2744,313366.435029792,4161768.37119909,0
2745,313366.349437918,4161768.42291012,0
2746,313366.263841727,4161768.47461401,0
2747,313366.178241838,4161768.52631178,0
2748,313366.09263888,4161768.57800446,0
2749,313366.00703348,4161768.62969311,0
2750,313365.921426264,4161768.68137874,0
2751,313365.835817862,4161768.73306241,0
2752,313365.750208794,4161768.78474498,0
2753,313365.664599233,4161768.83642673,0
2754,313365.578989278,4161768.88810782,0
2755,313365.493379029,4161768.93978843,0
2756,313365.407768588,4161768.99146872,0
2757,313365.322158053,4161769.04314885,0
2758,313365.236547526,4161769.094829,0
2759,313365.150937073,4161769.14650927,0
2760,313365.065326599,4161769.19818951,0
2761,313364.979715958,4161769.24986947,0
2762,313364.894105005,4161769.30154891,0
2763,313364.808493592,4161769.35322759,0
2764,313364.722881574,4161769.40490526,0
2765,313364.637268805,4161769.4565817,0
2766,313364.55165514,4161769.50825665,0
2767,313364.466040431,4161769.55992987,0
2768,313364.380424534,4161769.61160112,0
2769,313364.294807301,4161769.66327016,0
2770,313364.209188611,4161769.71493678,0
2771,313364.123568451,4161769.76660097,0
2772,313364.037946838,4161769.81826275,0
2773,313363.952323789,4161769.86992214,0
2774,313363.866699322,4161769.92157919,0
2775,313363.781073454,4161769.97323392,0
2776,313363.695446203,4161770.02488635,0
2777,313363.609817587,4161770.07653652,0
2778,313363.524187656,4161770.12818452,0
2779,313363.438556538,4161770.17983054,0
2780,313363.352924369,4161770.23147482,0
2781,313363.267291285,4161770.28311758,0
2782,313363.181657423,4161770.33475905,0
2783,313363.096022918,4161770.38639946,0
2784,313363.010387906,4161770.43803902,0
2785,313362.924752519,4161770.48967797,0
2786,313362.839116886,4161770.5413165,0
2787,313362.753481138,4161770.59295485,0
2788,313362.667845404,4161770.64459322,0
2789,313362.582209815,4161770.69623183,0
2790,313362.496574501,4161770.74787089,0
2791,313362.410939591,4161770.79951062,0
2792,313362.325305207,4161770.85115123,0
2793,313362.239671431,4161770.90279285,0
2794,313362.154038335,4161770.95443559,0
2795,313362.068405987,4161771.00607958,0
2796,313361.982774461,4161771.05772492,0
2797,313361.897143825,4161771.10937175,0
2798,313361.811514152,4161771.16102016,0
2799,313361.725885511,4161771.21267029,0
2800,313361.640257974,4161771.26432225,0
2801,313361.554631612,4161771.31597616,0
2802,313361.469006495,4161771.36763213,0
2803,313361.383382694,4161771.41929028,0
2804,313361.297760261,4161771.4709507,0
2805,313361.212139051,4161771.52261315,0
2806,313361.126518809,4161771.5742772,0
2807,313361.040899278,4161771.62594243,0
2808,313360.955280199,4161771.6776084,0
2809,313360.869661315,4161771.72927471,0
2810,313360.784042368,4161771.7809409,0
2811,313360.6984231,4161771.83260657,0
2812,313360.612803329,4161771.8842714,0
2813,313360.527183362,4161771.93593591,0
2814,313360.441563702,4161771.98760093,0
2815,313360.355944852,4161772.03926729,0
2816,313360.270327317,4161772.09093583,0
2817,313360.184711601,4161772.14260737,0
2818,313360.099098207,4161772.19428277,0
2819,313360.013487472,4161772.24596257,0
2820,313359.927879121,4161772.29764632,0
2821,313359.842272739,4161772.34933333,0
2822,313359.756667911,4161772.40102291,0
2823,313359.671064222,4161772.45271438,0
2824,313359.585461257,4161772.50440705,0
2825,313359.499858601,4161772.55610024,0
2826,313359.414255839,4161772.60779325,0
2827,313359.328652555,4161772.65948539,0
2828,313359.243048335,4161772.71117599,0
2829,313359.157442764,4161772.76286435,0
2830,313359.071835426,4161772.81454979,0
2831,313358.986225913,4161772.86623162,0
2832,313358.900614685,4161772.91791062,0
2833,313358.81500399,4161772.96959049,0
2834,313358.729396297,4161773.02127534,0
2835,313358.643794076,4161773.07296924,0
2836,313358.55819979,4161773.12467627,0
2837,313358.472614299,4161773.17639785,0
2838,313358.387034353,4161773.22812862,0
2839,313358.301456056,4161773.27986211,0
2840,313358.215875512,4161773.33159188,0
2841,313358.130288824,4161773.38331149,0
2842,313358.044692095,4161773.43501449,0
2843,313357.95908143,4161773.48669442,0
2844,313357.873452931,4161773.53834485,0
2845,313357.787802703,4161773.58995931,0
2846,313357.70212696,4161773.64153155,0
2847,313357.616422935,4161773.69305687,0
2848,313357.530688406,4161773.74453144,0
2849,313357.444921158,4161773.79595144,0
2850,313357.359118975,4161773.84731304,0
2851,313357.273279641,4161773.89861242,0
2852,313357.187400938,4161773.94984574,0
2853,313357.101480652,4161774.0010092,0
2854,313357.015517322,4161774.05210023,0
2855,313356.929513064,4161774.10312236,0
2856,313356.843471052,4161774.15408089,0
2857,313356.757394456,4161774.20498111,0
2858,313356.671286449,4161774.25582832,0
2859,313356.585150203,4161774.30662783,0
2860,313356.498988892,4161774.35738493,0
2861,313356.412808974,4161774.4081105,0
2862,313356.326626624,4161774.45883187,0
2863,313356.240459805,4161774.50957941,0
2864,313356.154326483,4161774.56038348,0
2865,313356.068244622,4161774.61127445,0
2866,313355.982232186,4161774.66228269,0
2867,313355.896305966,4161774.71343655,0
2868,313355.810471149,4161774.76474442,0
2869,313355.724726303,4161774.81620334,0
2870,313355.63906992,4161774.86781019,0
2871,313355.553500489,4161774.91956186,0
2872,313355.468016504,4161774.97145525,0
2873,313355.382616455,4161775.02348724,0
2874,313355.297298832,4161775.07565473,0
2875,313355.212062128,4161775.12795461,0
2876,313355.126904833,4161775.18038376,0
2877,313355.041825439,4161775.23293908,0
2878,313354.956822436,4161775.28561746,0
2879,313354.871894316,4161775.33841579,0
2880,313354.787039571,4161775.39133096,0
2881,313354.702256227,4161775.44435919,0
2882,313354.617539066,4161775.49749203,0
2883,313354.532881479,4161775.55071905,0
2884,313354.448276851,4161775.60402977,0
2885,313354.363718569,4161775.65741375,0
2886,313354.279200018,4161775.71086054,0
2887,313354.194715138,4161775.76436054,0
2888,313354.110259982,4161775.81790753,0
2889,313354.025831113,4161775.87149606,0
2890,313353.941425092,4161775.92512072,0
2891,313353.85703848,4161775.97877605,0
2892,313353.772667839,4161776.03245664,0
2893,313353.68830973,4161776.08615703,0
2894,313353.603960715,4161776.13987181,0
2895,313353.519617355,4161776.19359554,0
2896,313353.435276212,4161776.24732277,0
2897,313353.350933847,4161776.30104809,0
2898,313353.266586821,4161776.35476604,0
2899,313353.182231772,4161776.40847133,0
2900,313353.097868831,4161776.46216413,0
2901,313353.013503048,4161776.51585238,0
2902,313352.929139842,4161776.5695446,0
2903,313352.844784633,4161776.6232493,0
2904,313352.76044284,4161776.676975,0
2905,313352.676119881,4161776.7307302,0
2906,313352.591821089,4161776.78452329,0
2907,313352.507547828,4161776.83835642,0
2908,313352.423295962,4161776.8922231,0
2909,313352.339060951,4161776.9461162,0
2910,313352.254838253,4161777.00002859,0
2911,313352.170623326,4161777.05395315,0
2912,313352.08641163,4161777.10788275,0
2913,313352.002199253,4161777.16181125,0
2914,313351.917985232,4161777.21573716,0
2915,313351.833769468,4161777.26966031,0
2916,313351.74955186,4161777.32358057,0
2917,313351.665332311,4161777.37749777,0
2918,313351.581110721,4161777.43141178,0
2919,313351.496886991,4161777.48532245,0
2920,313351.412661022,4161777.53922962,0
2921,313351.328432766,4161777.59313323,0
2922,313351.244202444,4161777.64703361,0
2923,313351.159970361,4161777.70093126,0
2924,313351.075736825,4161777.75482664,0
2925,313350.991502139,4161777.80872022,0
2926,313350.907266611,4161777.86261249,0
2927,313350.82303054,4161777.91650391,0
2928,313350.738793796,4161777.97039428,0
2929,313350.654555504,4161778.02428223,0
2930,313350.570314718,4161778.07816627,0
2931,313350.486070491,4161778.13204493,0
2932,313350.401821874,4161778.18591672,0
2933,313350.317567921,4161778.23978017,0
2934,313350.233307972,4161778.29363424,0
2935,313350.149042197,4161778.34747919,0
2936,313350.064770912,4161778.40131553,0
2937,313349.980494434,4161778.45514373,0
2938,313349.896213081,4161778.5089643,0
2939,313349.811927169,4161778.56277774,0
2940,313349.727637013,4161778.61658453,0
2941,313349.643342778,4161778.67038493,0
2942,313349.559044405,4161778.72417885,0
2943,313349.474741816,4161778.77796616,0
2944,313349.390434931,4161778.83174673,0
2945,313349.306123672,4161778.88552044,0
2946,313349.221807961,4161778.93928718,0
2947,313349.13748772,4161778.9930468,0
2948,313349.053162868,4161779.0467992,0
2949,313348.968833329,4161779.10054424,0
2950,313348.884499023,4161779.15428179,0
2951,313348.800159875,4161779.20801175,0
2952,313348.715815958,4161779.26173422,0
2953,313348.631467562,4161779.31544966,0
2954,313348.547114991,4161779.36915854,0
2955,313348.462758551,4161779.42286134,0
2956,313348.378398547,4161779.47655855,0
2957,313348.294035286,4161779.53025064,0
2958,313348.209669057,4161779.58393806,0
2959,313348.125300043,4161779.63762111,0
2960,313348.040928372,4161779.69129998,0
2961,313347.956554173,4161779.74497488,0
2962,313347.872177573,4161779.798646,0
2963,313347.7877987,4161779.85231355,0
2964,313347.703417684,4161779.90597773,0
2965,313347.619034645,4161779.95963873,0
2966,313347.534649354,4161780.01329619,0
2967,313347.45026111,4161780.066949,0
2968,313347.365869176,4161780.12059601,0
2969,313347.281472813,4161780.17423605,0
2970,313347.197071286,4161780.22786797,0
2971,313347.112664093,4161780.28149097,0
2972,313347.028251674,4161780.33510575,0
2973,313346.943834698,4161780.38871336,0
2974,313346.859413835,4161780.44231484,0
2975,313346.774989754,4161780.49591124,0
2976,313346.690563126,4161780.54950362,0
2977,313346.606134569,4161780.60309294,0
2978,313346.521703918,4161780.65667896,0
2979,313346.437270385,4161780.71026044,0
2980,313346.352833165,4161780.76383612,0
2981,313346.268391452,4161780.81740476,0
2982,313346.183944444,4161780.87096509,0
2983,313346.0994912,4161780.92451565,0
2984,313346.015028583,4161780.97805146,0
2985,313345.930551653,4161781.03156466,0
2986,313345.846055418,4161781.0850473,0
2987,313345.761534885,4161781.13849146,0
2988,313345.67698506,4161781.19188918,0
2989,313345.592401315,4161781.24523309,0
2990,313345.507783692,4161781.29852326,0
2991,313345.423135471,4161781.35176486,0
2992,313345.33846,4161781.4049632,0
2993,313345.253760623,4161781.45812357,0
2994,313345.169040687,4161781.51125125,0
2995,313345.084303538,4161781.56435156,0
2996,313344.99955252,4161781.61742977,0
2997,313344.914790982,4161781.67049118,0
2998,313344.830022267,4161781.72354109,0
2999,313344.745249725,4161781.7765848,0
3000,313344.660476719,4161781.82962768,0
3001,313344.575706624,4161781.88267513,0
3002,313344.490942812,4161781.93573258,0
3003,313344.406188656,4161781.98880541,0
3004,313344.321447529,4161782.04189904,0
3005,313344.236722645,4161782.09501861,0
3006,313344.152015603,4161782.14816667,0
3007,313344.067327054,4161782.20134422,0
3008,313343.982657636,4161782.25455226,0
3009,313343.898007991,4161782.30779176,0
3010,313343.813378757,4161782.36106373,0
3011,313343.728770559,4161782.41436912,0
3012,313343.644181243,4161782.46770449,0
3013,313343.559602666,4161782.52105689,0
3014,313343.475025908,4161782.57441214,0
3015,313343.390442047,4161782.62775605,0
3016,313343.305842163,4161782.68107443,0
3017,313343.221217333,4161782.73435311,0
3018,313343.136559761,4161782.78757968,0
3019,313343.05187085,4161782.8407564,0
3020,313342.967156504,4161782.89389268,0
3021,313342.88242266,4161782.94699798,0
3022,313342.797675252,4161783.00008177,0
3023,313342.712920216,4161783.05315352,0
3024,313342.628163488,4161783.10622269,0
3025,313342.543410827,4161783.15929846,0
3026,313342.458666488,4161783.21238756,0
3027,313342.373933956,4161783.26549551,0
3028,313342.289216708,4161783.31862776,0
3029,313342.204518222,4161783.37178982,0
3030,313342.119841974,4161783.42498715,0
3031,313342.035191443,4161783.47822525,0
3032,313341.950570107,4161783.53150959,0
3033,313341.865981443,4161783.58484566,0
3034,313341.781428928,4161783.63823893,0
3035,313341.696916038,4161783.6916949,0
3036,313341.612446187,4161783.74521889,0
3037,313341.528022702,4161783.7988161,0
3038,313341.443648907,4161783.85249168,0
3039,313341.359328124,4161783.90625081,0
3040,313341.275063677,4161783.96009864,0
3041,313341.190858964,4161784.01404045,0
3042,313341.106721529,4161784.06808757,0
3043,313341.022665108,4161784.12226037,0
3044,313340.938703945,4161784.17657995,0
3045,313340.854852286,4161784.23106744,0
3046,313340.771124374,4161784.28574395,0
3047,313340.687525193,4161784.34061663,0
3048,313340.60402666,4161784.39564284,0
3049,313340.52059331,4161784.45076882,0
3050,313340.437189677,4161784.50594082,0
3051,313340.353780299,4161784.56110506,0
3052,313340.270330733,4161784.61620921,0
3053,313340.186813532,4161784.67121071,0
3054,313340.103204175,4161784.72607105,0
3055,313340.019478151,4161784.78075176,0
3056,313339.935610946,4161784.83521436,0
3057,313339.851578899,4161784.88942168,0
3058,313339.76737936,4161784.94336906,0
3059,313339.683031577,4161784.99708569,0
3060,313339.598555816,4161785.05060234,0
3061,313339.513972348,4161785.10394978,0
3062,313339.429301441,4161785.15715879,0
3063,313339.344562876,4161785.21025942,0
3064,313339.259767695,4161785.26326859,0
3065,313339.174919391,4161785.31619191,0
3066,313339.090021208,4161785.36903461,0
3067,313339.005076391,4161785.42180193,0
3068,313338.920088184,4161785.47449909,0
3069,313338.835059832,4161785.52713133,0
3070,313338.74999458,4161785.57970389,0
3071,313338.664895672,4161785.63222199,0
3072,313338.579766318,4161785.68469082,0
3073,313338.494608887,4161785.73711416,0
3074,313338.409424889,4161785.78949441,0
3075,313338.324215792,4161785.84183388,0
3076,313338.238983067,4161785.89413491,0
3077,313338.153728184,4161785.9463998,0
3078,313338.068452633,4161785.99863092,0
3079,313337.983158304,4161786.05083132,0
3080,313337.897847453,4161786.10300468,0
3081,313337.812522349,4161786.15515472,0
3082,313337.727185261,4161786.20728514,0
3083,313337.64183844,4161786.25939961,0
3084,313337.556483616,4161786.31150098,0
3085,313337.471121964,4161786.36359117,0
3086,313337.385754627,4161786.41567204,0
3087,313337.30038275,4161786.46774548,0
3088,313337.215007477,4161786.51981335,0
3089,313337.129629952,4161786.57187753,0
3090,313337.04425132,4161786.6239399,0
3091,313336.958872725,4161786.67600234,0
3092,313336.873495311,4161786.72806671,0
3093,313336.788120223,4161786.78013489,0
3094,313336.702748436,4161786.83220847,0
3095,313336.617380173,4161786.88428783,0
3096,313336.532015449,4161786.936373,0
3097,313336.446654279,4161786.98846398,0
3098,313336.361296676,4161787.04056081,0
3099,313336.275942656,4161787.09266351,0
3100,313336.190592233,4161787.1447721,0
3101,313336.105245422,4161787.19688661,0
3102,313336.019902237,4161787.24900707,0
3103,313335.934562735,4161787.30113356,0
3104,313335.849227331,4161787.35326676,0
3105,313335.763896615,4161787.40540764,0
3106,313335.678571183,4161787.45755716,0
3107,313335.593251627,4161787.50971629,0
3108,313335.507938541,4161787.561886,0
3109,313335.422632518,4161787.61406725,0
3110,313335.337334152,4161787.66626102,0
3111,313335.252044036,4161787.71846827,0
3112,313335.166762764,4161787.77068997,0
3113,313335.081490933,4161787.8229271,0
3114,313334.996229232,4161787.87518076,0
3115,313334.910978459,4161787.92745225,0
3116,313334.825739413,4161787.97974285,0
3117,313334.740512896,4161788.03205386,0
3118,313334.655299708,4161788.08438657,0
3119,313334.570100532,4161788.13674207,0
3120,313334.484914395,4161788.18911878,0
3121,313334.399739114,4161788.24151315,0
3122,313334.314572478,4161788.29392158,0
3123,313334.229412276,4161788.34634048,0
3124,313334.144256296,4161788.39876624,0
3125,313334.059102327,4161788.45119528,0
3126,313333.973948159,4161788.503624,0
3127,313333.88879158,4161788.5560488,0
3128,313333.803630419,4161788.60846614,0
3129,313333.718464503,4161788.66087575,0
3130,313333.633296533,4161788.71328202,0
3131,313333.548129434,4161788.7656897,0
3132,313333.462966133,4161788.81810355,0
3133,313333.377809552,4161788.87052832,0
3134,313333.292661913,4161788.92296762,0
3135,313333.207523417,4161788.97542177,0
3136,313333.122393909,4161789.0278905,0
3137,313333.037273233,4161789.08037357,0
3138,313332.952161232,4161789.13287071,0
3139,313332.867057752,4161789.18538166,0
3140,313332.781962635,4161789.23790617,0
3141,313332.696875727,4161789.29044396,0
3142,313332.611796822,4161789.3429947,0
3143,313332.526724772,4161789.39555654,0
3144,313332.441657582,4161789.44812624,0
3145,313332.356593222,4161789.50070052,0
3146,313332.271529665,4161789.55327609,0
3147,313332.186464885,4161789.60584969,0
3148,313332.10139728,4161789.65841871,0
3149,313332.01632686,4161789.71098318,0
3150,313331.931254012,4161789.76354372,0
3151,313331.846179123,4161789.81610096,0
3152,313331.761102582,4161789.86865552,0
3153,313331.676024774,4161789.92120804,0
3154,313331.590946087,4161789.97375913,0
3155,313331.50586691,4161790.02630943,0
3156,313331.420787628,4161790.07885955,0
3157,313331.33570863,4161790.13141014,0
3158,313331.250630302,4161790.18396181,0
3159,313331.165553033,4161790.2365152,0
3160,313331.080477208,4161790.28907093,0
3161,313330.995403107,4161790.34162944,0
3162,313330.910330216,4161790.39418991,0
3163,313330.825257674,4161790.44675095,0
3164,313330.740184618,4161790.49931115,0
3165,313330.655110185,4161790.55186913,0
3166,313330.570033518,4161790.60442349,0
3167,313330.484954062,4161790.65697333,0
3168,313330.399871687,4161790.70951846,0
3169,313330.314786299,4161790.7620587,0
3170,313330.229697804,4161790.81459391,0
3171,313330.144606107,4161790.86712393,0
3172,313330.059511113,4161790.91964861,0
3173,313329.974412726,4161790.9721678,0
3174,313329.889310855,4161791.02468133,0
3175,313329.804205532,4161791.07718928,0
3176,313329.719097027,4161791.12969206,0
3177,313329.633985632,4161791.18219016,0
3178,313329.548871639,4161791.23468405,0
3179,313329.463755341,4161791.2871742,0
3180,313329.37863703,4161791.33966109,0
3181,313329.293516999,4161791.39214518,0
3182,313329.208395541,4161791.44462697,0
3183,313329.123272947,4161791.49710691,0
3184,313329.038149459,4161791.5495854,0
3185,313328.953025136,4161791.60206254,0
3186,313328.867899999,4161791.65453835,0
3187,313328.78277407,4161791.70701288,0
3188,313328.69764737,4161791.75948616,0
3189,313328.612519921,4161791.81195822,0
3190,313328.527391744,4161791.8644291,0
3191,313328.44226286,4161791.91689884,0
3192,313328.357133291,4161791.96936746,0
3193,313328.272003045,4161792.02183498,0
3194,313328.18687212,4161792.07430141,0
3195,313328.101740515,4161792.12676673,0
3196,313328.016608229,4161792.17923094,0
3197,313327.931475258,4161792.23169405,0
3198,313327.846341603,4161792.28415604,0
3199,313327.76120726,4161792.33661692,0
3200,313327.676072229,4161792.38907668,0
3201,313327.590936482,4161792.44153528,0
3202,313327.505799903,4161792.49399253,0
3203,313327.420662355,4161792.54644821,0
3204,313327.335523701,4161792.59890209,0
3205,313327.250383804,4161792.65135395,0
3206,313327.165242527,4161792.70380357,0
3207,313327.080099732,4161792.75625073,0
3208,313326.994955284,4161792.80869521,0
3209,313326.909809078,4161792.86113683,0
3210,313326.824661316,4161792.91357592,0
3211,313326.73951237,4161792.96601309,0
3212,313326.654362609,4161793.01844894,0
3213,313326.569212406,4161793.07088407,0
3214,313326.484062132,4161793.12331909,0
3215,313326.398912157,4161793.17575459,0
3216,313326.313762855,4161793.22819118,0
3217,313326.228614594,4161793.28062947,0
3218,313326.14346757,4161793.33306976,0
3219,313326.058321558,4161793.3855117,0
3220,313325.973176278,4161793.43795482,0
3221,313325.888031445,4161793.49039867,0
3222,313325.802886777,4161793.54284279,0
3223,313325.717741992,4161793.59528672,0
3224,313325.632596807,4161793.64772999,0
3225,313325.547450984,4161793.70017224,0
3226,313325.462304595,4161793.75261356,0
3227,313325.37715784,4161793.80505429,0
3228,313325.292010922,4161793.85749476,0
3229,313325.206864042,4161793.90993528,0
3230,313325.121717401,4161793.9623762,0
3231,313325.036571201,4161794.01481783,0
3232,313324.951425644,4161794.0672605,0
3233,313324.86628093,4161794.11970455,0
3234,313324.781137183,4161794.17215016,0
3235,313324.695994365,4161794.22459728,0
3236,313324.610852418,4161794.27704582,0
3237,313324.525711282,4161794.32949567,0
3238,313324.4405709,4161794.38194675,0
3239,313324.355431213,4161794.43439895,0
3240,313324.270292163,4161794.48685219,0
3241,313324.18515369,4161794.53930636,0
3242,313324.100015736,4161794.59176138,0
3243,313324.014878244,4161794.64421715,0
3244,313323.929741149,4161794.69667356,0
3245,313323.844604369,4161794.74913048,0
3246,313323.759467814,4161794.80158776,0
3247,313323.674331392,4161794.85404526,0
3248,313323.589195013,4161794.90650284,0
3249,313323.504058588,4161794.95896033,0
3250,313323.418922025,4161795.01141761,0
3251,313323.333785234,4161795.06387452,0
3252,313323.248648126,4161795.11633091,0
3253,313323.163510692,4161795.16878677,0
3254,313323.0783735,4161795.22124303,0
3255,313322.993237367,4161795.27370101,0
3256,313322.908103112,4161795.32616203,0
3257,313322.822971551,4161795.37862742,0
3258,313322.737843501,4161795.43109851,0
3259,313322.652719782,4161795.48357662,0
3260,313322.567601124,4161795.53606294,0
3261,313322.482487283,4161795.58855706,0
3262,313322.397377388,4161795.64105759,0
3263,313322.312270562,4161795.6935631,0
3264,313322.227165925,4161795.74607215,0
3265,313322.142062596,4161795.79858333,0
3266,313322.056959698,4161795.8510952,0
3267,313321.97185635,4161795.90360635,0
3268,313321.886751673,4161795.95611535,0
3269,313321.801644788,4161796.00862076,0
3270,313321.716534816,4161796.06112117,0
3271,313321.631421059,4161796.11361544,0
3272,313321.546303546,4161796.16610362,0
3273,313321.461182489,4161796.21858605,0
3274,313321.376058101,4161796.27106308,0
3275,313321.290930593,4161796.32353505,0
3276,313321.205800178,4161796.37600231,0
3277,313321.120667068,4161796.42846519,0
3278,313321.035531474,4161796.48092404,0
3279,313320.95039361,4161796.5333792,0
3280,313320.865253687,4161796.58583102,0
3281,313320.780111921,4161796.63827985,0
3282,313320.694968526,4161796.69072603,0
3283,313320.609823714,4161796.74316992,0
3284,313320.5246777,4161796.79561185,0
3285,313320.439530698,4161796.84805218,0
3286,313320.354382908,4161796.90049123,0
3287,313320.269234365,4161796.95292906,0
3288,313320.184084996,4161797.00536554,0
3289,313320.098934724,4161797.05780056,0
3290,313320.013783474,4161797.11023399,0
3291,313319.928631169,4161797.16266571,0
3292,313319.843477735,4161797.21509559,0
3293,313319.758323095,4161797.26752352,0
3294,313319.673167174,4161797.31994936,0
3295,313319.588009957,4161797.3723731,0
3296,313319.502851503,4161797.42479483,0
3297,313319.41769188,4161797.47721466,0
3298,313319.332531153,4161797.5296327,0
3299,313319.247369389,4161797.58204905,0
3300,313319.162206653,4161797.63446382,0
3301,313319.077043011,4161797.68687712,0
3302,313318.991878543,4161797.73928908,0
3303,313318.906713373,4161797.7916999,0
3304,313318.821547637,4161797.8441098,0
3305,313318.73638147,4161797.896519,0
3306,313318.651215009,4161797.94892772,0
3307,313318.56604839,4161798.00133618,0
3308,313318.480881748,4161798.0537446,0
3309,313318.39571522,4161798.10615321,0
3310,313318.310548938,4161798.15856223,0
3311,313318.225382984,4161798.21097177,0
3312,313318.140217407,4161798.26338193,0
3313,313318.055052249,4161798.31579276,0
3314,313317.969887557,4161798.36820436,0
3315,313317.884723374,4161798.42061678,0
3316,313317.799559747,4161798.47303011,0
3317,313317.714396719,4161798.5254444,0
3318,313317.629234336,4161798.57785975,0
3319,313317.544072643,4161798.63027622,0
3320,313317.458911684,4161798.68269388,0
3321,313317.373751504,4161798.7351128,0
3322,313317.288592135,4161798.78753305,0
3323,313317.203433553,4161798.83995457,0
3324,313317.11827572,4161798.89237731,0
3325,313317.033118601,4161798.9448012,0
3326,313316.947962156,4161798.9972262,0
3327,313316.862806351,4161799.04965223,0
3328,313316.777651146,4161799.10207924,0
3329,313316.692496506,4161799.15450716,0
3330,313316.607342396,4161799.20693595,0
3331,313316.52218881,4161799.25936558,0
3332,313316.437035759,4161799.31179609,0
3333,313316.351883255,4161799.36422748,0
3334,313316.266731309,4161799.41665978,0
3335,313316.181579933,4161799.46909301,0
3336,313316.096429139,4161799.52152718,0
3337,313316.011278936,4161799.57396231,0
3338,313315.926129336,4161799.62639842,0
3339,313315.840980293,4161799.67883543,0
3340,313315.755831714,4161799.7312732,0
3341,313315.670683504,4161799.78371157,0
3342,313315.585535567,4161799.83615038,0
3343,313315.500387807,4161799.88858948,0
3344,313315.41524013,4161799.94102871,0
3345,313315.33009244,4161799.99346792,0
3346,313315.244944646,4161800.04590696,0
3347,313315.1597967,4161800.09834576,0
3348,313315.074648586,4161800.15078428,0
3349,313314.989500285,4161800.2032225,0
3350,313314.90435178,4161800.25566039,0
3351,313314.819203052,4161800.30809792,0
3352,313314.734054084,4161800.36053505,0
3353,313314.648904858,4161800.41297177,0
3354,313314.56375536,4161800.46540804,0
3355,313314.478605591,4161800.51784388,0
3356,313314.393455562,4161800.57027929,0
3357,313314.30830528,4161800.6227143,0
3358,313314.223154755,4161800.6751489,0
3359,313314.138003995,4161800.72758313,0
3360,313314.052853009,4161800.78001699,0
3361,313313.967701806,4161800.8324505,0
3362,313313.882550395,4161800.88488366,0
3363,313313.797398785,4161800.93731651,0
3364,313313.712246977,4161800.98974903,0
3365,313313.627094899,4161801.04218112,0
3366,313313.541942447,4161801.0946126,0
3367,313313.456789514,4161801.14704329,0
3368,313313.371635993,4161801.19947304,0
3369,313313.286481777,4161801.25190165,0
3370,313313.201326761,4161801.30432897,0
3371,313313.116170857,4161801.35675484,0
3372,313313.031014123,4161801.40917936,0
3373,313312.945856686,4161801.46160274,0
3374,313312.860698674,4161801.51402519,0
3375,313312.775540214,4161801.56644691,0
3376,313312.690381434,4161801.61886811,0
3377,313312.605222462,4161801.671289,0
3378,313312.520063414,4161801.72370976,0
3379,313312.43490431,4161801.77613044,0
3380,313312.349745112,4161801.82855095,0
3381,313312.264585779,4161801.88097126,0
3382,313312.179426273,4161801.93339128,0
3383,313312.094266554,4161801.98581095,0
3384,313312.009106582,4161802.03823022,0
3385,313311.923946319,4161802.09064901,0
3386,313311.838785746,4161802.14306729,0
3387,313311.753624977,4161802.19548526,0
3388,313311.668464177,4161802.24790318,0
3389,313311.583303512,4161802.30032132,0
3390,313311.498143145,4161802.35273994,0
3391,313311.412983241,4161802.40515931,0
3392,313311.327823926,4161802.45757964,0
3393,313311.242665143,4161802.51000084,0
3394,313311.157506783,4161802.56242272,0
3395,313311.072348738,4161802.61484511,0
3396,313310.9871909,4161802.66726784,0
3397,313310.90203316,4161802.71969073,0
3398,313310.816875408,4161802.7721136,0
3399,313310.731717555,4161802.82453631,0
3400,313310.646559605,4161802.87695886,0
3401,313310.561401592,4161802.9293813,0
3402,313310.476243553,4161802.98180371,0
3403,313310.391085522,4161803.03422612,0
3404,313310.305927536,4161803.08664861,0
3405,313310.220769628,4161803.13907123,0
3406,313310.135611835,4161803.19149403,0
3407,313310.050454192,4161803.24391708,0
3408,313309.965296734,4161803.29634043,0
3409,313309.880139502,4161803.34876414,0
3410,313309.79498258,4161803.40118836,0
3411,313309.709826076,4161803.45361326,0
3412,313309.624670097,4161803.50603901,0
3413,313309.539514749,4161803.55846578,0
3414,313309.454360139,4161803.61089376,0
3415,313309.369206376,4161803.66332311,0
3416,313309.284053566,4161803.715754,0
3417,313309.198901816,4161803.76818662,0
3418,313309.113751233,4161803.82062113,0
3419,313309.028601891,4161803.87305766,0
3420,313308.943453604,4161803.9254959,0
3421,313308.858306067,4161803.97793536,0
3422,313308.77315897,4161804.03037554,0
3423,313308.688012007,4161804.08281593,0
3424,313308.602864869,4161804.13525604,0
3425,313308.517717248,4161804.18769536,0
3426,313308.432568934,4161804.24013356,0
3427,313308.347420299,4161804.29257124,0
3428,313308.262271932,4161804.34500935,0
3429,313308.177124423,4161804.39744886,0
3430,313308.091978361,4161804.44989071,0
3431,313308.006834337,4161804.50233588,0
3432,313307.921692939,4161804.5547853,0
3433,313307.836554644,4161804.60723976,0
3434,313307.751419271,4161804.65969896,0
3435,313307.666286403,4161804.71216223,0
3436,313307.581155621,4161804.76462889,0
3437,313307.49602651,4161804.81709825,0
3438,313307.41089865,4161804.86956965,0
3439,313307.325771625,4161804.9220424,0
3440,313307.240645016,4161804.97451583,0
3441,313307.155518408,4161805.02698926,0
3442,313307.07039138,4161805.07946201,0
3443,313306.985263518,4161805.13193341,0
3444,313306.900134406,4161805.18440277,0
3445,313306.815003744,4161805.23686963,0
3446,313306.729871361,4161805.28933369,0
3447,313306.644737095,4161805.34179469,0
3448,313306.559600781,4161805.39425237,0
3449,313306.474462257,4161805.44670646,0
3450,313306.389321359,4161805.4991567,0
3451,313306.304177923,4161805.55160282,0
3452,313306.219031786,4161805.60404455,0
3453,313306.133882786,4161805.65648164,0
3454,313306.048730758,4161805.70891381,0
3455,313305.963575539,4161805.7613408,0
3456,313305.878417343,4161805.81376296,0
3457,313305.793257431,4161805.86618234,0
3458,313305.708097249,4161805.91860127,0
3459,313305.622938241,4161805.9710221,0
3460,313305.537781851,4161806.02344719,0
3461,313305.452629524,4161806.07587887,0
3462,313305.367482705,4161806.12831948,0
3463,313305.282342838,4161806.18077138,0
3464,313305.197210919,4161806.23323618,0
3465,313305.112086047,4161806.28571241,0
3466,313305.026966816,4161806.33819779,0
3467,313304.941851822,4161806.39069006,0
3468,313304.856739661,4161806.44318692,0
3469,313304.771628927,4161806.49568611,0
3470,313304.686518217,4161806.54818533,0
3471,313304.601406126,4161806.60068231,0
3472,313304.516291463,4161806.65317513,0
3473,313304.431173703,4161806.70566292,0
3474,313304.346052447,4161806.75814503,0
3475,313304.260927296,4161806.81062083,0
3476,313304.175797853,4161806.86308966,0
3477,313304.090663718,4161806.91555087,0
3478,313304.005524493,4161806.96800382,0
3479,313303.920379781,4161807.02044786,0
3480,313303.835229513,4161807.07288288,0
3481,313303.750074569,4161807.12531031,0
3482,313303.664915995,4161807.17773184,0
3483,313303.579754837,4161807.23014918,0
3484,313303.49459214,4161807.28256402,0
3485,313303.40942895,4161807.33497806,0
3486,313303.324266315,4161807.387393,0
3487,313303.239105279,4161807.43981054,0
3488,313303.153946739,4161807.49223213,0
3489,313303.068790824,4161807.54465799,0
3490,313302.98363742,4161807.59708792,0
3491,313302.89848641,4161807.64952174,0
3492,313302.813337681,4161807.70195927,0
3493,313302.728191115,4161807.7544003,0
3494,313302.643046599,4161807.80684467,0
3495,313302.557904017,4161807.85929217,0
3496,313302.472763254,4161807.91174263,0
3497,313302.387624183,4161807.96419583,0
3498,313302.302486647,4161808.01665153,0
3499,313302.217350487,4161808.06910946,0
3500,313302.13221554,4161808.12156935,0
3501,313302.047081646,4161808.17403096,0
3502,313301.961948643,4161808.22649401,0
3503,313301.876816371,4161808.27895825,0
3504,313301.791684669,4161808.33142342,0
3505,313301.70655338,4161808.38388925,0
3506,313301.621422519,4161808.43635578,0
3507,313301.536292335,4161808.48882341,0
3508,313301.451163094,4161808.54129256,0
3509,313301.366035063,4161808.59376368,0
3510,313301.280908506,4161808.6462372,0
3511,313301.195783691,4161808.69871353,0
3512,313301.110660883,4161808.75119312,0
3513,313301.025540347,4161808.8036764,0
3514,313300.940422334,4161808.85616377,0
3515,313300.855306793,4161808.90865514,0
3516,313300.770193414,4161808.96115002,0
3517,313300.685081879,4161809.0136479,0
3518,313300.599971869,4161809.06614824,0
3519,313300.514863068,4161809.11865055,0
3520,313300.429755157,4161809.17115429,0
3521,313300.344647817,4161809.22365897,0
3522,313300.25954073,4161809.27616405,0
3523,313300.17443359,4161809.32866905,0
3524,313300.089326254,4161809.38117373,0
3525,313300.004218718,4161809.43367809,0
3526,313299.91911098,4161809.48618212,0
3527,313299.834003039,4161809.53868581,0
3528,313299.748894893,4161809.59118918,0
3529,313299.663786539,4161809.64369221,0
3530,313299.578677978,4161809.6961949,0
3531,313299.493569207,4161809.74869725,0
3532,313299.408460239,4161809.80119929,0
3533,313299.323351145,4161809.85370112,0
3534,313299.238242003,4161809.90620287,0
3535,313299.153132896,4161809.95870468,0
3536,313299.068023903,4161810.01120667,0
3537,313298.982915105,4161810.06370898,0
3538,313298.897806582,4161810.11621174,0
3539,313298.812698416,4161810.16871507,0
3540,313298.727590687,4161810.22121911,0
3541,313298.64248347,4161810.27372399,0
3542,313298.557376762,4161810.32622968,0
3543,313298.472270495,4161810.3787361,0
3544,313298.387164596,4161810.4312431,0
3545,313298.302058995,4161810.4837506,0
3546,313298.21695362,4161810.53625845,0
3547,313298.1318484,4161810.58876656,0
3548,313298.046743264,4161810.64127481,0
3549,313297.961638143,4161810.69378308,0
3550,313297.876533072,4161810.74629143,0
3551,313297.791428204,4161810.79880011,0
3552,313297.706323697,4161810.85130938,0
3553,313297.621219713,4161810.90381949,0
3554,313297.53611641,4161810.9563307,0
3555,313297.451013949,4161811.00884329,0
3556,313297.36591249,4161811.06135749,0
3557,313297.280812191,4161811.11387357,0
3558,313297.195713214,4161811.1663918,0
3559,313297.110615649,4161811.21891231,0
3560,313297.025518991,4161811.2714343,0
3561,313296.940422429,4161811.32395644,0
3562,313296.855325148,4161811.37647741,0
3563,313296.770226332,4161811.4289959,0
3564,313296.685125169,4161811.48151058,0
3565,313296.600021223,4161811.53402076,0
3566,313296.514915042,4161811.58652731,0
3567,313296.429807328,4161811.63903138,0
3568,313296.344698782,4161811.6915341,0
3569,313296.259590108,4161811.74403661,0
3570,313296.174482007,4161811.79654005,0
3571,313296.089375182,4161811.84904556,0
3572,313296.004270334,4161811.90155427,0
3573,313295.919168166,4161811.95406732,0
3574,313295.834069288,4161812.00658571,0
3575,313295.748973464,4161812.05910904,0
3576,313295.66388001,4161812.11163622,0
3577,313295.57878824,4161812.16416612,0
3578,313295.493697464,4161812.21669763,0
3579,313295.408607006,4161812.26922966,0
3580,313295.323516419,4161812.32176148,0
3581,313295.238425493,4161812.37429276,0
3582,313295.153334031,4161812.42682316,0
3583,313295.068241836,4161812.47935237,0
3584,313294.983148708,4161812.53188008,0
3585,313294.898054451,4161812.58440595,0
3586,313294.812958866,4161812.63692967,0
3587,313294.727861757,4161812.68945092,0
3588,313294.642762924,4161812.74196938,0
3589,313294.557662233,4161812.79448483,0
3590,313294.47255993,4161812.84699767,0
3591,313294.387456403,4161812.89950852,0
3592,313294.302352037,4161812.95201802,0
3593,313294.217247222,4161813.00452678,0
3594,313294.132142344,4161813.05703544,0
3595,313294.04703779,4161813.10954463,0
3596,313293.961933948,4161813.16205498,0
3597,313293.876831205,4161813.2145671,0
3598,313293.791729949,4161813.26708163,0
3599,313293.706630551,4161813.31959918,0
3600,313293.621533005,4161813.37211972,0
3601,313293.536436915,4161813.42464262,0
3602,313293.45134187,4161813.47716722,0
3603,313293.366247458,4161813.52969285,0
3604,313293.281153268,4161813.58221883,0
3605,313293.196058887,4161813.6347445,0
3606,313293.110963904,4161813.6872692,0
3607,313293.025867906,4161813.73979225,0
3608,313292.940770486,4161813.792313,0
3609,313292.855671358,4161813.84483099,0
3610,313292.770570388,4161813.89734598,0
3611,313292.685467452,4161813.94985779,0
3612,313292.600362424,4161814.00236622,0
3613,313292.51525518,4161814.05487104,0
3614,313292.430145604,4161814.10737209,0
3615,313292.345033764,4161814.15986947,0
3616,313292.259919879,4161814.21236353,0
3617,313292.174804175,4161814.26485464,0
3618,313292.089686878,4161814.31734317,0
3619,313292.004568213,4161814.36982948,0
3620,313291.919448407,4161814.42231395,0
3621,313291.834327685,4161814.47479692,0
3622,313291.749206272,4161814.52727878,0
3623,313291.664084395,4161814.57975988,0
3624,313291.578962229,4161814.63224052,0
3625,313291.493839701,4161814.68472057,0
3626,313291.408716662,4161814.73719978,0
3627,313291.323592962,4161814.78967793,0
3628,313291.238468455,4161814.84215477,0
3629,313291.153342991,4161814.89463005,0
3630,313291.06821642,4161814.94710354,0
3631,313290.983088596,4161814.99957499,0
3632,313290.897959368,4161815.05204417,0
3633,313290.812828588,4161815.10451083,0
3634,313290.727696107,4161815.15697473,0
3635,313290.642561837,4161815.20943572,0
3636,313290.557425982,4161815.26189414,0
3637,313290.472288837,4161815.31435047,0
3638,313290.387150696,4161815.36680519,0
3639,313290.302011853,4161815.41925876,0
3640,313290.216872604,4161815.47171168,0
3641,313290.131733243,4161815.52416441,0
3642,313290.046593992,4161815.57661732,0
3643,313289.961454842,4161815.6290704,0
3644,313289.876315741,4161815.68152355,0
3645,313289.791176635,4161815.7339767,0
3646,313289.706037471,4161815.78642975,0
3647,313289.620898197,4161815.83888263,0
3648,313289.535758758,4161815.89133523,0
3649,313289.450619101,4161815.94378749,0
3650,313289.365479175,4161815.9962393,0
3651,313289.280338978,4161816.04869068,0
3652,313289.195198612,4161816.10114178,0
3653,313289.110058185,4161816.15359278,0
3654,313289.024917809,4161816.20604387,0
3655,313288.939777594,4161816.25849521,0
3656,313288.854637651,4161816.310947,0
3657,313288.769498082,4161816.3633994,0
3658,313288.684358935,4161816.41585248,0
3659,313288.599220231,4161816.46830628,0
3660,313288.514081995,4161816.52076084,0
3661,313288.428944249,4161816.57321619,0
3662,313288.343807017,4161816.62567238,0
3663,313288.258670323,4161816.67812944,0
3664,313288.173534188,4161816.73058741,0
3665,313288.088398637,4161816.78304633,0
3666,313288.003263693,4161816.83550623,0
3667,313287.918129378,4161816.88796716,0
3668,313287.832995717,4161816.94042914,0
3669,313287.747862732,4161816.99289222,0
3670,313287.662730447,4161817.04535644,0
3671,313287.577598884,4161817.09782183,0
3672,313287.492468068,4161817.15028843,0
3673,313287.407338029,4161817.20275629,0
3674,313287.322208802,4161817.25522547,0
3675,313287.237080419,4161817.30769602,0
3676,313287.151952917,4161817.36016799,0
3677,313287.06682633,4161817.41264145,0
3678,313286.981700684,4161817.46511644,0
3679,313286.896575944,4161817.5175929,0
3680,313286.811452036,4161817.57007071,0
3681,313286.726328888,4161817.62254975,0
3682,313286.641206425,4161817.6750299,0
3683,313286.556084575,4161817.72751105,0
3684,313286.470963263,4161817.77999307,0
3685,313286.385842386,4161817.83247579,0
3686,313286.300721788,4161817.88495897,0
3687,313286.215601309,4161817.93744233,0
3688,313286.130480786,4161817.98992563,0
3689,313286.045360059,4161818.0424086,0
3690,313285.960238967,4161818.09489098,0
3691,313285.875117349,4161818.1473725,0
3692,313285.789995044,4161818.19985291,0
3693,313285.704871891,4161818.25233194,0
3694,313285.619747729,4161818.30480933,0
3695,313285.534622409,4161818.35728485,0
3696,313285.449496059,4161818.4097587,0
3697,313285.364369078,4161818.46223152,0
3698,313285.279241875,4161818.51470398,0
3699,313285.19411486,4161818.56717675,0
3700,313285.108988443,4161818.61965049,0
3701,313285.023863031,4161818.67212585,0
3702,313284.93873881,4161818.72460315,0
3703,313284.853615645,4161818.77708217,0
3704,313284.768493376,4161818.82956263,0
3705,313284.683371842,4161818.88204429,0
3706,313284.598250881,4161818.93452688,0
3707,313284.513130346,4161818.98701016,0
3708,313284.428010257,4161819.03949416,0
3709,313284.342890736,4161819.09197908,0
3710,313284.257771908,4161819.14446513,0
3711,313284.172653897,4161819.1969525,0
3712,313284.087536828,4161819.2494414,0
3713,313284.002420805,4161819.301932,0
3714,313283.917305781,4161819.35442421,0
3715,313283.832191637,4161819.40691785,0
3716,313283.747078252,4161819.45941273,0
3717,313283.661965508,4161819.51190864,0
3718,313283.576853286,4161819.5644054,0
3719,313283.491741465,4161819.61690281,0
3720,313283.406629927,4161819.66940067,0
3721,313283.321518552,4161819.72189881,0
3722,313283.236407221,4161819.77439701,0
3723,313283.151295831,4161819.82689512,0
3724,313283.066184383,4161819.87939313,0
3725,313282.981072922,4161819.93189112,0
3726,313282.895961493,4161819.98438917,0
3727,313282.810850138,4161820.03688733,0
3728,313282.725738903,4161820.08938569,0
3729,313282.640627832,4161820.14188432,0
3730,313282.555516969,4161820.19438328,0
3731,313282.470406358,4161820.24688265,0
3732,313282.385296043,4161820.2993825,0
3733,313282.30018607,4161820.3518829,0
3734,313282.215076471,4161820.40438391,0
3735,313282.12996724,4161820.45688552,0
3736,313282.044858359,4161820.5093877,0
3737,313281.959749807,4161820.5618904,0
3738,313281.874641565,4161820.61439362,0
3739,313281.789533615,4161820.6668973,0
3740,313281.704425938,4161820.71940143,0
3741,313281.619318514,4161820.77190596,0
3742,313281.534211324,4161820.82441088,0
3743,313281.449104349,4161820.87691614,0
3744,313281.363997571,4161820.92942173,0
3745,313281.278890977,4161820.98192761,0
3746,313281.193784613,4161821.03443387,0
3747,313281.108678543,4161821.0869406,0
3748,313281.023572834,4161821.13944791,0
3749,313280.938467551,4161821.19195592,0
3750,313280.85336276,4161821.24446473,0
3751,313280.768258508,4161821.2969744,0
3752,313280.683154763,4161821.3494849,0
3753,313280.598051477,4161821.40199615,0
3754,313280.512948602,4161821.45450806,0
3755,313280.427846089,4161821.50702055,0
3756,313280.342743888,4161821.55953355,0
3757,313280.257641952,4161821.61204698,0
3758,313280.172540231,4161821.66456077,0
3759,313280.087438676,4161821.71707481,0
3760,313280.002337255,4161821.76958908,0
3761,313279.917235973,4161821.82210357,0
3762,313279.83213484,4161821.8746183,0
3763,313279.747033867,4161821.9271333,0
3764,313279.661933066,4161821.97964857,0
3765,313279.576832448,4161822.03216413,0
3766,313279.491732044,4161822.08468005,0
3767,313279.406631907,4161822.1371964,0
3768,313279.321532093,4161822.18971327,0
3769,313279.236432658,4161822.24223075,0
3770,313279.151333656,4161822.29474894,0
3771,313279.066235144,4161822.34726792,0
3772,313278.981137125,4161822.3997877,0
3773,313278.896039522,4161822.45230815,0
3774,313278.810942248,4161822.50482913,0
3775,313278.725845215,4161822.55735051,0
3776,313278.640748337,4161822.60987214,0
3777,313278.555651527,4161822.66239388,0
3778,313278.470554698,4161822.71491558,0
3779,313278.385457764,4161822.76743712,0
3780,313278.300360638,4161822.81995835,0
3781,313278.215263269,4161822.87247918,0
3782,313278.130165634,4161822.92499958,0
3783,313278.045067713,4161822.97751952,0
3784,313277.959969484,4161823.03003895,0
3785,313277.874870926,4161823.08255786,0
3786,313277.789772029,4161823.13507622,0
3787,313277.704672885,4161823.18759417,0
3788,313277.619573634,4161823.24011195,0
3789,313277.534474418,4161823.29262979,0
3790,313277.449375378,4161823.34514792,0
3791,313277.364276652,4161823.39766655,0
3792,313277.279178325,4161823.45018583,0
3793,313277.194080436,4161823.50270582,0
3794,313277.10898302,4161823.55522658,0
3795,313277.023886114,4161823.60774816,0
3796,313276.938789754,4161823.66027063,0
3797,313276.853693954,4161823.712794,0
3798,313276.76859864,4161823.76531816,0
3799,313276.683503719,4161823.81784296,0
3800,313276.598409098,4161823.87036824,0
3801,313276.513314683,4161823.92289386,0
3802,313276.428220382,4161823.97541966,0
3803,313276.3431261,4161824.0279455,0
3804,313276.258031744,4161824.08047121,0
3805,313276.172937221,4161824.13299665,0
3806,313276.087842438,4161824.18552168,0
3807,313276.002747302,4161824.23804613,0
3808,313275.917651719,4161824.29056985,0
3809,313275.832555596,4161824.3430927,0
3810,313275.747458839,4161824.39561452,0
3811,313275.662361409,4161824.44813526,0
3812,313275.577263439,4161824.50065512,0
3813,313275.492165097,4161824.55317437,0
3814,313275.40706655,4161824.60569329,0
3815,313275.321967966,4161824.65821216,0
3816,313275.236869511,4161824.71073123,0
3817,313275.15177128,4161824.76325067,0
3818,313275.066673189,4161824.81577033,0
3819,313274.981575135,4161824.86829005,0
3820,313274.89647701,4161824.92080966,0
3821,313274.811378712,4161824.97332899,0
3822,313274.726280133,4161825.02584786,0
3823,313274.641181168,4161825.07836611,0
3824,313274.556081713,4161825.13088356,0
3825,313274.470981662,4161825.18340004,0
3826,313274.385880908,4161825.23591539,0
3827,313274.300779348,4161825.28842943,0
3828,313274.215676875,4161825.34094199,0
3829,313274.130573385,4161825.3934529,0
3830,313274.045468778,4161825.445962,0
3831,313273.960363111,4161825.49846939,0
3832,313273.875256608,4161825.55097542,0
3833,313273.7901495,4161825.60348047,0
3834,313273.705042018,4161825.65598491,0
3835,313273.619934395,4161825.70848912,0
3836,313273.534826859,4161825.76099348,0
3837,313273.449719644,4161825.81349836,0
3838,313273.36461298,4161825.86600413,0
3839,313273.279507086,4161825.91851114,0
3840,313273.194401883,4161825.97101928,0
3841,313273.109296993,4161826.02352792,0
3842,313273.024192022,4161826.07603644,0
3843,313272.939086578,4161826.12854418,0
3844,313272.853980268,4161826.18105053,0
3845,313272.7688727,4161826.23355483,0
3846,313272.683763482,4161826.28605646,0
3847,313272.598652221,4161826.33855477,0
3848,313272.513538617,4161826.39104929,0
3849,313272.428422811,4161826.44354024,0
3850,313272.343305072,4161826.49602805,0
3851,313272.258185669,4161826.54851316,0
3852,313272.17306487,4161826.60099601,0
3853,313272.087942944,4161826.65347704,0
3854,313272.002820161,4161826.70595667,0
3855,313271.91769679,4161826.75843535,0
3856,313271.832573098,4161826.81091351,0
3857,313271.747449356,4161826.86339159,0
3858,313271.662325728,4161826.91586985,0
3859,313271.5772021,4161826.96834812,0
3860,313271.492078313,4161827.02082612,0
3861,313271.406954205,4161827.0733036,0
3862,313271.321829616,4161827.1257803,0
3863,313271.236704387,4161827.17825597,0
3864,313271.151578356,4161827.23073033,0
3865,313271.066451364,4161827.28320314,0
3866,313270.98132337,4161827.33567431,0
3867,313270.896194639,4161827.3881443,0
3868,313270.811065489,4161827.4406136,0
3869,313270.725936237,4161827.49308274,0
3870,313270.640807197,4161827.54555222,0
3871,313270.555678688,4161827.59802257,0
3872,313270.470551025,4161827.65049428,0
3873,313270.385424433,4161827.70296774,0
3874,313270.300298611,4161827.75544244,0
3875,313270.215173077,4161827.80791761,0
3876,313270.130047349,4161827.86039246,0
3877,313270.044920943,4161827.91286622,0
3878,313269.959793378,4161827.96533809,0
3879,313269.87466417,4161828.0178073,0
3880,313269.789533061,4161828.07027343,0
3881,313269.704400295,4161828.12273686,0
3882,313269.619266186,4161828.17519812,0
3883,313269.53413105,4161828.22765771,0
3884,313269.448995201,4161828.28011614,0
3885,313269.363858953,4161828.33257393,0
3886,313269.278722621,4161828.38503158,0
3887,313269.19358652,4161828.43748961,0
3888,313269.108450964,4161828.48994851,0
3889,313269.023316124,4161828.54240859,0
3890,313268.938181822,4161828.59486953,0
3891,313268.85304783,4161828.64733098,0
3892,313268.767913919,4161828.69979256,0
3893,313268.682779862,4161828.7522539,0
3894,313268.597645431,4161828.80471463,0
3895,313268.512510396,4161828.85717438,0
3896,313268.427374529,4161828.90963279,0
3897,313268.342237626,4161828.96208951,0
3898,313268.257099652,4161829.01454449,0
3899,313268.171960644,4161829.0669978,0
3900,313268.086820641,4161829.11944949,0
3901,313268.001679681,4161829.17189963,0
3902,313267.916537802,4161829.22434828,0
3903,313267.831395044,4161829.2767955,0
3904,313267.746251444,4161829.32924135,0
3905,313267.66110704,4161829.38168589,0
3906,313267.575961853,4161829.43412917,0
3907,313267.490815891,4161829.48657119,0
3908,313267.405669164,4161829.53901196,0
3909,313267.320521679,4161829.59145151,0
3910,313267.235373444,4161829.64388983,0
3911,313267.150224467,4161829.69632696,0
3912,313267.065074757,4161829.74876289,0
3913,313266.979924323,4161829.80119764,0
3914,313266.894773209,4161829.85363129,0
3915,313266.809621514,4161829.906064,0
3916,313266.724469342,4161829.95849593,0
3917,313266.639316793,4161830.01092726,0
3918,313266.554163972,4161830.06335813,0
3919,313266.46901098,4161830.11578873,0
3920,313266.38385792,4161830.16821923,0
3921,313266.298704836,4161830.22064968,0
3922,313266.21355156,4161830.27307982,0
3923,313266.128397868,4161830.32550928,0
3924,313266.043243539,4161830.37793772,0
3925,313265.958088354,4161830.43036475,0
3926,313265.87293209,4161830.48279004,0
3927,313265.787774526,4161830.53521322,0
3928,313265.702615441,4161830.58763392,0
3929,313265.617454655,4161830.64005186,0
3930,313265.532292193,4161830.69246708,0
3931,313265.447128143,4161830.74487971,0
3932,313265.361962594,4161830.79728992,0
3933,313265.276795635,4161830.84969783,0
3934,313265.191627354,4161830.90210359,0
3935,313265.106457841,4161830.95450735,0
3936,313265.021287185,4161831.00690926,0
3937,313264.936115474,4161831.05930944,0
3938,313264.850942796,4161831.11170806,0
3939,313264.765769242,4161831.16410525,0
3940,313264.6805949,4161831.21650117,0
3941,313264.595419879,4161831.26889597,0
3942,313264.510244299,4161831.32128987,0
3943,313264.425068282,4161831.37368306,0
3944,313264.339891948,4161831.42607573,0
3945,313264.254715419,4161831.47846809,0
3946,313264.169538815,4161831.53086032,0
3947,313264.084362258,4161831.58325263,0
3948,313263.999185856,4161831.63564519,0
3949,313263.914009555,4161831.68803792,0
3950,313263.828833181,4161831.74043052,0
3951,313263.743656554,4161831.79282272,0
3952,313263.658479498,4161831.84521422,0
3953,313263.573301835,4161831.89760473,0
3954,313263.488123386,4161831.94999397,0
3955,313263.402943983,4161832.00238165,0
3956,313263.317763556,4161832.05476767,0
3957,313263.232582115,4161832.10715203,0
3958,313263.147399669,4161832.15953477,0
3959,313263.06221623,4161832.21191589,0
3960,313262.977031805,4161832.26429541,0
3961,313262.891846407,4161832.31667334,0
3962,313262.806660045,4161832.36904971,0
3963,313262.721472728,4161832.42142452,0
3964,313262.636284468,4161832.4737978,0
3965,313262.551095274,4161832.52616956,0
3966,313262.46590527,4161832.57854,0
3967,313262.380714871,4161832.6309098,0
3968,313262.295524538,4161832.68327971,0
3969,313262.210334735,4161832.73565048,0
3970,313262.125145922,4161832.78802286,0
3971,313262.039958561,4161832.8403976,0
3972,313261.954773115,4161832.89277546,0
3973,313261.869589942,4161832.94515701,0
3974,313261.784408906,4161832.99754203,0
3975,313261.699229719,4161833.04993007,0
3976,313261.614052093,4161833.10232064,0
3977,313261.528875742,4161833.15471328,0
3978,313261.443700378,4161833.20710753,0
3979,313261.358525713,4161833.25950292,0
3980,313261.273351461,4161833.31189898,0
3981,313261.188177333,4161833.36429524,0
3982,313261.103003044,4161833.41669124,0
3983,313261.017828334,4161833.46908655,0
3984,313260.932653248,4161833.52148125,0
3985,313260.847478002,4161833.57387569,0
3986,313260.762302819,4161833.62627024,0
3987,313260.677127916,4161833.67866524,0
3988,313260.591953516,4161833.73106105,0
3989,313260.506779821,4161833.78345801,0
3990,313260.421606864,4161833.83585618,0
3991,313260.336434574,4161833.88825542,0
3992,313260.251262877,4161833.94065563,0
3993,313260.166091703,4161833.99305669,0
3994,313260.080920977,4161834.04545848,0
3995,313259.995750627,4161834.09786088,0
3996,313259.910580582,4161834.15026378,0
3997,313259.825410768,4161834.20266705,0
3998,313259.740241112,4161834.25507057,0
3999,313259.655071542,4161834.30747424,0
4000,313259.569901901,4161834.3598778,0
4001,313259.484731863,4161834.4122807,0
4002,313259.399561076,4161834.46468239,0
4003,313259.314389192,4161834.5170823,0
4004,313259.229215862,4161834.56947985,0
4005,313259.144040736,4161834.62187449,0
4006,313259.058863465,4161834.67426564,0
4007,313258.9736837,4161834.72665274,0
4008,313258.88850113,4161834.77903527,0
4009,313258.803315558,4161834.83141292,0
4010,313258.718126804,4161834.8837854,0
4011,313258.632934691,4161834.93615242,0
4012,313258.547739038,4161834.98851367,0
4013,313258.462539667,4161835.04086888,0
4014,313258.3773364,4161835.09321774,0
4015,313258.292129066,4161835.14555998,0
4016,313258.206917916,4161835.19789601,0
4017,313258.121703806,4161835.25022722,0
4018,313258.036487635,4161835.30255507,0
4019,313257.951270305,4161835.35488104,0
4020,313257.866052715,4161835.40720658,0
4021,313257.780835737,4161835.45953312,0
4022,313257.695619864,4161835.51186146,0
4023,313257.61040533,4161835.56419198,0
4024,313257.525192364,4161835.61652505,0
4025,313257.439981194,4161835.66886104,0
4026,313257.35477205,4161835.72120034,0
4027,313257.269564918,4161835.77354291,0
4028,313257.184358971,4161835.82588742,0
4029,313257.09915321,4161835.87823223,0
4030,313257.013946635,4161835.93057571,0
4031,313256.928738249,4161835.98291624,0
4032,313256.843527051,4161836.0352522,0
4033,313256.758312043,4161836.08758194,0
4034,313256.673092225,4161836.13990385,0
4035,313256.5878666,4161836.19221629,0
4036,313256.50263488,4161836.24451881,0
4037,313256.417398925,4161836.29681443,0
4038,313256.332160993,4161836.34910683,0
4039,313256.246923345,4161836.4013997,0
4040,313256.16168824,4161836.45369671,0
4041,313256.076457832,4161836.50600137,0
4042,313255.991231759,4161836.5583131,0
4043,313255.906007131,4161836.61062718,0
4044,313255.820780949,4161836.66293872,0
4045,313255.73555021,4161836.71524284,0
4046,313255.650312007,4161836.76753479,0
4047,313255.565065906,4161836.81981387,0
4048,313255.479814144,4161836.87208372,0
4049,313255.394559093,4161836.9243482,0
4050,313255.309303122,4161836.97661119,0
4051,313255.224048604,4161837.02887655,0
4052,313255.138797815,4161837.08114799,0
4053,313255.053551347,4161837.13342647,0
4054,313254.968308345,4161837.1857106,0
4055,313254.883067907,4161837.23799891,0
4056,313254.79782913,4161837.29028994,0
4057,313254.712591112,4161837.34258219,0
4058,313254.62735295,4161837.39487422,0
4059,313254.542113742,4161837.44716454,0
4060,313254.456872799,4161837.49945203,0
4061,313254.37163062,4161837.55173751,0
4062,313254.286388121,4161837.60402247,0
4063,313254.201146212,4161837.65630838,0
4064,313254.11590581,4161837.70859676,0
4065,313254.030667825,4161837.76088907,0
4066,313253.945433173,4161837.81318681,0
4067,313253.86020276,4161837.86549146,0
4068,313253.774976716,4161837.91780323,0
4069,313253.689753696,4161837.97011993,0
4070,313253.60453219,4161838.02243909,0
4071,313253.519310688,4161838.07475827,0
4072,313253.434087682,4161838.12707499,0
4073,313253.348861659,4161838.17938679,0
4074,313253.263631112,4161838.23169123,0
4075,313253.17839471,4161838.28398612,0
4076,313253.093152135,4161838.33627095,0
4077,313253.007903416,4161838.38854577,0
4078,313252.922648583,4161838.44081061,0
4079,313252.837387665,4161838.49306553,0
4080,313252.752120691,4161838.54531057,0
4081,313252.666847692,4161838.59754577,0
4082,313252.581568974,4161838.64977164,0
4083,313252.496286237,4161838.70199095,0
4084,313252.411001621,4161838.75420719,0
4085,313252.325717262,4161838.80642385,0
4086,313252.2404353,4161838.85864441,0
4087,313252.155157874,4161838.91087237,0
4088,313252.069887121,4161838.96311122,0
4089,313251.984625181,4161839.01536445,0
4090,313251.899373393,4161839.06763424,0
4091,313251.81413,4161839.11991773,0
4092,313251.728892492,4161839.17221082,0
4093,313251.64365836,4161839.22450942,0
4094,313251.558425097,4161839.27680944,0
4095,313251.473190195,4161839.32910679,0
4096,313251.38795179,4161839.38139843,0
4097,313251.302709417,4161839.43368359,0
4098,313251.217462804,4161839.48596184,0
4099,313251.132211673,4161839.53823272,0
4100,313251.046955749,4161839.59049578,0
4101,313250.961694759,4161839.64275057,0
4102,313250.876428517,4161839.69499679,0
4103,313250.79115738,4161839.74723502,0
4104,313250.705881901,4161839.79946616,0
4105,313250.620602634,4161839.85169112,0
4106,313250.535320131,4161839.9039108,0
4107,313250.450034947,4161839.95612611,0
4108,313250.364747633,4161840.00833793,0
4109,313250.279458745,4161840.06054719,0
4110,313250.194168864,4161840.11275483,0
4111,313250.108879077,4161840.16496261,0
4112,313250.023590887,4161840.21717301,0
4113,313249.938305815,4161840.26938849,0
4114,313249.853025378,4161840.32161153,0
4115,313249.767751093,4161840.37384462,1
4116,313249.682484105,4161840.42608962,2
4117,313249.597223607,4161840.47834522,3
4118,313249.511968159,4161840.53060905,4
4119,313249.426716324,4161840.58287879,5
4120,313249.341466663,4161840.63515207,6
