0,313599.687588555,4161623.88860679,0
1,313599.604798177,4161623.94469978,0
2,313599.522058723,4161624.00086623,0
3,313599.43942112,4161624.05717959,0
4,313599.35693629,4161624.11371331,0
5,313599.27465516,4161624.17054086,0
6,313599.19261524,4161624.22771635,0
7,313599.110768685,4161624.28517086,0
8,313599.029034191,4161624.34278724,0
9,313598.947330375,4161624.40044823,0
10,313598.865575854,4161624.45803657,0
11,313598.783689246,4161624.51543498,0
12,313598.70160235,4161624.5725452,0
13,313598.619332505,4161624.62939209,0
14,313598.536931184,4161624.68604966,0
15,313598.454449946,4161624.74259206,0
16,313598.371940353,4161624.79909343,0
17,313598.289452423,4161624.85562569,0
18,313598.207004267,4161624.91221496,0
19,313598.124583967,4161624.96884421,0
20,313598.04217844,4161625.02549474,0
21,313597.9597746,4161625.08214784,0
22,313597.877359686,4161625.13878529,0
23,313597.794930023,4161625.19540176,0
24,313597.712492026,4161625.25200628,0
25,313597.63005264,4161625.30860861,0
26,313597.547618806,4161625.36521853,0
27,313597.465197467,4161625.4218458,0
28,313597.382795566,4161625.47850021,0
29,313597.300415862,4161625.5351857,0
30,313597.218044445,4161625.59188296,0
31,313597.135663255,4161625.64856691,0
32,313597.053254229,4161625.70521247,0
33,313596.970799308,4161625.76179455,0
34,313596.888280481,4161625.81828815,0
35,313596.805702514,4161625.87469997,0
36,313596.723128342,4161625.93111775,0
37,313596.640630057,4161625.98764198,0
38,313596.558279749,4161626.04437314,0
39,313596.47614951,4161626.10141172,0
40,313596.394311148,4161626.15885782,0
41,313596.312797262,4161626.21675868,0
42,313596.231561666,4161626.27505534,0
43,313596.150548736,4161626.33367609,0
44,313596.069702851,4161626.39254923,0
45,313595.988968388,4161626.45160307,0
46,313595.908275129,4161626.51074137,0
47,313595.827481876,4161626.56974855,0
48,313595.746425893,4161626.62837284,0
49,313595.664944438,4161626.68636245,0
50,313595.582874771,4161626.74346558,0
51,313595.500054149,4161626.79943044,0
52,313595.416352889,4161626.8540559,0
53,313595.331851179,4161626.90746231,0
54,313595.246711301,4161626.95989578,0
55,313595.161095728,4161627.01160276,0
56,313595.075166934,4161627.06282964,0
57,313594.989087391,4161627.11382284,0
58,313594.903019573,4161627.16482879,0
59,313594.817110713,4161627.21607106,0
60,313594.731392855,4161627.26760059,0
61,313594.645845391,4161627.31938941,0
62,313594.560447445,4161627.37140915,0
63,313594.475178139,4161627.42363144,0
64,313594.390016595,4161627.47602789,0
65,313594.304942116,4161627.52857036,0
66,313594.219942214,4161627.58124099,0
67,313594.135015825,4161627.63403619,0
68,313594.050162726,4161627.68695345,0
69,313593.965382694,4161627.73999026,0
70,313593.880675508,4161627.79314409,0
71,313593.796040907,4161627.84641238,0
72,313593.711475638,4161627.89978868,0
73,313593.626971417,4161627.95326002,0
74,313593.542519471,4161628.0068128,0
75,313593.45811103,4161628.0604334,0
76,313593.373737325,4161628.11410823,0
77,313593.289389584,4161628.16782368,0
78,313593.205059037,4161628.22156614,0
79,313593.12073694,4161628.27532207,0
80,313593.03641694,4161628.32908156,0
81,313592.952096943,4161628.38284131,0
82,313592.867775296,4161628.43659867,0
83,313592.783450342,4161628.49035099,0
84,313592.699120428,4161628.54409563,0
85,313592.614783899,4161628.59782994,0
86,313592.5304391,4161628.65155128,0
87,313592.446084377,4161628.70525699,0
88,313592.361718114,4161628.75894451,0
89,313592.277339165,4161628.81261202,0
90,313592.192946692,4161628.86625819,0
91,313592.108539863,4161628.91988174,0
92,313592.024117844,4161628.97348134,0
93,313591.939679837,4161629.02705576,0
94,313591.855226309,4161629.08060572,0
95,313591.770759296,4161629.13413444,0
96,313591.686280936,4161629.18764526,0
97,313591.601793363,4161629.24114156,0
98,313591.517298715,4161629.29462669,0
99,313591.432798885,4161629.34810362,0
100,313591.34829386,4161629.40157233,0
101,313591.26378272,4161629.45503137,0
102,313591.179264542,4161629.50847926,0
103,313591.0947384,4161629.56191455,0
104,313591.01020337,4161629.61533577,0
105,313590.925658813,4161629.66874191,0
106,313590.841105572,4161629.7221343,0
107,313590.756544969,4161629.77551504,0
108,313590.671978329,4161629.82888622,0
109,313590.587406974,4161629.88224994,0
110,313590.502832229,4161629.93560829,0
111,313590.418255417,4161629.98896338,0
112,313590.333677861,4161630.04231728,0
113,313590.249100885,4161630.0956721,0
114,313590.164525813,4161630.14902994,0
115,313590.079953845,4161630.20239269,0
116,313589.995385191,4161630.25576069,0
117,313589.910819577,4161630.3091335,0
118,313589.826256724,4161630.36251068,0
119,313589.741696356,4161630.4158918,0
120,313589.657138195,4161630.46927642,0
121,313589.572581961,4161630.52266409,0
122,313589.48802712,4161630.57605396,0
123,313589.403472623,4161630.62944438,0
124,313589.31891736,4161630.68283359,0
125,313589.234360218,4161630.73621982,0
126,313589.149800089,4161630.78960132,0
127,313589.065235862,4161630.84297633,0
128,313588.980666508,4161630.89634322,0
129,313588.896092313,4161630.94970245,0
130,313588.811514613,4161631.00305611,0
131,313588.726934777,4161631.05640639,0
132,313588.642354171,4161631.10975545,0
133,313588.557774161,4161631.16310544,0
134,313588.473196116,4161631.21645854,0
135,313588.3886214,4161631.2698169,0
136,313588.304050864,4161631.32318187,0
137,313588.219483886,4161631.37655247,0
138,313588.134919583,4161631.42992733,0
139,313588.050357074,4161631.48330504,0
140,313587.965795477,4161631.53668422,0
141,313587.88123391,4161631.59006349,0
142,313587.796671492,4161631.64344146,0
143,313587.712107787,4161631.69681744,0
144,313587.627543877,4161631.7501931,0
145,313587.542981163,4161631.80357061,0
146,313587.458421049,4161631.85695215,0
147,313587.373864937,4161631.91033989,0
148,313587.289314229,4161631.96373601,0
149,313587.204769452,4161632.01714133,0
150,313587.12022772,4161632.07055135,0
151,313587.035685319,4161632.12396033,0
152,313586.951138538,4161632.17736249,0
153,313586.866583662,4161632.23075207,0
154,313586.78201698,4161632.28412331,0
155,313586.697434777,4161632.33747045,0
156,313586.612833341,4161632.39078772,0
157,313586.528210041,4161632.44407104,0
158,313586.443574163,4161632.49733481,0
159,313586.358942375,4161632.5506049,0
160,313586.274331458,4161632.60390733,0
161,313586.189758191,4161632.65726813,0
162,313586.105239354,4161632.71071333,0
163,313586.020791725,4161632.76426897,0
164,313585.936430445,4161632.81795855,0
165,313585.852156353,4161632.87178362,0
166,313585.767962922,4161632.92573441,0
167,313585.683843561,4161632.97980104,0
168,313585.599791682,4161633.03397366,0
169,313585.515800694,4161633.08824238,0
170,313585.431864007,4161633.14259734,0
171,313585.347975032,4161633.19702867,0
172,313585.26412718,4161633.25152651,0
173,313585.18031386,4161633.30608098,0
174,313585.096528484,4161633.36068222,0
175,313585.012764461,4161633.41532036,0
176,313584.929014059,4161633.46998365,0
177,313584.845249497,4161633.52462736,0
178,313584.761425884,4161633.5791786,0
179,313584.677497781,4161633.6335636,0
180,313584.59341975,4161633.68770858,0
181,313584.509146353,4161633.74153976,0
182,313584.424632151,4161633.79498336,0
183,313584.339831705,4161633.84796559,0
184,313584.254702569,4161633.90041744,0
185,313584.169247862,4161633.95234258,0
186,313584.083506185,4161634.00380125,0
187,313583.997517076,4161634.05485519,0
188,313583.911320076,4161634.10556613,0
189,313583.824954721,4161634.1559958,0
190,313583.73846055,4161634.20620596,0
191,313583.651876222,4161634.256257,0
192,313583.565223958,4161634.30618463,0
193,313583.478511414,4161634.35600264,0
194,313583.391745741,4161634.40572404,0
195,313583.30493409,4161634.45536186,0
196,313583.218083614,4161634.50492915,0
197,313583.131201463,4161634.55443891,0
198,313583.044294789,4161634.60390419,0
199,313582.957370743,4161634.65333801,0
200,313582.870436476,4161634.70275339,0
201,313582.783499141,4161634.75216337,0
202,313582.696565887,4161634.80158098,0
203,313582.609643867,4161634.85101923,0
204,313582.522739496,4161634.9004898,0
205,313582.435854689,4161634.94999597,0
206,313582.348989663,4161634.99953788,0
207,313582.262144629,4161635.04911566,0
208,313582.175319801,4161635.09872943,0
209,313582.088515392,4161635.14837933,0
210,313582.001731614,4161635.19806547,0
211,313581.914968681,4161635.247788,0
212,313581.828226806,4161635.29754704,0
213,313581.741506331,4161635.34734303,0
214,313581.654807815,4161635.39717693,0
215,313581.568131838,4161635.44704976,0
216,313581.481478979,4161635.49696253,0
217,313581.394849818,4161635.54691626,0
218,313581.308244936,4161635.59691197,0
219,313581.221664912,4161635.64695066,0
220,313581.135110326,4161635.69703336,0
221,313581.048581219,4161635.74716013,0
222,313580.962076139,4161635.79732845,0
223,313580.875593378,4161635.84753532,0
224,313580.789131227,4161635.89777777,0
225,313580.702687977,4161635.94805282,0
226,313580.616261918,4161635.99835748,0
227,313580.529851343,4161636.04868876,0
228,313580.443454543,4161636.09904369,0
229,313580.357069807,4161636.14941928,0
230,313580.270695525,4161636.19981271,0
231,313580.184330675,4161636.25022224,0
232,313580.097974458,4161636.30064651,0
233,313580.011626077,4161636.35108416,0
234,313579.925284737,4161636.40153383,0
235,313579.838949638,4161636.45199418,0
236,313579.752619985,4161636.50246383,0
237,313579.66629498,4161636.55294145,0
238,313579.579973866,4161636.60342574,0
239,313579.493655992,4161636.65391558,0
240,313579.407340724,4161636.70440989,0
241,313579.321027425,4161636.75490757,0
242,313579.23471546,4161636.80540753,0
243,313579.148404229,4161636.85590875,0
244,313579.062093268,4161636.90641042,0
245,313578.975782159,4161636.95691185,0
246,313578.889470479,4161637.00741229,0
247,313578.803157807,4161637.05791104,0
248,313578.716843722,4161637.10840737,0
249,313578.630527804,4161637.15890056,0
250,313578.544209631,4161637.20938989,0
251,313578.457888782,4161637.25987465,0
252,313578.371564835,4161637.31035411,0
253,313578.285237371,4161637.36082755,0
254,313578.198905967,4161637.41129425,0
255,313578.112570203,4161637.46175349,0
256,313578.026229737,4161637.51220469,0
257,313577.939884644,4161637.56264798,0
258,313577.853535128,4161637.61308369,0
259,313577.767181394,4161637.66351219,0
260,313577.680823649,4161637.71393381,0
261,313577.594462085,4161637.7643489,0
262,313577.508096825,4161637.81475765,0
263,313577.421727964,4161637.86516023,0
264,313577.335355597,4161637.9155568,0
265,313577.248979819,4161637.96594753,0
266,313577.162600723,4161638.01633257,0
267,313577.076218406,4161638.06671208,0
268,313576.989832962,4161638.11708624,0
269,313576.903444485,4161638.16745519,0
270,313576.81705307,4161638.21781911,0
271,313576.730658811,4161638.26817814,0
272,313576.64426178,4161638.31853242,0
273,313576.557862033,4161638.36888203,0
274,313576.471459626,4161638.41922709,0
275,313576.385054614,4161638.46956767,0
276,313576.298647054,4161638.51990387,0
277,313576.212237001,4161638.5702358,0
278,313576.12582451,4161638.62056354,0
279,313576.03940964,4161638.67088719,0
280,313575.95299255,4161638.72120704,0
281,313575.866573572,4161638.77152364,0
282,313575.780153055,4161638.82183759,0
283,313575.693731346,4161638.8721495,0
284,313575.607308792,4161638.92245996,0
285,313575.520885571,4161638.97276928,0
286,313575.434461494,4161639.02307712,0
287,313575.348036324,4161639.07338308,0
288,313575.261609824,4161639.12368676,0
289,313575.175181759,4161639.17398775,0
290,313575.088751891,4161639.22428564,0
291,313575.002319985,4161639.27458003,0
292,313574.915885825,4161639.32487055,0
293,313574.829449635,4161639.37515757,0
294,313574.743012042,4161639.42544219,0
295,313574.656573691,4161639.4757255,0
296,313574.570135225,4161639.52600861,0
297,313574.483697288,4161639.57629264,0
298,313574.397260504,4161639.62657865,0
299,313574.31082507,4161639.67686698,0
300,313574.224390768,4161639.72715725,0
301,313574.137957361,4161639.77744906,0
302,313574.051524612,4161639.82774201,0
303,313573.965092284,4161639.87803568,0
304,313573.878660141,4161639.92832966,0
305,313573.792227946,4161639.97862355,0
306,313573.705795462,4161640.02891695,0
307,313573.619362452,4161640.07920944,0
308,313573.53292868,4161640.12950062,0
309,313573.446493909,4161640.17979008,0
310,313573.360057902,4161640.23007742,0
311,313573.273620585,4161640.28036249,0
312,313573.187182904,4161640.33064695,0
313,313573.100746204,4161640.38093309,0
314,313573.014311832,4161640.43122325,0
315,313572.927881134,4161640.48151973,0
316,313572.841455231,4161640.53182447,0
317,313572.755033351,4161640.58213613,0
318,313572.668613785,4161640.63245177,0
319,313572.582194816,4161640.68276842,0
320,313572.495774725,4161640.73308312,0
321,313572.409351798,4161640.78339291,0
322,313572.322924315,4161640.83369484,0
323,313572.236490616,4161640.88398602,0
324,313572.150052149,4161640.93426898,0
325,313572.063615068,4161640.98455435,0
326,313571.977185918,4161641.03485344,0
327,313571.890771246,4161641.08517757,0
328,313571.804377542,4161641.13553797,0
329,313571.718005658,4161641.18593609,0
330,313571.631646048,4161641.23635542,0
331,313571.545288043,4161641.28677751,0
332,313571.458920977,4161641.33718391,0
333,313571.372534181,4161641.38755616,0
334,313571.286116988,4161641.43787581,0
335,313571.19965873,4161641.4881244,0
336,313571.113148739,4161641.53828349,0
337,313571.026576366,4161641.58833464,0
338,313570.939935851,4161641.63826788,0
339,313570.853232945,4161641.68809308,0
340,313570.76647505,4161641.73782296,0
341,313570.679669569,4161641.78747025,0
342,313570.592823904,4161641.83704767,0
343,313570.505945459,4161641.88656796,0
344,313570.419041637,4161641.93604384,0
345,313570.332119957,4161641.98548824,0
346,313570.24518959,4161642.03491714,0
347,313570.158260922,4161642.08434875,0
348,313570.07134437,4161642.13380132,0
349,313569.98445035,4161642.18329311,0
350,313569.897589278,4161642.23284237,0
351,313569.81077157,4161642.28246736,0
352,313569.724007642,4161642.33218635,0
353,313569.637307902,4161642.38201756,0
354,313569.550681204,4161642.43197629,0
355,313569.464132938,4161642.48207118,0
356,313569.37766803,4161642.53231003,0
357,313569.291291408,4161642.58270061,0
358,313569.205007995,4161642.63325071,0
359,313569.118822718,4161642.68396808,0
360,313569.032740482,4161642.73486049,0
361,313568.946765017,4161642.78593348,0
362,313568.860898328,4161642.83718941,0
363,313568.77514228,4161642.88863039,0
364,313568.689498737,4161642.94025849,0
365,313568.603969566,4161642.99207583,0
366,313568.518556632,4161643.0440845,0
367,313568.433261798,4161643.09628659,0
368,313568.348086933,4161643.1486842,0
369,313568.263034289,4161643.20127998,0
370,313568.17810689,4161643.25407769,0
371,313568.093307855,4161643.3070812,0
372,313568.008640304,4161643.36029439,0
373,313567.924107356,4161643.41372117,0
374,313567.839712129,4161643.4673654,0
375,313567.755457743,4161643.52123097,0
376,313567.671346998,4161643.57532113,0
377,313567.587381738,4161643.6296372,0
378,313567.503563627,4161643.68418013,0
379,313567.419894326,4161643.73895088,0
380,313567.336375498,4161643.79395041,0
381,313567.253008808,4161643.84917966,0
382,313567.169795916,4161643.90463961,0
383,313567.086738378,4161643.96033108,0
384,313567.003836756,4161644.01625393,0
385,313566.921091081,4161644.07240746,0
386,313566.838501381,4161644.12879095,0
387,313566.756067683,4161644.1854037,0
388,313566.673790067,4161644.24224507,0
389,313566.591671084,4161644.29931723,0
390,313566.50971672,4161644.35662628,0
391,313566.427933211,4161644.41417858,0
392,313566.346326798,4161644.47198051,0
393,313566.264903718,4161644.53003846,0
394,313566.18367021,4161644.5883588,0
395,313566.102632513,4161644.6469479,0
396,313566.021795216,4161644.70581011,0
397,313565.941146001,4161644.7649289,0
398,313565.860662626,4161644.82427549,0
399,313565.780322724,4161644.88382093,0
400,313565.700103929,4161644.94353631,0
401,313565.619984656,4161645.00339364,0
402,313565.53997856,4161645.06340845,0
403,313565.460148039,4161645.12365637,0
404,313565.380559067,4161645.18421747,0
405,313565.301277616,4161645.24517181,0
406,313565.222369658,4161645.30659944,0
407,313565.143901167,4161645.36858044,0
408,313565.065936777,4161645.43119315,0
409,313564.988492375,4161645.49445342,0
410,313564.911522358,4161645.55829829,0
411,313564.83497719,4161645.62265975,0
412,313564.758807336,4161645.6874698,0
413,313564.682963261,4161645.75266044,0
414,313564.607393089,4161645.81816193,0
415,313564.532025425,4161645.88389001,0
416,313564.456779164,4161645.94975322,0
417,313564.381573131,4161646.01566005,0
418,313564.306326151,4161646.08151899,0
419,313564.230957341,4161646.14723884,0
420,313564.155416273,4161646.21276245,0
421,313564.079709301,4161646.27809612,0
422,313564.003848982,4161646.3432531,0
423,313563.927847871,4161646.40824661,0
424,313563.851718526,4161646.47308989,0
425,313563.775472222,4161646.53779493,0
426,313563.699115689,4161646.60236926,0
427,313563.622654647,4161646.66681944,0
428,313563.546094817,4161646.73115202,0
429,313563.46944192,4161646.79537356,0
430,313563.392701677,4161646.85949059,0
431,313563.315879809,4161646.92350969,0
432,313563.238982065,4161646.98743742,0
433,313563.162016184,4161647.05128293,0
434,313563.08499317,4161647.11505946,0
435,313563.00792433,4161647.17878069,0
436,313562.930820973,4161647.24246026,0
437,313562.853694407,4161647.30611184,0
438,313562.776555915,4161647.36974904,0
439,313562.699413011,4161647.43338092,0
440,313562.622265492,4161647.49700713,0
441,313562.545112208,4161647.56062617,0
442,313562.467952009,4161647.62423656,0
443,313562.390783744,4161647.68783679,0
444,313562.313607896,4161647.7514274,0
445,313562.236432733,4161647.81501864,0
446,313562.159268842,4161647.87862363,0
447,313562.082126813,4161647.94225551,0
448,313562.005017233,4161648.0059274,0
449,313561.927950691,4161648.06965244,0
450,313561.850937775,4161648.13344376,0
451,313561.773985167,4161648.19730965,0
452,313561.697066065,4161648.26121707,0
453,313561.620136658,4161648.32511194,0
454,313561.543152995,4161648.38894002,0
455,313561.46607113,4161648.45264707,0
456,313561.388847112,4161648.51617885,0
457,313561.311436995,4161648.57948112,0
458,313561.233796829,4161648.64249965,0
459,313561.155901943,4161648.70520399,0
460,313561.077806069,4161648.76766055,0
461,313560.999582869,4161648.82996035,0
462,313560.921306003,4161648.89219438,0
463,313560.843049135,4161648.95445367,0
464,313560.764885925,4161649.01682923,0
465,313560.68688967,4161649.0794116,0
466,313560.609111599,4161649.14226371,0
467,313560.531568653,4161649.20540553,0
468,313560.454274816,4161649.26885332,0
469,313560.37724407,4161649.33262335,0
470,313560.3004904,4161649.39673188,0
471,313560.224027788,4161649.46119517,0
472,313560.147872007,4161649.52603129,0
473,313560.07208963,4161649.59130909,0
474,313559.996804047,4161649.65715425,0
475,313559.922141645,4161649.72369548,0
476,313559.848228812,4161649.79106145,0
477,313559.775191935,4161649.85938085,0
478,313559.703153103,4161649.92877502,0
479,313559.632191031,4161649.99929111,0
480,313559.562359277,4161650.07093325,0
481,313559.493711095,4161650.14370507,0
482,313559.426299736,4161650.21761018,0
483,313559.360178427,4161650.29265216,0
484,313559.29528587,4161650.36874502,0
485,313559.231183016,4161650.44550727,0
486,313559.167353048,4161650.52249658,0
487,313559.103279148,4161650.59927061,0
488,313559.038444515,4161650.67538707,0
489,313558.972464502,4161650.7505143,0
490,313558.90540205,4161650.82469549,0
491,313558.837414761,4161650.89805313,0
492,313558.768660241,4161650.97070969,0
493,313558.699296092,4161651.04278764,0
494,313558.629474639,4161651.11440655,0
495,313558.559296994,4161651.18565773,0
496,313558.4888355,4161651.25661669,0
497,313558.418162185,4161651.3273587,0
498,313558.347349072,4161651.39795908,0
499,313558.276468189,4161651.46849312,0
500,313558.205590408,4161651.53903473,0
501,313558.134771768,4161651.60963975,0
502,313558.06405801,4161651.68035152,0
503,313557.993494666,4161651.7512131,0
504,313557.923127268,4161651.82226758,0
505,313557.85300135,4161651.89355802,0
506,313557.783162382,4161651.96512745,0
507,313557.713630508,4161652.03699456,0
508,313557.644361536,4161652.10911633,0
509,313557.575301214,4161652.18144006,0
510,313557.506395288,4161652.25391305,0
511,313557.437589505,4161652.32648263,0
512,313557.368829611,4161652.39909609,0
513,313557.300064391,4161652.47170369,0
514,313557.231272971,4161652.5442852,0
515,313557.162451935,4161652.61683736,0
516,313557.093598078,4161652.68935711,0
517,313557.024708192,4161652.7618414,0
518,313556.95577907,4161652.83428718,0
519,313556.886808005,4161652.90669191,0
520,313556.817798073,4161652.97905929,0
521,313556.74875608,4161653.05139703,0
522,313556.679688893,4161653.12371288,0
523,313556.610603377,4161653.19601461,0
524,313556.5415064,4161653.26830997,0
525,313556.472408643,4161653.34060994,0
526,313556.403345032,4161653.41294577,0
527,313556.334359993,4161653.48535669,0
528,313556.265497974,4161653.55788196,0
529,313556.196803423,4161653.63056081,0
530,313556.128320788,4161653.70343248,0
531,313556.060094515,4161653.77653623,0
532,313555.992169054,4161653.8499113,0
533,313555.92458846,4161653.9235966,0
534,313555.857345277,4161653.99758614,0
535,313555.790329677,4161654.07178475,0
536,313555.723419733,4161654.14608672,0
537,313555.656493524,4161654.22038633,0
538,313555.589429124,4161654.29457788,0
539,313555.522104611,4161654.36855565,0
540,313555.454398526,4161654.44221352,0
541,313555.386199842,4161654.51543627,0
542,313555.31740779,4161654.5880997,0
543,313555.247922033,4161654.66007927,0
544,313555.177642233,4161654.73125041,0
545,313555.106468055,4161654.80148855,0
546,313555.034299161,4161654.87066914,0
547,313554.961045314,4161654.93867909,0
548,313554.886767708,4161655.00557736,0
549,313554.811644267,4161655.0715555,0
550,313554.735855923,4161655.13680852,0
551,313554.65958361,4161655.2015314,0
552,313554.583008263,4161655.26591914,0
553,313554.506310815,4161655.33016671,0
554,313554.429670266,4161655.39446708,0
555,313554.353192398,4161655.45893604,0
556,313554.276889023,4161655.52359035,0
557,313554.200765785,4161655.58844029,0
558,313554.124828329,4161655.65349612,0
559,313554.0490823,4161655.71876811,0
560,313553.97353334,4161655.78426653,0
561,313553.898187096,4161655.85000166,0
562,313553.823049729,4161655.91598374,0
563,313553.748131946,4161655.98222297,0
564,313553.673446804,4161656.04872952,0
565,313553.599007381,4161656.11551352,0
566,313553.524826753,4161656.18258515,0
567,313553.450917998,4161656.24995455,0
568,313553.377294193,4161656.31763188,0
569,313553.30396839,4161656.38562728,0
570,313553.230934408,4161656.45393163,0
571,313553.158132719,4161656.52248252,0
572,313553.085494622,4161656.59120833,0
573,313553.012951415,4161656.66003747,0
574,313552.940434395,4161656.72889832,0
575,313552.867874861,4161656.79771927,0
576,313552.795201982,4161656.86642595,0
577,313552.722321909,4161656.93491381,0
578,313552.649126713,4161657.0030599,0
579,313552.575508264,4161657.07074098,0
580,313552.501358433,4161657.13783383,0
581,313552.42657036,4161657.20421652,0
582,313552.351093986,4161657.26982536,0
583,313552.274957607,4161657.33467701,0
584,313552.198195242,4161657.39879401,0
585,313552.120840908,4161657.46219886,0
586,313552.042928626,4161657.5249141,0
587,313551.964492561,4161657.5869625,0
588,313551.885585484,4161657.64839787,0
589,313551.806296751,4161657.70933511,0
590,313551.726719987,4161657.76989623,0
591,313551.646948817,4161657.83020323,0
592,313551.567076865,4161657.89037813,0
593,313551.487197353,4161657.9505424,0
594,313551.407372628,4161658.01077745,0
595,313551.327612878,4161658.07109697,0
596,313551.247923264,4161658.13150808,0
597,313551.168308946,4161658.19201795,0
598,313551.088775083,4161658.25263373,0
599,313551.009326052,4161658.31336134,0
600,313550.929963572,4161658.37420264,0
601,313550.850688796,4161658.43515857,0
602,313550.771502876,4161658.49623011,0
603,313550.692406967,4161658.55741822,0
604,313550.613402221,4161658.61872387,0
605,313550.534489793,4161658.68014801,0
606,313550.455670211,4161658.74169084,0
607,313550.376936629,4161658.80334339,0
608,313550.298277382,4161658.86509073,0
609,313550.219680723,4161658.9269178,0
610,313550.141134905,4161658.98880957,0
611,313550.062628179,4161659.05075098,0
612,313549.984148826,4161659.11272702,0
613,313549.905688951,4161659.17472759,0
614,313549.82724835,4161659.23675243,0
615,313549.748827739,4161659.29880246,0
616,313549.670427836,4161659.36087861,0
617,313549.592049357,4161659.4229818,0
618,313549.513693011,4161659.48511294,0
619,313549.435358295,4161659.54727141,0
620,313549.357042331,4161659.60945355,0
621,313549.278741964,4161659.67165538,0
622,313549.20045404,4161659.73387289,0
623,313549.122175404,4161659.7961021,0
624,313549.043902904,4161659.858339,0
625,313548.965633383,4161659.9205796,0
626,313548.887363688,4161659.98281989,0
627,313548.809090666,4161660.0450559,0
628,313548.73081116,4161660.10728361,0
629,313548.652522035,4161660.16949907,0
630,313548.574221221,4161660.23169968,0
631,313548.495908285,4161660.29388502,0
632,313548.417582934,4161660.35605484,0
633,313548.339244873,4161660.41820889,0
634,313548.26089381,4161660.48034692,0
635,313548.182529451,4161660.54246869,0
636,313548.104151524,4161660.60457397,0
637,313548.025765593,4161660.66666973,0
638,313547.947391102,4161660.72878006,0
639,313547.86904951,4161660.79093151,0
640,313547.790762276,4161660.85315065,0
641,313547.71255086,4161660.91546404,0
642,313547.634436722,4161660.97789825,0
643,313547.55644132,4161661.04047984,0
644,313547.478580968,4161661.10322902,0
645,313547.400839832,4161661.16612628,0
646,313547.323189691,4161661.22913682,0
647,313547.245602299,4161661.29222581,0
648,313547.168049409,4161661.35535842,0
649,313547.090502775,4161661.41849981,0
650,313547.012934185,4161661.48161519,0
651,313546.935318544,4161661.54467327,0
652,313546.857636368,4161661.60764908,0
653,313546.779868761,4161661.67051831,0
654,313546.701996823,4161661.73325665,0
655,313546.624001658,4161661.79583979,0
656,313546.545864368,4161661.85824341,0
657,313546.467566224,4161661.92044343,0
658,313546.389095663,4161661.98242491,0
659,313546.310450792,4161662.04418528,0
660,313546.231630403,4161662.10572286,0
661,313546.15263329,4161662.16703595,0
662,313546.073458243,4161662.22812286,0
663,313545.994104056,4161662.2889819,0
664,313545.914569519,4161662.34961139,0
665,313545.834853425,4161662.41000962,0
666,313545.754953861,4161662.47017372,0
667,313545.674858924,4161662.53008391,0
668,313545.5945493,4161662.58970786,0
669,313545.514005503,4161662.64901297,0
670,313545.433208046,4161662.70796664,0
671,313545.35213744,4161662.76653624,0
672,313545.270774198,4161662.82468918,0
673,313545.189098834,4161662.88239283,0
674,313545.107091859,4161662.9396146,0
675,313545.024733786,4161662.99632186,0
676,313544.94200564,4161663.0524828,0
677,313544.858912793,4161663.1081028,0
678,313544.775495093,4161663.16323994,0
679,313544.691795004,4161663.2179563,0
680,313544.607854988,4161663.27231396,0
681,313544.523717509,4161663.32637499,0
682,313544.439425029,4161663.38020148,0
683,313544.355020012,4161663.4338555,0
684,313544.270544919,4161663.48739914,0
685,313544.186041028,4161663.54089277,0
686,313544.101529976,4161663.59436875,0
687,313544.017017264,4161663.64783641,0
688,313543.932507915,4161663.70130441,0
689,313543.848006953,4161663.75478137,0
690,313543.763519402,4161663.80827596,0
691,313543.679050283,4161663.86179681,0
692,313543.594604622,4161663.91535258,0
693,313543.51018744,4161663.9689519,0
694,313543.425803762,4161664.02260343,0
695,313543.34145861,4161664.07631581,0
696,313543.257157008,4161664.13009769,0
697,313543.172903665,4161664.18395716,0
698,313543.088699603,4161664.2378958,0
699,313543.004543451,4161664.29191097,0
700,313542.920433795,4161664.34599994,0
701,313542.836369222,4161664.40016001,0
702,313542.752348319,4161664.45438845,0
703,313542.668369673,4161664.50868255,0
704,313542.584431872,4161664.56303959,0
705,313542.500533431,4161664.61745678,0
706,313542.416672219,4161664.6719307,0
707,313542.332845756,4161664.7264576,0
708,313542.249051559,4161664.7810337,0
709,313542.165287147,4161664.83565524,0
710,313542.081550034,4161664.89031847,0
711,313541.99783774,4161664.94501961,0
712,313541.91414778,4161664.99975489,0
713,313541.830477671,4161665.05452057,0
714,313541.746824906,4161665.10931282,0
715,313541.663186754,4161665.16412748,0
716,313541.579560367,4161665.21896017,0
717,313541.495942899,4161665.27380654,0
718,313541.412331502,4161665.3286622,0
719,313541.32872333,4161665.3835228,0
720,313541.245115534,4161665.43838396,0
721,313541.161505824,4161665.49324217,0
722,313541.077895117,4161665.54809882,0
723,313540.994285474,4161665.60295707,0
724,313540.910678955,4161665.65782006,0
725,313540.827077622,4161665.71269095,0
726,313540.743483532,4161665.76757287,0
727,313540.65989718,4161665.82246659,0
728,313540.576315314,4161665.87736715,0
729,313540.492734131,4161665.93226876,0
730,313540.409149827,4161665.98716561,0
731,313540.325558599,4161666.04205193,0
732,313540.241957641,4161666.09692341,0
733,313540.158347185,4161666.15178042,0
734,313540.074728038,4161666.20662419,0
735,313539.991101012,4161666.26145595,0
736,313539.907466915,4161666.31627692,0
737,313539.823826556,4161666.37108834,0
738,313539.740180744,4161666.42589143,0
739,313539.656529843,4161666.48068675,0
740,313539.572872974,4161666.53547296,0
741,313539.489209045,4161666.59024838,0
742,313539.405536963,4161666.64501135,0
743,313539.321855637,4161666.69976021,0
744,313539.238164305,4161666.75449377,0
745,313539.154464068,4161666.80921374,0
746,313539.070756673,4161666.86392276,0
747,313538.987043868,4161666.91862351,0
748,313538.903327401,4161666.97331865,0
749,313538.81960902,4161667.02801085,0
750,313538.735890474,4161667.08270276,0
751,313538.652173509,4161667.13739707,0
752,313538.568459874,4161667.19209642,0
753,313538.484751317,4161667.24680349,0
754,313538.401048954,4161667.30151999,0
755,313538.317351219,4161667.35624354,0
756,313538.233655837,4161667.41097069,0
757,313538.149960531,4161667.465698,0
758,313538.066263025,4161667.520422,0
759,313537.982561043,4161667.57513926,0
760,313537.898852309,4161667.62984631,0
761,313537.815134548,4161667.68453972,0
762,313537.731405485,4161667.73921604,0
763,313537.647667106,4161667.79387827,0
764,313537.563934021,4161667.84854856,0
765,313537.480223168,4161667.90325261,0
766,313537.396551488,4161667.95801608,0
767,313537.312935918,4161668.01286466,0
768,313537.229392883,4161668.06782326,0
769,313537.145927789,4161668.12290002,0
770,313537.062535471,4161668.17808707,0
771,313536.97921034,4161668.23337586,0
772,313536.895946808,4161668.28875785,0
773,313536.812739284,4161668.3442245,0
774,313536.729582181,4161668.39976727,0
775,313536.646469909,4161668.45537763,0
776,313536.563396879,4161668.51104703,0
777,313536.480357501,4161668.56676694,0
778,313536.397346187,4161668.62252882,0
779,313536.314357347,4161668.67832412,0
780,313536.231385392,4161668.73414431,0
781,313536.148424733,4161668.78998085,0
782,313536.065466991,4161668.84582107,0
783,313535.982484365,4161668.9016236,0
784,313535.899440795,4161668.95733487,0
785,313535.816300193,4161669.01290123,0
786,313535.73302647,4161669.06826908,0
787,313535.649586512,4161669.12338895,0
788,313535.565969419,4161669.17824261,0
789,313535.482174333,4161669.23282593,0
790,313535.398200447,4161669.28713484,0
791,313535.314046954,4161669.34116528,0
792,313535.229713045,4161669.39491319,0
793,313535.145197912,4161669.4483745,0
794,313535.060500749,4161669.50154516,0
795,313534.975620746,4161669.55442109,0
796,313534.890557374,4161669.60699872,0
797,313534.805318436,4161669.65928919,0
798,313534.719921342,4161669.71132062,0
799,313534.634384033,4161669.76312204,0
800,313534.548724448,4161669.81472249,0
801,313534.462960531,4161669.86615102,0
802,313534.377110221,4161669.91743668,0
803,313534.29119146,4161669.96860849,0
804,313534.205222188,4161670.01969552,0
805,313534.119220291,4161670.0707267,0
806,313534.033198286,4161670.12172243,0
807,313533.94715899,4161670.17268757,0
808,313533.861104196,4161670.22362538,0
809,313533.775035701,4161670.2745391,0
810,313533.688955299,4161670.32543199,0
811,313533.602864784,4161670.3763073,0
812,313533.516765953,4161670.42716826,0
813,313533.4306606,4161670.47801814,0
814,313533.34455052,4161670.52886017,0
815,313533.258437529,4161670.57969764,0
816,313533.172324108,4161670.63053482,0
817,313533.086213514,4161670.68137715,0
818,313533.000109053,4161670.73223013,0
819,313532.914014028,4161670.78309927,0
820,313532.827931743,4161670.83399007,0
821,313532.741865503,4161670.88490805,0
822,313532.655818611,4161670.93585869,0
823,313532.569794372,4161670.98684751,0
824,313532.483796089,4161671.03788002,0
825,313532.397826887,4161671.08896141,0
826,313532.311887113,4161671.14009224,0
827,313532.225974924,4161671.19126939,0
828,313532.140088418,4161671.24248964,0
829,313532.054225692,4161671.29374978,0
830,313531.968384844,4161671.34504659,0
831,313531.882563972,4161671.39637686,0
832,313531.796761173,4161671.44773737,0
833,313531.710974546,4161671.4991249,0
834,313531.625202187,4161671.55053623,0
835,313531.539442219,4161671.6019682,0
836,313531.453693463,4161671.65341881,0
837,313531.367955541,4161671.70488742,0
838,313531.282228116,4161671.75637349,0
839,313531.196510853,4161671.80787644,0
840,313531.110803416,4161671.85939573,0
841,313531.025105469,4161671.91093078,0
842,313530.939416677,4161671.96248104,0
843,313530.853736703,4161672.01404595,0
844,313530.768065212,4161672.06562495,0
845,313530.682401868,4161672.11721748,0
846,313530.596746321,4161672.16882296,0
847,313530.511098116,4161672.22044063,0
848,313530.42545675,4161672.27206964,0
849,313530.33982172,4161672.32370918,0
850,313530.254192525,4161672.37535839,0
851,313530.168568661,4161672.42701646,0
852,313530.082949626,4161672.47868253,0
853,313529.997334916,4161672.53035577,0
854,313529.91172403,4161672.58203535,0
855,313529.826116465,4161672.63372043,0
856,313529.740511717,4161672.68541017,0
857,313529.654909338,4161672.73710383,0
858,313529.569309071,4161672.78880098,0
859,313529.483710706,4161672.84050128,0
860,313529.39811403,4161672.89220437,0
861,313529.312518832,4161672.94390991,0
862,313529.226924902,4161672.99561754,0
863,313529.141332027,4161673.04732692,0
864,313529.055739997,4161673.09903769,0
865,313528.9701486,4161673.15074951,0
866,313528.884557624,4161673.20246202,0
867,313528.798966859,4161673.25417489,0
868,313528.713376093,4161673.30588775,0
869,313528.627785114,4161673.35760026,0
870,313528.542193712,4161673.40931207,0
871,313528.456601674,4161673.46102283,0
872,313528.37100879,4161673.51273219,0
873,313528.285414804,4161673.56443973,0
874,313528.199819377,4161673.61614489,0
875,313528.114222161,4161673.66784708,0
876,313528.028622807,4161673.71954573,0
877,313527.943020966,4161673.77124027,0
878,313527.857416293,4161673.82293011,0
879,313527.771808596,4161673.87461495,0
880,313527.686197923,4161673.92629485,0
881,313527.600584341,4161673.97796994,0
882,313527.514967917,4161674.02964032,0
883,313527.429348718,4161674.0813061,0
884,313527.34372681,4161674.1329674,0
885,313527.258102262,4161674.18462432,0
886,313527.17247514,4161674.23627697,0
887,313527.086845512,4161674.28792546,0
888,313527.001213444,4161674.33956991,0
889,313526.915579004,4161674.39121043,0
890,313526.829942256,4161674.44284712,0
891,313526.744303268,4161674.49448009,0
892,313526.658662105,4161674.54610945,0
893,313526.573018831,4161674.59773532,0
894,313526.487373513,4161674.64935779,0
895,313526.401726217,4161674.70097698,0
896,313526.316077007,4161674.752593,0
897,313526.23042595,4161674.80420594,0
898,313526.144773111,4161674.85581594,0
899,313526.059118556,4161674.90742308,0
900,313525.973462393,4161674.95902755,0
901,313525.8878048,4161675.01062965,0
902,313525.802145966,4161675.06222969,0
903,313525.716486077,4161675.11382798,0
904,313525.630825321,4161675.16542483,0
905,313525.545163883,4161675.21702055,0
906,313525.459501855,4161675.26861529,0
907,313525.373839158,4161675.32020892,0
908,313525.2881757,4161675.37180128,0
909,313525.202511389,4161675.42339223,0
910,313525.116846133,4161675.47498161,0
911,313525.031179838,4161675.52656926,0
912,313524.945512412,4161675.57815503,0
913,313524.859843763,4161675.62973878,0
914,313524.774173798,4161675.68132033,0
915,313524.688502473,4161675.73289963,0
916,313524.602830073,4161675.78447715,0
917,313524.51715702,4161675.83605358,0
918,313524.431483739,4161675.88762963,0
919,313524.345810651,4161675.93920599,0
920,313524.260138179,4161675.99078339,0
921,313524.17446671,4161676.04236245,0
922,313524.088796261,4161676.0939432,0
923,313524.00312664,4161676.14552533,0
924,313523.917457655,4161676.19710852,0
925,313523.83178911,4161676.24869243,0
926,313523.746120813,4161676.30027676,0
927,313523.66045257,4161676.35186118,0
928,313523.574784191,4161676.40344537,0
929,313523.489115626,4161676.45502925,0
930,313523.403446993,4161676.50661302,0
931,313523.317778419,4161676.55819689,0
932,313523.232110031,4161676.60978107,0
933,313523.146441957,4161676.66136577,0
934,313523.060774321,4161676.71295119,0
935,313522.975107202,4161676.76453748,0
936,313522.889440621,4161676.81612466,0
937,313522.803774599,4161676.86771276,0
938,313522.718109153,4161676.91930182,0
939,313522.632444305,4161676.97089188,0
940,313522.546780073,4161677.02248296,0
941,313522.461116451,4161677.07407505,0
942,313522.375453375,4161677.12566805,0
943,313522.289790775,4161677.17726183,0
944,313522.20412858,4161677.22885629,0
945,313522.118466721,4161677.28045131,0
946,313522.032805126,4161677.33204677,0
947,313521.947143726,4161677.38364255,0
948,313521.86148245,4161677.43523854,0
949,313521.775821227,4161677.48683461,0
950,313521.690159987,4161677.53843066,0
951,313521.604498652,4161677.59002654,0
952,313521.518837057,4161677.641622,0
953,313521.433174964,4161677.69321663,0
954,313521.347512138,4161677.74481004,0
955,313521.261848342,4161677.79640185,0
956,313521.17618334,4161677.84799164,0
957,313521.090516967,4161677.89957917,0
958,313521.00484971,4161677.95116523,0
959,313520.919182393,4161678.00275118,0
960,313520.833515843,4161678.05433841,0
961,313520.747850888,4161678.10592829,0
962,313520.662188356,4161678.15752219,0
963,313520.576529068,4161678.20912147,0
964,313520.490873373,4161678.26072672,0
965,313520.405220916,4161678.31233734,0
966,313520.319571278,4161678.36395264,0
967,313520.233924042,4161678.41557193,0
968,313520.14827879,4161678.46719451,0
969,313520.062635106,4161678.5188197,0
970,313519.976992571,4161678.57044679,0
971,313519.891350768,4161678.62207509,0
972,313519.805709281,4161678.67370392,0
973,313519.720067691,4161678.72533258,0
974,313519.63442558,4161678.77696038,0
975,313519.548782534,4161678.82858662,0
976,313519.463138306,4161678.8802109,0
977,313519.377493033,4161678.93183344,0
978,313519.291846904,4161678.98345457,0
979,313519.206200107,4161679.03507459,0
980,313519.120552832,4161679.08669381,0
981,313519.034905254,4161679.13831253,0
982,313518.949257376,4161679.18993076,0
983,313518.863609082,4161679.24154829,0
984,313518.777960253,4161679.29316493,0
985,313518.692310768,4161679.34478049,0
986,313518.60666051,4161679.39639477,0
987,313518.521009357,4161679.44800756,0
988,313518.435357191,4161679.49961867,0
989,313518.349703893,4161679.5512279,0
990,313518.264049343,4161679.60283505,0
991,313518.178393422,4161679.65443992,0
992,313518.092736051,4161679.70604239,0
993,313518.007077352,4161679.75764265,0
994,313517.921417511,4161679.80924102,0
995,313517.835756712,4161679.8608378,0
996,313517.75009514,4161679.91243329,0
997,313517.664432979,4161679.96402781,0
998,313517.578770415,4161680.01562166,0
999,313517.493107577,4161680.06721505,0
1000,313517.407444398,4161680.11880788,0
1001,313517.321780769,4161680.17039996,0
1002,313517.23611658,4161680.22199111,0
1003,313517.15045172,4161680.27358115,0
1004,313517.064786079,4161680.32516988,0
1005,313516.979119547,4161680.37675714,0
1006,313516.893452016,4161680.42834274,0
1007,313516.807783456,4161680.47992663,0
1008,313516.722113953,4161680.53150896,0
1009,313516.636443604,4161680.58308988,0
1010,313516.550772503,4161680.63466955,0
1011,313516.465100746,4161680.68624813,0
1012,313516.379428429,4161680.73782578,0
1013,313516.293755647,4161680.78940266,0
1014,313516.208082495,4161680.84097893,0
1015,313516.12240907,4161680.89255474,0
1016,313516.036735467,4161680.94413025,0
1017,313515.951061782,4161680.99570563,0
1018,313515.865388096,4161681.04728101,0
1019,313515.779714269,4161681.09885615,0
1020,313515.694039965,4161681.15043051,0
1021,313515.608364844,4161681.2020035,0
1022,313515.522688562,4161681.25357456,0
1023,313515.43701078,4161681.30514313,0
1024,313515.351331156,4161681.35670865,0
1025,313515.265649479,4161681.40827075,0
1026,313515.179965922,4161681.45982972,0
1027,313515.09428073,4161681.51138598,0
1028,313515.008594147,4161681.56293993,0
1029,313514.922906416,4161681.61449197,0
1030,313514.837217783,4161681.66604251,0
1031,313514.75152849,4161681.71759195,0
1032,313514.665838783,4161681.76914071,0
1033,313514.580148905,4161681.82068918,0
1034,313514.4944591,4161681.87223777,0
1035,313514.408769613,4161681.92378689,0
1036,313514.323080656,4161681.97533689,0
1037,313514.237392186,4161682.02688771,0
1038,313514.151704042,4161682.07843906,0
1039,313514.06601606,4161682.12999068,0
1040,313513.980328079,4161682.1815423,0
1041,313513.894639934,4161682.23309365,0
1042,313513.808951463,4161682.28464446,0
1043,313513.723262538,4161682.33619452,0
1044,313513.637573225,4161682.38774393,0
1045,313513.551883656,4161682.43929291,0
1046,313513.466193965,4161682.49084169,0
1047,313513.380504283,4161682.54239049,0
1048,313513.294814743,4161682.59393952,0
1049,313513.209125478,4161682.64548901,0
1050,313513.123436612,4161682.69703916,0
1051,313513.037748175,4161682.74859003,0
1052,313512.952060142,4161682.80014157,0
1053,313512.86637249,4161682.85169374,0
1054,313512.780685192,4161682.9032465,0
1055,313512.694998225,4161682.95479981,0
1056,313512.609311631,4161683.00635374,0
1057,313512.523625571,4161683.05790855,0
1058,313512.437940213,4161683.10946454,0
1059,313512.352255731,4161683.16102197,0
1060,313512.266572293,4161683.21258115,0
1061,313512.18089001,4161683.26414224,0
1062,313512.09520877,4161683.31570507,0
1063,313512.009528407,4161683.36726935,0
1064,313511.923848756,4161683.41883482,0
1065,313511.838169652,4161683.4704012,0
1066,313511.752490931,4161683.52196821,0
1067,313511.666812426,4161683.57353558,0
1068,313511.581134,4161683.62510308,0
1069,313511.495455683,4161683.67667077,0
1070,313511.409777564,4161683.72823878,0
1071,313511.324099736,4161683.77980728,0
1072,313511.238422289,4161683.83137641,0
1073,313511.152745316,4161683.88294632,0
1074,313511.067068908,4161683.93451718,0
1075,313510.981393156,4161683.98608912,0
1076,313510.895718147,4161684.0376623,0
1077,313510.810043911,4161684.08923677,0
1078,313510.724370432,4161684.14081249,0
1079,313510.638697692,4161684.19238943,0
1080,313510.553025674,4161684.24396758,0
1081,313510.467354361,4161684.2955469,0
1082,313510.381683735,4161684.34712736,0
1083,313510.296013781,4161684.39870894,0
1084,313510.210344479,4161684.4502916,0
1085,313510.124675815,4161684.50187532,0
1086,313510.039007769,4161684.55346006,0
1087,313509.953340325,4161684.60504581,0
1088,313509.867673465,4161684.65663252,0
1089,313509.782007149,4161684.70822014,0
1090,313509.696341244,4161684.75980844,0
1091,313509.610675596,4161684.81139717,0
1092,313509.525010054,4161684.86298607,0
1093,313509.439344463,4161684.91457489,0
1094,313509.353678671,4161684.96616338,0
1095,313509.268012526,4161685.01775128,0
1096,313509.182345886,4161685.06933836,0
1097,313509.096678636,4161685.12092443,0
1098,313509.011010664,4161685.1725093,0
1099,313508.925341857,4161685.22409278,0
1100,313508.839672101,4161685.27567468,0
1101,313508.754001286,4161685.32725483,0
1102,313508.668329353,4161685.37883312,0
1103,313508.582656502,4161685.43040988,0
1104,313508.496983002,4161685.48198557,0
1105,313508.411309126,4161685.53356063,0
1106,313508.325635143,4161685.58513551,0
1107,313508.239961324,4161685.63671067,0
1108,313508.15428794,4161685.68828655,0
1109,313508.068615255,4161685.73986359,0
1110,313507.982943358,4161685.79144193,0
1111,313507.897272147,4161685.84302142,0
1112,313507.811601511,4161685.89460187,0
1113,313507.72593134,4161685.94618308,0
1114,313507.640261524,4161685.99776489,0
1115,313507.554591963,4161686.04934712,0
1116,313507.468922682,4161686.10092981,0
1117,313507.383253772,4161686.15251312,0
1118,313507.297585327,4161686.2040972,0
1119,313507.211917442,4161686.25568222,0
1120,313507.126250209,4161686.30726831,0
1121,313507.040583723,4161686.35885565,0
1122,313506.954918077,4161686.41044438,0
1123,313506.869253365,4161686.46203466,0
1124,313506.783589681,4161686.51362665,0
1125,313506.697927117,4161686.5652205,0
1126,313506.612265769,4161686.61681636,0
1127,313506.526605729,4161686.6684144,0
1128,313506.440947091,4161686.72001477,0
1129,313506.355289933,4161686.77161759,0
1130,313506.269633886,4161686.82322226,0
1131,313506.183978083,4161686.87482733,0
1132,313506.09832163,4161686.92643133,0
1133,313506.012663632,4161686.97803275,0
1134,313505.927003196,4161687.02963013,0
1135,313505.841339575,4161687.08122223,0
1136,313505.755673067,4161687.13280952,0
1137,313505.67000442,4161687.18439327,0
1138,313505.584334385,4161687.23597471,0
1139,313505.498663712,4161687.28755509,0
1140,313505.412993151,4161687.33913566,0
1141,313505.327323454,4161687.39071767,0
1142,313505.241655347,4161687.44230231,0
1143,313505.155988947,4161687.49388979,0
1144,313505.070323708,4161687.5454792,0
1145,313504.984659047,4161687.59706956,0
1146,313504.898994383,4161687.64865992,0
1147,313504.813329137,4161687.70024932,0
1148,313504.727662725,4161687.75183677,0
1149,313504.641994602,4161687.80342139,0
1150,313504.556324617,4161687.85500291,0
1151,313504.470652888,4161687.90658154,0
1152,313504.384979534,4161687.95815747,0
1153,313504.299304674,4161688.00973089,0
1154,313504.213628428,4161688.06130202,0
1155,313504.127950917,4161688.11287104,0
1156,313504.04227226,4161688.16443816,0
1157,313503.956592577,4161688.21600358,0
1158,313503.870911987,4161688.26756749,0
1159,313503.785230612,4161688.31913009,0
1160,313503.69954857,4161688.37069159,0
1161,313503.613865981,4161688.42225218,0
1162,313503.528182871,4161688.4738119,0
1163,313503.442498967,4161688.5253703,0
1164,313503.356813941,4161688.57692684,0
1165,313503.271127463,4161688.62848097,0
1166,313503.185439204,4161688.68003213,0
1167,313503.099748836,4161688.73157978,0
1168,313503.014056029,4161688.78312338,0
1169,313502.928360454,4161688.83466238,0
1170,313502.842661783,4161688.88619623,0
1171,313502.75695981,4161688.93772459,0
1172,313502.671255029,4161688.98924828,0
1173,313502.585548179,4161689.04076852,0
1174,313502.499839998,4161689.09228656,0
1175,313502.414131226,4161689.14380361,0
1176,313502.328422603,4161689.1953209,0
1177,313502.242714866,4161689.24683968,0
1178,313502.157008539,4161689.2983608,0
1179,313502.071303264,4161689.34988366,0
1180,313501.985598458,4161689.40140731,0
1181,313501.899893541,4161689.45293077,0
1182,313501.81418793,4161689.50445308,0
1183,313501.728481045,4161689.55597327,0
1184,313501.642772312,4161689.60749038,0
1185,313501.557061572,4161689.65900416,0
1186,313501.471349244,4161689.71051529,0
1187,313501.385635789,4161689.76202455,0
1188,313501.299921665,4161689.8135327,0
1189,313501.214207336,4161689.8650405,0
1190,313501.12849326,4161689.91654872,0
1191,313501.042779875,4161689.9680581,0
1192,313500.957067296,4161690.01956881,0
1193,313500.87135541,4161690.07108068,0
1194,313500.785644099,4161690.12259351,0
1195,313500.699933245,4161690.17410709,0
1196,313500.614222729,4161690.22562124,0
1197,313500.528512435,4161690.27713576,0
1198,313500.442802243,4161690.32865045,0
1199,313500.357092037,4161690.38016511,0
1200,313500.271381697,4161690.43167955,0
1201,313500.185671107,4161690.48319358,0
1202,313500.099960148,4161690.53470699,0
1203,313500.014248702,4161690.58621959,0
1204,313499.928536721,4161690.6377313,0
1205,313499.842824352,4161690.68924236,0
1206,313499.757111778,4161690.74075309,0
1207,313499.671399181,4161690.79226377,0
1208,313499.585686742,4161690.84377472,0
1209,313499.499974644,4161690.89528624,0
1210,313499.414263069,4161690.94679862,0
1211,313499.328552199,4161690.99831218,0
1212,313499.242842217,4161691.04982722,0
1213,313499.157133303,4161691.10134403,0
1214,313499.071425633,4161691.15286291,0
1215,313498.985719292,4161691.20438401,0
1216,313498.900014318,4161691.25590738,0
1217,313498.814310749,4161691.30743308,0
1218,313498.728608622,4161691.35896118,0
1219,313498.642907973,4161691.41049175,0
1220,313498.557208839,4161691.46202483,0
1221,313498.471511224,4161691.51356043,0
1222,313498.385815065,4161691.56509846,0
1223,313498.300120296,4161691.6166388,0
1224,313498.214426848,4161691.66818134,0
1225,313498.128734653,4161691.71972596,0
1226,313498.043043679,4161691.77127261,0
1227,313497.957354013,4161691.82282143,0
1228,313497.871665763,4161691.87437261,0
1229,313497.78597904,4161691.92592632,0
1230,313497.700293952,4161691.97748276,0
1231,313497.614610611,4161692.02904209,0
1232,313497.528929124,4161692.08060451,0
1233,313497.443249594,4161692.13217018,0
1234,313497.357571987,4161692.18373904,0
1235,313497.271896157,4161692.23531085,0
1236,313497.186221955,4161692.28688537,0
1237,313497.100549234,4161692.33846235,0
1238,313497.014877845,4161692.39004155,0
1239,313496.929207638,4161692.4416227,0
1240,313496.843538487,4161692.49320561,0
1241,313496.757870356,4161692.54479022,0
1242,313496.672203232,4161692.5963765,0
1243,313496.586537105,4161692.64796443,0
1244,313496.500871961,4161692.69955399,0
1245,313496.41520779,4161692.75114517,0
1246,313496.329544579,4161692.80273795,0
1247,313496.243882316,4161692.85433229,0
1248,313496.158220991,4161692.9059282,0
1249,313496.07256059,4161692.95752564,0
1250,313495.986901102,4161693.00912459,0
1251,313495.901242515,4161693.06072504,0
1252,313495.815584817,4161693.11232697,0
1253,313495.729927952,4161693.16393028,0
1254,313495.644271787,4161693.21553475,0
1255,313495.558616184,4161693.26714015,0
1256,313495.472961001,4161693.31874625,0
1257,313495.3873061,4161693.37035282,0
1258,313495.301651341,4161693.42195963,0
1259,313495.215996584,4161693.47356643,0
1260,313495.130341693,4161693.52517302,0
1261,313495.044686681,4161693.57677941,0
1262,313494.95903177,4161693.62838596,0
1263,313494.873377193,4161693.67999306,0
1264,313494.787723186,4161693.73160112,0
1265,313494.702069985,4161693.78321051,0
1266,313494.616417824,4161693.83482162,0
1267,313494.53076693,4161693.88643484,0
1268,313494.445117343,4161693.93805023,0
1269,313494.359468924,4161693.98966755,0
1270,313494.273821531,4161694.04128658,0
1271,313494.188175018,4161694.09290707,0
1272,313494.102529241,4161694.14452878,0
1273,313494.016884055,4161694.19615147,0
1274,313493.931239315,4161694.2477749,0
1275,313493.845594879,4161694.29939883,0
1276,313493.7599506,4161694.35102303,0
1277,313493.674306334,4161694.40264725,0
1278,313493.588661938,4161694.45427125,0
1279,313493.503017265,4161694.50589479,0
1280,313493.417372173,4161694.55751763,0
1281,313493.331726576,4161694.60913964,0
1282,313493.246080567,4161694.66076097,0
1283,313493.160434272,4161694.71238182,0
1284,313493.074787816,4161694.7640024,0
1285,313492.989141327,4161694.81562293,0
1286,313492.90349493,4161694.86724361,0
1287,313492.817848751,4161694.91886465,0
1288,313492.732202872,4161694.97048619,0
1289,313492.646557111,4161695.02210793,0
1290,313492.560911185,4161695.07372939,0
1291,313492.475264811,4161695.12535011,0
1292,313492.389617706,4161695.17696962,0
1293,313492.303969588,4161695.22858744,0
1294,313492.218320173,4161695.28020311,0
1295,313492.13266929,4161695.33181635,0
1296,313492.04701711,4161695.38342743,0
1297,313491.961363868,4161695.43503676,0
1298,313491.875709801,4161695.48664471,0
1299,313491.790055147,4161695.53825169,0
1300,313491.704400141,4161695.58985808,0
1301,313491.618745005,4161695.64146426,0
1302,313491.5330897,4161695.69307016,0
1303,313491.44743396,4161695.74467534,0
1304,313491.361777513,4161695.79627934,0
1305,313491.276120084,4161695.84788171,0
1306,313491.1904614,4161695.899482,0
1307,313491.104801205,4161695.95107978,0
1308,313491.019139511,4161696.00267507,0
1309,313490.933476554,4161696.05426827,0
1310,313490.847812574,4161696.10585977,0
1311,313490.762147812,4161696.15744996,0
1312,313490.676482509,4161696.20903927,0
1313,313490.590816907,4161696.26062807,0
1314,313490.505151246,4161696.31221677,0
1315,313490.419485721,4161696.3638057,0
1316,313490.333820273,4161696.41539477,0
1317,313490.248154767,4161696.46698373,0
1318,313490.162489064,4161696.51857236,0
1319,313490.076823027,4161696.57016044,0
1320,313489.991156516,4161696.62174774,0
1321,313489.905489397,4161696.67333402,0
1322,313489.819821599,4161696.72491918,0
1323,313489.734153125,4161696.77650321,0
1324,313489.648483983,4161696.82808614,0
1325,313489.56281418,4161696.87966796,0
1326,313489.477143722,4161696.9312487,0
1327,313489.391472616,4161696.98282837,0
1328,313489.30580087,4161697.03440697,0
1329,313489.220128491,4161697.08598452,0
1330,313489.134455485,4161697.13756102,0
1331,313489.048781859,4161697.1891365,0
1332,313488.963107621,4161697.24071096,0
1333,313488.877432778,4161697.29228442,0
1334,313488.791757336,4161697.34385688,0
1335,313488.706081308,4161697.39542836,0
1336,313488.620404768,4161697.446999,0
1337,313488.534727838,4161697.49856899,0
1338,313488.449050637,4161697.55013853,0
1339,313488.363373286,4161697.60170781,0
1340,313488.277695906,4161697.65327705,0
1341,313488.192018616,4161697.70484644,0
1342,313488.106341534,4161697.75641618,0
1343,313488.020664683,4161697.8079863,0
1344,313487.934987968,4161697.85955664,0
1345,313487.849311287,4161697.91112705,0
1346,313487.763634539,4161697.96269734,0
1347,313487.677957623,4161698.01426735,0
1348,313487.592280443,4161698.06583692,0
1349,313487.506602999,4161698.11740605,0
1350,313487.420925366,4161698.16897487,0
1351,313487.335247619,4161698.2205435,0
1352,313487.249569834,4161698.27211207,0
1353,313487.163892088,4161698.3236807,0
1354,313487.078214456,4161698.37524953,0
1355,313486.992537015,4161698.42681866,0
1356,313486.906859827,4161698.47838822,0
1357,313486.821182892,4161698.5299582,0
1358,313486.735506192,4161698.58152857,0
1359,313486.64982971,4161698.63309931,0
1360,313486.564153426,4161698.68467037,0
1361,313486.478477323,4161698.73624173,0
1362,313486.392801383,4161698.78781336,0
1363,313486.307125586,4161698.83938523,0
1364,313486.221449887,4161698.89095727,0
1365,313486.135774214,4161698.94252934,0
1366,313486.050098491,4161698.99410134,0
1367,313485.964422644,4161699.04567312,0
1368,313485.878746598,4161699.09724458,0
1369,313485.793070278,4161699.14881558,0
1370,313485.70739361,4161699.20038601,0
1371,313485.621716519,4161699.25195573,0
1372,313485.536038929,4161699.30352462,0
1373,313485.450360767,4161699.35509256,0
1374,313485.364681957,4161699.40665942,0
1375,313485.279002426,4161699.45822509,0
1376,313485.193322221,4161699.50978964,0
1377,313485.107641627,4161699.56135354,0
1378,313485.02196096,4161699.61291732,0
1379,313484.936280537,4161699.6644815,0
1380,313484.850600673,4161699.71604661,0
1381,313484.764921684,4161699.76761318,0
1382,313484.679243855,4161699.81918167,0
1383,313484.593567145,4161699.87075203,0
1384,313484.507891311,4161699.92232384,0
1385,313484.422216104,4161699.97389669,0
1386,313484.336541278,4161700.02547017,0
1387,313484.250866585,4161700.07704387,0
1388,313484.165191778,4161700.12861739,0
1389,313484.079516611,4161700.18019031,0
1390,313483.993840851,4161700.23176224,0
1391,313483.908164442,4161700.28333309,0
1392,313483.822487433,4161700.33490295,0
1393,313483.736809873,4161700.38647189,0
1394,313483.651131812,4161700.43804,0
1395,313483.565453301,4161700.48960736,0
1396,313483.479774389,4161700.54117406,0
1397,313483.394095128,4161700.59274017,0
1398,313483.308415566,4161700.64430579,0
1399,313483.222735761,4161700.695871,0
1400,313483.137055786,4161700.74743593,0
1401,313483.051375711,4161700.79900069,0
1402,313482.965695609,4161700.85056541,0
1403,313482.880015551,4161700.9021302,0
1404,313482.79433561,4161700.95369519,0
1405,313482.708655858,4161701.00526048,0
1406,313482.622976365,4161701.05682622,0
1407,313482.537297205,4161701.1083925,0
1408,313482.45161845,4161701.15995945,0
1409,313482.36594017,4161701.2115272,0
1410,313482.280262439,4161701.26309585,0
1411,313482.194585328,4161701.31466554,0
1412,313482.108908908,4161701.36623638,0
1413,313482.023233184,4161701.41780837,0
1414,313481.93755802,4161701.46938129,0
1415,313481.85188327,4161701.5209549,0
1416,313481.766208784,4161701.57252895,0
1417,313481.680534414,4161701.62410319,0
1418,313481.59486001,4161701.67567737,0
1419,313481.509185424,4161701.72725125,0
1420,313481.42351051,4161701.77882459,0
1421,313481.337835269,4161701.83039739,0
1422,313481.252159904,4161701.88196998,0
1423,313481.166484635,4161701.93354272,0
1424,313481.080809682,4161701.985116,0
1425,313480.995135264,4161702.03669016,0
1426,313480.909461601,4161702.08826557,0
1427,313480.823788912,4161702.13984261,0
1428,313480.738117329,4161702.19142147,0
1429,313480.65244663,4161702.24300181,0
1430,313480.566776508,4161702.29458311,0
1431,313480.481106654,4161702.34616485,0
1432,313480.39543676,4161702.39774653,0
1433,313480.309766519,4161702.44932763,0
1434,313480.224095652,4161702.50090769,0
1435,313480.138424164,4161702.55248672,0
1436,313480.052752224,4161702.60406499,0
1437,313479.967080001,4161702.6556428,0
1438,313479.881407664,4161702.70722042,0
1439,313479.795735384,4161702.75879813,0
1440,313479.71006333,4161702.81037622,0
1441,313479.624391671,4161702.86195496,0
1442,313479.538720572,4161702.91353464,0
1443,313479.453050076,4161702.96511531,0
1444,313479.367380108,4161703.01669687,0
1445,313479.28171059,4161703.06827917,0
1446,313479.196041443,4161703.11986208,0
1447,313479.110372588,4161703.17144548,0
1448,313479.024703945,4161703.22302924,0
1449,313478.939035436,4161703.27461321,0
1450,313478.853366981,4161703.32619728,0
1451,313478.767698501,4161703.3777813,0
1452,313478.682029918,4161703.42936516,0
1453,313478.596361152,4161703.4809487,0
1454,313478.510692123,4161703.53253182,0
1455,313478.425022754,4161703.58411436,0
1456,313478.339352964,4161703.63569621,0
1457,313478.25368268,4161703.68727724,0
1458,313478.168011979,4161703.73885758,0
1459,313478.082341134,4161703.79043767,0
1460,313477.996670428,4161703.842018,0
1461,313477.911000146,4161703.89359903,0
1462,313477.825330572,4161703.94518124,0
1463,313477.739661931,4161703.99676499,0
1464,313477.653994122,4161704.04835013,0
1465,313477.568326938,4161704.09993631,0
1466,313477.482660167,4161704.15152317,0
1467,313477.396993601,4161704.20311037,0
1468,313477.311327028,4161704.25469756,0
1469,313477.225660241,4161704.3062844,0
1470,313477.139993069,4161704.3578706,0
1471,313477.054325516,4161704.40945616,0
1472,313476.968657626,4161704.46104116,0
1473,313476.882989447,4161704.51262569,0
1474,313476.797321024,4161704.56420981,0
1475,313476.711652403,4161704.6157936,0
1476,313476.62598363,4161704.66737713,0
1477,313476.540314752,4161704.7189605,0
1478,313476.454645812,4161704.77054376,0
1479,313476.368976859,4161704.822127,0
1480,313476.283307903,4161704.87371023,0
1481,313476.197638754,4161704.92529314,0
1482,313476.111969142,4161704.97687529,0
1483,313476.026298799,4161705.02845622,0
1484,313475.940627457,4161705.08003549,0
1485,313475.854954849,4161705.13161265,0
1486,313475.769280751,4161705.18318735,0
1487,313475.683605284,4161705.23475977,0
1488,313475.597928719,4161705.28633036,0
1489,313475.51225133,4161705.33789958,0
1490,313475.426573388,4161705.38946789,0
1491,313475.340895167,4161705.44103573,0
1492,313475.255216939,4161705.49260357,0
1493,313475.169538978,4161705.54417184,0
1494,313475.083861554,4161705.59574101,0
1495,313474.998184831,4161705.64731134,0
1496,313474.912508809,4161705.69888284,0
1497,313474.826833472,4161705.75045547,0
1498,313474.741158808,4161705.80202923,0
1499,313474.655484802,4161705.85360407,0
1500,313474.569811439,4161705.90517999,0
1501,313474.484138705,4161705.95675694,0
1502,313474.398466584,4161706.00833492,0
1503,313474.312795039,4161706.05991385,0
1504,313474.227124011,4161706.11149365,0
1505,313474.141453442,4161706.1630742,0
1506,313474.055783273,4161706.21465542,0
1507,313473.970113446,4161706.26623721,0
1508,313473.884443902,4161706.31781946,0
1509,313473.798774583,4161706.36940209,0
1510,313473.71310543,4161706.420985,0
1511,313473.627436385,4161706.47256809,0
1512,313473.541767389,4161706.52415125,0
1513,313473.456098384,4161706.57573441,0
1514,313473.37042931,4161706.62731744,0
1515,313473.284760117,4161706.67890028,0
1516,313473.199090777,4161706.73048288,0
1517,313473.113421266,4161706.78206519,0
1518,313473.027751561,4161706.83364718,0
1519,313472.942081639,4161706.88522881,0
1520,313472.856411477,4161706.93681004,0
1521,313472.770741052,4161706.98839083,0
1522,313472.68507034,4161707.03997115,0
1523,313472.599399318,4161707.09155095,0
1524,313472.513727963,4161707.1431302,0
1525,313472.428056247,4161707.19470885,0
1526,313472.342383972,4161707.24628658,0
1527,313472.256710756,4161707.29786273,0
1528,313472.171036207,4161707.34943668,0
1529,313472.08535993,4161707.40100775,0
1530,313471.999681535,4161707.4525753,0
1531,313471.914000629,4161707.50413868,0
1532,313471.828317046,4161707.55569761,0
1533,313471.742631037,4161707.60725251,0
1534,313471.656942902,4161707.65880388,0
1535,313471.571252941,4161707.71035221,0
1536,313471.485561454,4161707.76189801,0
1537,313471.39986874,4161707.81344176,0
1538,313471.314175099,4161707.86498398,0
1539,313471.228480831,4161707.91652515,0
1540,313471.142786234,4161707.96806578,0
1541,313471.057091609,4161708.01960636,0
1542,313470.971397256,4161708.07114739,0
1543,313470.885703473,4161708.12268938,0
1544,313470.800010561,4161708.1742328,0
1545,313470.71431882,4161708.22577818,0
1546,313470.628628548,4161708.27732599,0
1547,313470.542940045,4161708.32887675,0
1548,313470.457253482,4161708.38043073,0
1549,313470.371568519,4161708.43198737,0
1550,313470.285884694,4161708.4835459,0
1551,313470.200201546,4161708.53510556,0
1552,313470.11451861,4161708.58666557,0
1553,313470.028835426,4161708.63822516,0
1554,313469.943151529,4161708.68978357,0
1555,313469.857466521,4161708.74134014,0
1556,313469.77178049,4161708.792895,0
1557,313469.68609376,4161708.84444871,0
1558,313469.600406658,4161708.89600179,0
1559,313469.514719507,4161708.9475548,0
1560,313469.429032633,4161708.99910826,0
1561,313469.343346361,4161709.05066272,0
1562,313469.257661017,4161709.10221873,0
1563,313469.171976863,4161709.15377671,0
1564,313469.086293731,4161709.2053364,0
1565,313469.000611274,4161709.2568972,0
1566,313468.914929143,4161709.30845855,0
1567,313468.82924699,4161709.36001986,0
1568,313468.743564466,4161709.41158055,0
1569,313468.65788127,4161709.46314013,0
1570,313468.572197444,4161709.51469866,0
1571,313468.486513192,4161709.56625648,0
1572,313468.400828716,4161709.61781393,0
1573,313468.315144219,4161709.66937134,0
1574,313468.229459904,4161709.72092906,0
1575,313468.143775974,4161709.77248741,0
1576,313468.05809263,4161709.82404675,0
1577,313467.97241,4161709.87560726,0
1578,313467.886728059,4161709.92716893,0
1579,313467.801046768,4161709.97873167,0
1580,313467.715366086,4161710.03029542,0
1581,313467.629685973,4161710.08186012,0
1582,313467.544006387,4161710.13342569,0
1583,313467.45832729,4161710.18499208,0
1584,313467.37264864,4161710.23655921,0
1585,313467.286970398,4161710.28812702,0
1586,313467.201292522,4161710.33969544,0
1587,313467.115614973,4161710.39126439,0
1588,313467.02993771,4161710.44283383,0
1589,313466.944260693,4161710.49440367,0
1590,313466.858583881,4161710.54597386,0
1591,313466.772907234,4161710.59754432,0
1592,313466.687230712,4161710.64911499,0
1593,313466.601554274,4161710.70068579,0
1594,313466.515877832,4161710.75225659,0
1595,313466.430201001,4161710.80382675,0
1596,313466.344523281,4161710.85539542,0
1597,313466.258844171,4161710.90696179,0
1598,313466.173163172,4161710.95852502,0
1599,313466.087479783,4161711.01008427,0
1600,313466.001793528,4161711.06163876,0
1601,313465.916104484,4161711.11318862,0
1602,313465.830413294,4161711.16473491,0
1603,313465.744720629,4161711.21627875,0
1604,313465.659027161,4161711.26782125,0
1605,313465.57333356,4161711.31936353,0
1606,313465.487640496,4161711.37090671,0
1607,313465.401948405,4161711.4224515,0
1608,313465.316257132,4161711.47399765,0
1609,313465.230566429,4161711.52554475,0
1610,313465.144876049,4161711.57709238,0
1611,313465.059185745,4161711.62864015,0
1612,313464.973495269,4161711.68018762,0
1613,313464.887804373,4161711.7317344,0
1614,313464.802112828,4161711.7832801,0
1615,313464.716420593,4161711.83482465,0
1616,313464.630727739,4161711.88636817,0
1617,313464.545034338,4161711.93791079,0
1618,313464.459340464,4161711.98945262,0
1619,313464.373646188,4161712.04099378,0
1620,313464.287951584,4161712.09253439,0
1621,313464.202256723,4161712.14407457,0
1622,313464.116561678,4161712.19561446,0
1623,313464.030866523,4161712.24715415,0
1624,313463.94517133,4161712.29869379,0
1625,313463.859476222,4161712.35023356,0
1626,313463.77378138,4161712.40177378,0
1627,313463.688086988,4161712.45331475,0
1628,313463.602393232,4161712.50485677,0
1629,313463.516700296,4161712.55640016,0
1630,313463.431008365,4161712.60794521,0
1631,313463.345317624,4161712.65949225,0
1632,313463.259628236,4161712.71104154,0
1633,313463.173940259,4161712.76259317,0
1634,313463.08825371,4161712.81414718,0
1635,313463.002568611,4161712.86570359,0
1636,313462.91688498,4161712.91726245,0
1637,313462.831202836,4161712.96882378,0
1638,313462.7455222,4161713.02038761,0
1639,313462.65984309,4161713.07195398,0
1640,313462.574165527,4161713.12352292,0
1641,313462.488489529,4161713.17509445,0
1642,313462.402815115,4161713.22666862,0
1643,313462.317142307,4161713.27824546,0
1644,313462.231471122,4161713.32982499,0
1645,313462.14580158,4161713.38140726,0
1646,313462.060133702,4161713.43299228,0
1647,313461.974467505,4161713.48458009,0
1648,313461.888802973,4161713.53617067,0
1649,313461.80314001,4161713.58776386,0
1650,313461.717478511,4161713.63935947,0
1651,313461.631818373,4161713.69095735,0
1652,313461.546159491,4161713.74255731,0
1653,313461.46050176,4161713.79415918,0
1654,313461.374845084,4161713.84576281,0
1655,313461.289189585,4161713.89736839,0
1656,313461.203535638,4161713.94897655,0
1657,313461.117883631,4161714.00058792,0
1658,313461.032233952,4161714.05220316,0
1659,313460.94658699,4161714.10382291,0
1660,313460.860943133,4161714.1554478,0
1661,313460.775302768,4161714.20707849,0
1662,313460.689666284,4161714.25871561,0
1663,313460.604034057,4161714.31035979,0
1664,313460.518406126,4161714.36201109,0
1665,313460.432782172,4161714.41366899,0
1666,313460.347161857,4161714.46533292,0
1667,313460.261544843,4161714.51700232,0
1668,313460.175930794,4161714.56867664,0
1669,313460.090319371,4161714.62035531,0
1670,313460.004710237,4161714.67203777,0
1671,313459.919103054,4161714.72372346,0
1672,313459.833497531,4161714.7754119,0
1673,313459.747893677,4161714.82710311,0
1674,313459.662291628,4161714.8787973,0
1675,313459.576691519,4161714.9304947,0
1676,313459.491093485,4161714.98219554,0
1677,313459.405497661,4161715.03390003,0
1678,313459.319904182,4161715.08560841,0
1679,313459.234313181,4161715.13732088,0
1680,313459.148724665,4161715.18903748,0
1681,313459.063138431,4161715.24075784,0
1682,313458.977554251,4161715.29248161,0
1683,313458.891971901,4161715.3442084,0
1684,313458.806391156,4161715.39593785,0
1685,313458.720811789,4161715.44766958,0
1686,313458.635233576,4161715.49940322,0
1687,313458.549656291,4161715.5511384,0
1688,313458.464079709,4161715.60287474,0
1689,313458.378503604,4161715.65461187,0
1690,313458.292927751,4161715.70634941,0
1691,313458.207351925,4161715.758087,0
1692,313458.121775899,4161715.80982426,0
1693,313458.036199449,4161715.86156082,0
1694,313457.95062235,4161715.91329631,0
1695,313457.865044387,4161715.96503036,0
1696,313457.779465668,4161716.01676316,0
1697,313457.693886647,4161716.06849547,0
1698,313457.608307796,4161716.12022805,0
1699,313457.522729586,4161716.17196169,0
1700,313457.43715249,4161716.22369718,0
1701,313457.351576978,4161716.27543529,0
1702,313457.266003214,4161716.32717629,0
1703,313457.180430689,4161716.37891934,0
1704,313457.094858804,4161716.43066344,0
1705,313457.009286961,4161716.48240762,0
1706,313456.92371456,4161716.53415088,0
1707,313456.838141003,4161716.58589222,0
1708,313456.75256569,4161716.63763065,0
1709,313456.666988023,4161716.68936519,0
1710,313456.581407404,4161716.74109485,0
1711,313456.495823352,4161716.79281883,0
1712,313456.410236258,4161716.84453777,0
1713,313456.324646899,4161716.89625297,0
1714,313456.23905605,4161716.9479657,0
1715,313456.153464491,4161716.99967726,0
1716,313456.067872998,4161717.05138892,0
1717,313455.982282349,4161717.10310199,0
1718,313455.896693321,4161717.15481773,0
1719,313455.81110669,4161717.20653745,0
1720,313455.725522875,4161717.25826182,0
1721,313455.639941521,4161717.30999026,0
1722,313455.554362172,4161717.36172203,0
1723,313455.468784372,4161717.41345635,0
1724,313455.383207663,4161717.46519248,0
1725,313455.297631589,4161717.51692967,0
1726,313455.212055694,4161717.56866714,0
1727,313455.126479522,4161717.62040416,0
1728,313455.040902615,4161717.67213996,0
1729,313454.955324518,4161717.72387379,0
1730,313454.869744773,4161717.7756049,0
1731,313454.784162924,4161717.82733252,0
1732,313454.698578516,4161717.87905591,0
1733,313454.61299109,4161717.9307743,0
1734,313454.527400192,4161717.98248695,0
1735,313454.441805419,4161718.03419318,0
1736,313454.356206789,4161718.08589303,0
1737,313454.270604511,4161718.13758684,0
1738,313454.184998795,4161718.18927496,0
1739,313454.09938985,4161718.24095773,0
1740,313454.013777885,4161718.2926355,0
1741,313453.928163111,4161718.34430862,0
1742,313453.842545737,4161718.39597742,0
1743,313453.756925973,4161718.44764227,0
1744,313453.67130403,4161718.49930351,0
1745,313453.585680154,4161718.55096154,0
1746,313453.500054617,4161718.60261681,0
1747,313453.414427694,4161718.65426979,0
1748,313453.328799656,4161718.70592092,0
1749,313453.243170779,4161718.75757066,0
1750,313453.157541336,4161718.80921945,0
1751,313453.071911599,4161718.86086777,0
1752,313452.98628184,4161718.91251604,0
1753,313452.900652178,4161718.96416448,0
1754,313452.815022495,4161719.01581288,0
1755,313452.729392649,4161719.06746101,0
1756,313452.643762498,4161719.11910864,0
1757,313452.558131903,4161719.17075553,0
1758,313452.472500721,4161719.22240144,0
1759,313452.386868818,4161719.27404616,0
1760,313452.301236122,4161719.32568957,0
1761,313452.215602604,4161719.37733161,0
1762,313452.129968234,4161719.42897225,0
1763,313452.044332985,4161719.48061142,0
1764,313451.958696826,4161719.53224908,0
1765,313451.873059729,4161719.58388519,0
1766,313451.787421666,4161719.63551969,0
1767,313451.701782606,4161719.68715255,0
1768,313451.616142522,4161719.7387837,0
1769,313451.530501397,4161719.79041313,0
1770,313451.444859316,4161719.84204097,0
1771,313451.35921642,4161719.89366746,0
1772,313451.273572847,4161719.94529282,0
1773,313451.187928739,4161719.9969173,0
1774,313451.102284233,4161720.04854112,0
1775,313451.016639472,4161720.10016451,0
1776,313450.930994593,4161720.15178771,0
1777,313450.845349736,4161720.20341095,0
1778,313450.759704991,4161720.25503437,0
1779,313450.674060389,4161720.30665803,0
1780,313450.588415958,4161720.35828197,0
1781,313450.502771725,4161720.40990624,0
1782,313450.417127717,4161720.46153089,0
1783,313450.331483963,4161720.51315596,0
1784,313450.24584049,4161720.56478149,0
1785,313450.160197326,4161720.61640753,0
1786,313450.074554498,4161720.66803413,0
1787,313449.988912033,4161720.71966134,0
1788,313449.903269959,4161720.77128919,0
1789,313449.817628305,4161720.82291774,0
1790,313449.731987096,4161720.87454703,0
1791,313449.646346362,4161720.9261771,0
1792,313449.560706129,4161720.97780801,0
1793,313449.475066424,4161721.02943979,0
1794,313449.389427277,4161721.0810725,0
1795,313449.303788709,4161721.13270617,0
1796,313449.218150721,4161721.1843408,0
1797,313449.132513306,4161721.23597638,0
1798,313449.046876457,4161721.28761289,0
1799,313448.961240165,4161721.33925034,0
1800,313448.875604425,4161721.3908887,0
1801,313448.789969228,4161721.44252796,0
1802,313448.704334569,4161721.49416811,0
1803,313448.618700418,4161721.5458091,0
1804,313448.53306665,4161721.59745073,0
1805,313448.447433108,4161721.64909273,0
1806,313448.361799635,4161721.70073485,0
1807,313448.276166075,4161721.75237682,0
1808,313448.190532271,4161721.80401839,0
1809,313448.104898067,4161721.85565929,0
1810,313448.019263307,4161721.90729928,0
1811,313447.933627934,4161721.95893824,0
1812,313447.847992023,4161722.01057632,0
1813,313447.762355662,4161722.06221365,0
1814,313447.676718936,4161722.11385037,0
1815,313447.591081933,4161722.16548663,0
1816,313447.505444739,4161722.21712258,0
1817,313447.419807441,4161722.26875836,0
1818,313447.334170125,4161722.3203941,0
1819,313447.248532879,4161722.37202996,0
1820,313447.162895782,4161722.42366607,0
1821,313447.077258908,4161722.47530255,0
1822,313446.99162233,4161722.52693952,0
1823,313446.905986121,4161722.5785771,0
1824,313446.820350353,4161722.63021541,0
1825,313446.734715098,4161722.68185458,0
1826,313446.64908043,4161722.73349471,0
1827,313446.56344642,4161722.78513594,0
1828,313446.477813142,4161722.83677838,0
1829,313446.392180668,4161722.88842215,0
1830,313446.30654907,4161722.94006738,0
1831,313446.220918422,4161722.99171418,0
1832,313446.135288795,4161723.04336268,0
1833,313446.049660263,4161723.09501298,0
1834,313445.96403285,4161723.14666515,0
1835,313445.878406439,4161723.19831897,0
1836,313445.792780888,4161723.24997422,0
1837,313445.707156055,4161723.30163066,0
1838,313445.621531798,4161723.35328806,0
1839,313445.535907975,4161723.40494617,0
1840,313445.450284443,4161723.45660477,0
1841,313445.36466106,4161723.50826362,0
1842,313445.279037684,4161723.55992248,0
1843,313445.193414174,4161723.61158111,0
1844,313445.107790387,4161723.66323929,0
1845,313445.022166428,4161723.71489719,0
1846,313444.936542885,4161723.76655577,0
1847,313444.850920407,4161723.81821612,0
1848,313444.765299642,4161723.86987931,0
1849,313444.679681238,4161723.9215464,0
1850,313444.594065843,4161723.97321848,0
1851,313444.508454105,4161724.02489662,0
1852,313444.422846432,4161724.07658149,0
1853,313444.337241118,4161724.12827026,0
1854,313444.25163535,4161724.17995829,0
1855,313444.166026308,4161724.23164089,0
1856,313444.080411171,4161724.28331339,0
1857,313443.994787118,4161724.33497112,0
1858,313443.909151328,4161724.3866094,0
1859,313443.82350098,4161724.43822358,0
1860,313443.737833254,4161724.48980896,0
1861,313443.652145447,4161724.54136108,0
1862,313443.56643579,4161724.59287692,0
1863,313443.480702953,4161724.64435419,0
1864,313443.39494561,4161724.69579058,0
1865,313443.309162434,4161724.7471838,0
1866,313443.223352097,4161724.79853156,0
1867,313443.137513274,4161724.84983155,0
1868,313443.051644638,4161724.90108148,0
1869,313442.965745821,4161724.95228068,0
1870,313442.879819118,4161725.00343301,0
1871,313442.793867289,4161725.05454311,0
1872,313442.707893088,4161725.10561563,0
1873,313442.621899275,4161725.15665521,0
1874,313442.535888605,4161725.2076665,0
1875,313442.449863837,4161725.25865413,0
1876,313442.363827727,4161725.30962276,0
1877,313442.277783032,4161725.36057703,0
1878,313442.19173251,4161725.41152157,0
1879,313442.105678918,4161725.46246104,0
1880,313442.019625013,4161725.51340007,0
1881,313441.933573553,4161725.56434332,0
1882,313441.847527293,4161725.61529542,0
1883,313441.761489164,4161725.6662613,0
1884,313441.675462824,4161725.71724706,0
1885,313441.589452124,4161725.76825911,0
1886,313441.503460917,4161725.81930389,0
1887,313441.417493056,4161725.8703878,0
1888,313441.331552393,4161725.92151727,0
1889,313441.245642781,4161725.97269871,0
1890,313441.159768072,4161726.02393854,0
1891,313441.073932119,4161726.07524319,0
1892,313440.988138774,4161726.12661906,0
1893,313440.902391749,4161726.17807235,0
1894,313440.816692776,4161726.22960581,0
1895,313440.731042133,4161726.28121971,0
1896,313440.645440063,4161726.33291428,0
1897,313440.559886811,4161726.3846897,0
1898,313440.47438262,4161726.4365462,0
1899,313440.388927733,4161726.48848399,0
1900,313440.303522393,4161726.54050326,0
1901,313440.218167085,4161726.59260462,0
1902,313440.132865537,4161726.64479389,0
1903,313440.047623819,4161726.69708068,0
1904,313439.962448049,4161726.74947465,0
1905,313439.877344347,4161726.80198549,0
1906,313439.792318832,4161726.85462287,0
1907,313439.707377366,4161726.90739604,0
1908,313439.622521939,4161726.96030785,0
1909,313439.537751536,4161727.01335619,0
1910,313439.453065068,4161727.06653881,0
1911,313439.368461443,4161727.11985345,0
1912,313439.283939572,4161727.17329787,0
1913,313439.199498362,4161727.22686983,0
1914,313439.115136725,4161727.28056707,0
1915,313439.030853568,4161727.33438736,0
1916,313438.946647802,4161727.38832843,0
1917,313438.862518335,4161727.44238806,0
1918,313438.778463755,4161727.49656356,0
1919,313438.694481508,4161727.55085079,0
1920,313438.610568785,4161727.60524527,0
1921,313438.526722781,4161727.65974251,0
1922,313438.442940687,4161727.71433804,0
1923,313438.359219696,4161727.76902736,0
1924,313438.275557002,4161727.82380601,0
1925,313438.191949795,4161727.8786695,0
1926,313438.10839527,4161727.93361334,0
1927,313438.02489062,4161727.98863306,0
1928,313437.941433035,4161728.04372417,0
1929,313437.85801971,4161728.09888219,0
1930,313437.774647838,4161728.15410265,0
1931,313437.691315205,4161728.209382,0
1932,313437.608021263,4161728.26471934,0
1933,313437.524765751,4161728.32011425,0
1934,313437.441548411,4161728.37556627,0
1935,313437.358368982,4161728.43107498,0
1936,313437.275227204,4161728.48663993,0
1937,313437.192122819,4161728.54226068,0
1938,313437.109055567,4161728.59793681,0
1939,313437.026025188,4161728.65366787,0
1940,313436.943031422,4161728.70945342,0
1941,313436.860073881,4161728.76529283,0
1942,313436.777150805,4161728.82118345,0
1943,313436.694259608,4161728.87712139,0
1944,313436.611397693,4161728.93310276,0
1945,313436.528562465,4161728.98912366,0
1946,313436.445751325,4161729.04518018,0
1947,313436.362961679,4161729.10126844,0
1948,313436.280191054,4161729.15738473,0
1949,313436.197438173,4161729.21352713,0
1950,313436.11470242,4161729.26969472,0
1951,313436.031983182,4161729.32588661,0
1952,313435.94927985,4161729.38210188,0
1953,313435.86659181,4161729.43833963,0
1954,313435.783918373,4161729.49459883,0
1955,313435.701258083,4161729.55087735,0
1956,313435.618609053,4161729.60717241,0
1957,313435.535969393,4161729.66348123,0
1958,313435.453337215,4161729.71980105,0
1959,313435.370710627,4161729.77612909,0
1960,313435.28808774,4161729.83246257,0
1961,313435.205466663,4161729.88879872,0
1962,313435.122845506,4161729.94513476,0
1963,313435.04022238,4161730.00146792,0
1964,313434.957595395,4161730.05779542,0
1965,313434.874962806,4161730.1141147,0
1966,313434.79232379,4161730.17042455,0
1967,313434.709677883,4161730.22672429,0
1968,313434.627024619,4161730.28301321,0
1969,313434.544363534,4161730.33929065,0
1970,313434.461694164,4161730.39555591,0
1971,313434.379016044,4161730.4518083,0
1972,313434.296328709,4161730.50804714,0
1973,313434.213631694,4161730.56427173,0
1974,313434.130924536,4161730.62048141,0
1975,313434.04820677,4161730.67667547,0
1976,313433.96547793,4161730.73285323,0
1977,313433.882737553,4161730.78901401,0
1978,313433.799985199,4161730.84515714,0
1979,313433.717220533,4161730.90128214,0
1980,313433.634443254,4161730.95738853,0
1981,313433.551653059,4161731.01347586,0
1982,313433.468849643,4161731.06954367,0
1983,313433.386032705,4161731.12559149,0
1984,313433.30320194,4161731.18161887,0
1985,313433.220357046,4161731.23762535,0
1986,313433.13749772,4161731.29361046,0
1987,313433.054623898,4161731.34957411,0
1988,313432.971736415,4161731.40551751,0
1989,313432.88883631,4161731.46144222,0
1990,313432.805924624,4161731.51734976,0
1991,313432.723002398,4161731.57324168,0
1992,313432.640070672,4161731.62911952,0
1993,313432.557130489,4161731.6849848,0
1994,313432.474182887,4161731.74083908,0
1995,313432.391228804,4161731.79668373,0
1996,313432.308268126,4161731.85251857,0
1997,313432.225300138,4161731.90834255,0
1998,313432.142324115,4161731.96415458,0
1999,313432.059339332,4161732.01995357,0
2000,313431.976345066,4161732.07573845,0
2001,313431.893340592,4161732.13150813,0
2002,313431.810325187,4161732.18726153,0
2003,313431.727298126,4161732.24299758,0
2004,313431.644258876,4161732.29871546,0
2005,313431.56120768,4161732.35441555,0
2006,313431.478144985,4161732.41009849,0
2007,313431.395071237,4161732.46576495,0
2008,313431.311986879,4161732.52141558,0
2009,313431.228892357,4161732.57705103,0
2010,313431.145788117,4161732.63267196,0
2011,313431.062674604,4161732.68827904,0
2012,313430.979552268,4161732.74387292,0
2013,313430.896421621,4161732.79945436,0
2014,313430.813283225,4161732.85502421,0
2015,313430.730137643,4161732.9105833,0
2016,313430.646985438,4161732.96613247,0
2017,313430.563827172,4161733.02167258,0
2018,313430.480663407,4161733.07720445,0
2019,313430.397494707,4161733.13272893,0
2020,313430.314321633,4161733.18824686,0
2021,313430.231144594,4161733.24375885,0
2022,313430.147963728,4161733.29926511,0
2023,313430.064779142,4161733.35476579,0
2024,313429.981590944,4161733.41026105,0
2025,313429.898399239,4161733.46575106,0
2026,313429.815204137,4161733.52123598,0
2027,313429.732005744,4161733.57671596,0
2028,313429.648804168,4161733.63219116,0
2029,313429.565599515,4161733.68766176,0
2030,313429.482391893,4161733.74312789,0
2031,313429.39918141,4161733.79858974,0
2032,313429.315968173,4161733.85404745,0
2033,313429.232752289,4161733.90950119,0
2034,313429.149533865,4161733.96495111,0
2035,313429.066313009,4161734.02039739,0
2036,313428.983089842,4161734.07584019,0
2037,313428.899864667,4161734.13127997,0
2038,313428.81663792,4161734.18671739,0
2039,313428.733410037,4161734.24215311,0
2040,313428.650181456,4161734.29758779,0
2041,313428.566952614,4161734.35302208,0
2042,313428.483723948,4161734.40845664,0
2043,313428.400495719,4161734.46389187,0
2044,313428.317267673,4161734.51932737,0
2045,313428.234039461,4161734.57476263,0
2046,313428.150810733,4161734.6301971,0
2047,313428.067581143,4161734.68563026,0
2048,313427.984350341,4161734.74106159,0
2049,313427.901117979,4161734.79649056,0
2050,313427.81788371,4161734.85191663,0
2051,313427.734647664,4161734.90734001,0
2052,313427.651411107,4161734.96276261,0
2053,313427.568175468,4161735.01818658,0
2054,313427.484942176,4161735.07361408,0
2055,313427.401712662,4161735.12904727,0
2056,313427.318488355,4161735.18448831,0
2057,313427.235270685,4161735.23993937,0
2058,313427.152061082,4161735.29540259,0
2059,313427.068860975,4161735.35088014,0
2060,313426.985671794,4161735.40637418,0
2061,313426.902495016,4161735.46188693,0
2062,313426.819333342,4161735.51742239,0
2063,313426.736190792,4161735.57298648,0
2064,313426.653071446,4161735.62858519,0
2065,313426.569979389,4161735.68422452,0
2066,313426.486918702,4161735.73991047,0
2067,313426.403893468,4161735.79564904,0
2068,313426.32090777,4161735.85144624,0
2069,313426.237965241,4161735.9073074,0
2070,313426.155064609,4161735.96323062,0
2071,313426.072201582,4161736.01920957,0
2072,313425.989371822,4161736.07523782,0
2073,313425.906570993,4161736.13130897,0
2074,313425.823794759,4161736.18741661,0
2075,313425.741038783,4161736.24355433,0
2076,313425.658298727,4161736.29971571,0
2077,313425.575570256,4161736.35589434,0
2078,313425.492849032,4161736.41208382,0
2079,313425.41013072,4161736.46827773,0
2080,313425.327410982,4161736.52446966,0
2081,313425.244685482,4161736.5806532,0
2082,313425.161949882,4161736.63682193,0
2083,313425.07919984,4161736.69296944,0
2084,313424.99643069,4161736.74908879,0
2085,313424.913637345,4161736.80517234,0
2086,313424.830814689,4161736.86121243,0
2087,313424.747957604,4161736.91720138,0
2088,313424.665060974,4161736.97313151,0
2089,313424.582119682,4161737.02899516,0
2090,313424.49912861,4161737.08478465,0
2091,313424.416082643,4161737.14049231,0
2092,313424.332976662,4161737.19611046,0
2093,313424.249806444,4161737.25163272,0
2094,313424.166571633,4161737.30705835,0
2095,313424.083272925,4161737.36238809,0
2096,313423.999911012,4161737.41762273,0
2097,313423.916486588,4161737.47276302,0
2098,313423.833000346,4161737.52780972,0
2099,313423.749452982,4161737.58276361,0
2100,313423.665845187,4161737.63762544,0
2101,313423.582177879,4161737.69239635,0
2102,313423.498452678,4161737.74707866,0
2103,313423.414671348,4161737.8016749,0
2104,313423.330835653,4161737.85618762,0
2105,313423.246947356,4161737.91061938,0
2106,313423.163008219,4161737.96497271,0
2107,313423.079020007,4161738.01925015,0
2108,313422.994984482,4161738.07345427,0
2109,313422.910903408,4161738.12758759,0
2110,313422.826778684,4161738.18165292,0
2111,313422.74261265,4161738.23565383,0
2112,313422.658407736,4161738.28959406,0
2113,313422.574166371,4161738.34347735,0
2114,313422.489890986,4161738.39730745,0
2115,313422.405584009,4161738.45108809,0
2116,313422.321247871,4161738.50482301,0
2117,313422.236885,4161738.55851596,0
2118,313422.152497681,4161738.61217045,0
2119,313422.068087074,4161738.66578827,0
2120,313421.983653824,4161738.71937041,0
2121,313421.89919857,4161738.77291786,0
2122,313421.814721953,4161738.82643162,0
2123,313421.730224614,4161738.87991267,0
2124,313421.645707194,4161738.93336199,0
2125,313421.561170333,4161738.98678059,0
2126,313421.476614671,4161739.04016944,0
2127,313421.39204085,4161739.09352953,0
2128,313421.307449509,4161739.14686186,0
2129,313421.22284129,4161739.20016742,0
2130,313421.138216833,4161739.25344718,0
2131,313421.053576778,4161739.30670215,0
2132,313420.968921767,4161739.35993331,0
2133,313420.884252439,4161739.41314164,0
2134,313420.799569441,4161739.46632816,0
2135,313420.714873461,4161739.51949394,0
2136,313420.630165204,4161739.57264012,0
2137,313420.545445376,4161739.62576783,0
2138,313420.460714681,4161739.67887818,0
2139,313420.375973825,4161739.7319723,0
2140,313420.291223513,4161739.78505132,0
2141,313420.206464451,4161739.83811637,0
2142,313420.121697343,4161739.89116857,0
2143,313420.036922769,4161739.94420884,0
2144,313419.952140799,4161739.9972373,0
2145,313419.867351372,4161740.05025385,0
2146,313419.78255443,4161740.10325837,0
2147,313419.697749914,4161740.15625078,0
2148,313419.612937764,4161740.20923097,0
2149,313419.52811792,4161740.26219885,0
2150,313419.443290326,4161740.31515431,0
2151,313419.358454943,4161740.3680973,0
2152,313419.273611741,4161740.42102775,0
2153,313419.188760691,4161740.47394562,0
2154,313419.103901763,4161740.52685086,0
2155,313419.019034927,4161740.5797434,0
2156,313418.934160154,4161740.6326232,0
2157,313418.849277413,4161740.6854902,0
2158,313418.764386706,4161740.73834441,0
2159,313418.679488296,4161740.79118624,0
2160,313418.594582576,4161740.84401632,0
2161,313418.50966994,4161740.89683529,0
2162,313418.424750783,4161740.94964378,0
2163,313418.339825498,4161741.00244242,0
2164,313418.254894481,4161741.05523184,0
2165,313418.169958126,4161741.10801269,0
2166,313418.085016826,4161741.16078558,0
2167,313418.000070977,4161741.21355115,0
2168,313417.915120972,4161741.26631004,0
2169,313417.830167207,4161741.31906287,0
2170,313417.745210074,4161741.37181029,0
2171,313417.660249969,4161741.42455292,0
2172,313417.575287286,4161741.47729139,0
2173,313417.490322419,4161741.53002635,0
2174,313417.405355763,4161741.58275841,0
2175,313417.320387704,4161741.63548821,0
2176,313417.235418531,4161741.6882162,0
2177,313417.150448464,4161741.74094275,0
2178,313417.06547772,4161741.7936682,0
2179,313416.980506519,4161741.84639291,0
2180,313416.895535079,4161741.89911723,0
2181,313416.810563618,4161741.95184151,0
2182,313416.725592354,4161742.00456611,0
2183,313416.640621507,4161742.05729138,0
2184,313416.555651294,4161742.11001767,0
2185,313416.470681933,4161742.16274534,0
2186,313416.385713547,4161742.21547458,0
2187,313416.30074604,4161742.26820524,0
2188,313416.215779288,4161742.32093712,0
2189,313416.130813165,4161742.37367002,0
2190,313416.045847547,4161742.42640372,0
2191,313415.960882308,4161742.47913804,0
2192,313415.875917324,4161742.53187277,0
2193,313415.79095247,4161742.58460771,0
2194,313415.705987629,4161742.63734267,0
2195,313415.621022758,4161742.69007758,0
2196,313415.536057857,4161742.74281244,0
2197,313415.451092923,4161742.79554725,0
2198,313415.366127956,4161742.848282,0
2199,313415.281162954,4161742.9010167,0
2200,313415.196197916,4161742.95375134,0
2201,313415.111232846,4161743.00648593,0
2202,313415.026267837,4161743.05922062,0
2203,313414.941303039,4161743.11195565,0
2204,313414.856338603,4161743.16469127,0
2205,313414.771374682,4161743.21742771,0
2206,313414.686411428,4161743.27016523,0
2207,313414.601448992,4161743.32290406,0
2208,313414.516487526,4161743.37564445,0
2209,313414.431527182,4161743.42838665,0
2210,313414.346568113,4161743.4811309,0
2211,313414.261610411,4161743.53387735,0
2212,313414.176654041,4161743.58662594,0
2213,313414.091698945,4161743.63937658,0
2214,313414.006745068,4161743.69212919,0
2215,313413.921792352,4161743.74488368,0
2216,313413.836840741,4161743.79763995,0
2217,313413.751890179,4161743.85039793,0
2218,313413.666940611,4161743.90315752,0
2219,313413.581992174,4161743.95591894,0
2220,313413.497045374,4161744.00868301,0
2221,313413.412100753,4161744.06145059,0
2222,313413.327158858,4161744.11422256,0
2223,313413.242220232,4161744.16699979,0
2224,313413.157285419,4161744.21978315,0
2225,313413.072354965,4161744.27257352,0
2226,313412.987429414,4161744.32537177,0
2227,313412.90250931,4161744.37817876,0
2228,313412.817595198,4161744.43099538,0
2229,313412.732687623,4161744.4838225,0
2230,313412.647787129,4161744.53666099,0
2231,313412.56289426,4161744.58951172,0
2232,313412.478009561,4161744.64237556,0
2233,313412.393133577,4161744.69525339,0
2234,313412.308266852,4161744.74814607,0
2235,313412.223409828,4161744.80105433,0
2236,313412.138562194,4161744.85397765,0
2237,313412.053723307,4161744.906915,0
2238,313411.968892522,4161744.95986534,0
2239,313411.884069192,4161745.01282763,0
2240,313411.799252674,4161745.06580084,0
2241,313411.714442322,4161745.11878392,0
2242,313411.629637491,4161745.17177584,0
2243,313411.544837545,4161745.22477557,0
2244,313411.460042145,4161745.27778258,0
2245,313411.375251277,4161745.33079682,0
2246,313411.290464944,4161745.38381832,0
2247,313411.205683151,4161745.43684707,0
2248,313411.120905902,4161745.48988308,0
2249,313411.036133199,4161745.54292635,0
2250,313410.951365048,4161745.5959769,0
2251,313410.866601451,4161745.64903472,0
2252,313410.781842414,4161745.70209983,0
2253,313410.697087939,4161745.75517222,0
2254,313410.612337959,4161745.80825179,0
2255,313410.527592181,4161745.86133807,0
2256,313410.442850269,4161745.91443052,0
2257,313410.358111888,4161745.96752861,0
2258,313410.273376702,4161746.0206318,0
2259,313410.188644375,4161746.07373955,0
2260,313410.103914571,4161746.12685132,0
2261,313410.019186954,4161746.17996659,0
2262,313409.934461247,4161746.2330849,0
2263,313409.849737371,4161746.28620613,0
2264,313409.765015289,4161746.33933022,0
2265,313409.680294964,4161746.39245711,0
2266,313409.59557636,4161746.44558675,0
2267,313409.510859439,4161746.49871906,0
2268,313409.426144166,4161746.55185401,0
2269,313409.341430503,4161746.60499152,0
2270,313409.256718414,4161746.65813154,0
2271,313409.172007861,4161746.71127402,0
2272,313409.087298793,4161746.76441885,0
2273,313409.002591146,4161746.81756595,0
2274,313408.917884855,4161746.87071522,0
2275,313408.833179855,4161746.92386654,0
2276,313408.74847608,4161746.97701981,0
2277,313408.663773466,4161747.03017494,0
2278,313408.579071947,4161747.08333181,0
2279,313408.494371459,4161747.13649032,0
2280,313408.409671936,4161747.18965037,0
2281,313408.324973314,4161747.24281185,0
2282,313408.240275527,4161747.29597467,0
2283,313408.15557851,4161747.34913871,0
2284,313408.070882199,4161747.40230388,0
2285,313407.986186528,4161747.45547007,0
2286,313407.901491433,4161747.50863717,0
2287,313407.816796847,4161747.56180509,0
2288,313407.732102707,4161747.61497372,0
2289,313407.647408945,4161747.66814294,0
2290,313407.562715493,4161747.72131267,0
2291,313407.478022281,4161747.77448277,0
2292,313407.393329239,4161747.82765314,0
2293,313407.308636299,4161747.88082368,0
2294,313407.223943391,4161747.93399426,0
2295,313407.139250445,4161747.98716479,0
2296,313407.054557392,4161748.04033515,0
2297,313406.969864163,4161748.09350522,0
2298,313406.885170609,4161748.14667478,0
2299,313406.80047615,4161748.1998429,0
2300,313406.715780066,4161748.25300842,0
2301,313406.631081633,4161748.30617021,0
2302,313406.54638013,4161748.3593271,0
2303,313406.461674834,4161748.41247796,0
2304,313406.376965025,4161748.46562162,0
2305,313406.292250115,4161748.51875715,0
2306,313406.207530979,4161748.57188596,0
2307,313406.122809366,4161748.62501081,0
2308,313406.038087042,4161748.67813453,0
2309,313405.953365771,4161748.73125993,0
2310,313405.868647315,4161748.78438981,0
2311,313405.78393344,4161748.83752699,0
2312,313405.699225909,4161748.89067427,0
2313,313405.614526486,4161748.94383446,0
2314,313405.529836935,4161748.99701038,0
2315,313405.445158937,4161749.0502047,0
2316,313405.360493058,4161749.10341832,0
2317,313405.275839063,4161749.15665086,0
2318,313405.191196697,4161749.2099019,0
2319,313405.106565707,4161749.26317103,0
2320,313405.021945841,4161749.31645785,0
2321,313404.937336844,4161749.36976195,0
2322,313404.852738464,4161749.4230829,0
2323,313404.768150446,4161749.47642031,0
2324,313404.683572539,4161749.52977377,0
2325,313404.599004488,4161749.58314285,0
2326,313404.514446039,4161749.63652716,0
2327,313404.42989694,4161749.68992628,0
2328,313404.345356938,4161749.7433398,0
2329,313404.260825779,4161749.79676731,0
2330,313404.176303209,4161749.8502084,0
2331,313404.091788975,4161749.90366266,0
2332,313404.007282825,4161749.95712967,0
2333,313403.922784503,4161750.01060904,0
2334,313403.83829348,4161750.0640999,0
2335,313403.753807868,4161750.11759929,0
2336,313403.669325374,4161750.17110358,0
2337,313403.584843703,4161750.22460916,0
2338,313403.500360561,4161750.2781124,0
2339,313403.415873653,4161750.33160969,0
2340,313403.331380685,4161750.3850974,0
2341,313403.246879461,4161750.43857208,0
2342,313403.162368785,4161750.49203182,0
2343,313403.077848032,4161750.54547564,0
2344,313402.993316585,4161750.59890256,0
2345,313402.90877383,4161750.65231158,0
2346,313402.824219148,4161750.70570174,0
2347,313402.739651923,4161750.75907205,0
2348,313402.655071539,4161750.81242154,0
2349,313402.570477225,4161750.86574896,0
2350,313402.485867235,4161750.91905152,0
2351,313402.401239451,4161750.97232583,0
2352,313402.316591753,4161751.02556847,0
2353,313402.231922023,4161751.07877606,0
2354,313402.147228138,4161751.1319452,0
2355,313402.062507982,4161751.18507247,0
2356,313401.977759432,4161751.23815448,0
2357,313401.892980371,4161751.29118783,0
2358,313401.808168677,4161751.34416912,0
2359,313401.723322223,4161751.39709489,0
2360,313401.638438855,4161751.44996154,0
2361,313401.553516412,4161751.50276542,0
2362,313401.468552734,4161751.55550287,0
2363,313401.383545661,4161751.60817027,0
2364,313401.298493034,4161751.66076396,0
2365,313401.213392692,4161751.71328029,0
2366,313401.128242475,4161751.76571563,0
2367,313401.043040223,4161751.81806632,0
2368,313400.957784315,4161751.8703296,0
2369,313400.872475572,4161751.92250668,0
2370,313400.787115505,4161751.97459991,0
2371,313400.701705625,4161752.02661162,0
2372,313400.616247443,4161752.07854416,0
2373,313400.530742471,4161752.13039986,0
2374,313400.44519222,4161752.18218106,0
2375,313400.3595982,4161752.23389011,0
2376,313400.273961924,4161752.28552934,0
2377,313400.188284902,4161752.33710109,0
2378,313400.102568645,4161752.38860771,0
2379,313400.016814666,4161752.44005154,0
2380,313399.931024474,4161752.49143491,0
2381,313399.845199582,4161752.54276016,0
2382,313399.7593415,4161752.59402964,0
2383,313399.673451738,4161752.64524568,0
2384,313399.587531679,4161752.6964105,0
2385,313399.50158254,4161752.74752613,0
2386,313399.415605527,4161752.79859461,0
2387,313399.329601843,4161752.84961798,0
2388,313399.243572694,4161752.90059826,0
2389,313399.157519283,4161752.95153748,0
2390,313399.071442816,4161753.00243768,0
2391,313398.985344497,4161753.05330088,0
2392,313398.89922553,4161753.10412912,0
2393,313398.813087121,4161753.15492443,0
2394,313398.726930459,4161753.20568882,0
2395,313398.640756697,4161753.25642421,0
2396,313398.554566984,4161753.30713255,0
2397,313398.468362467,4161753.35781575,0
2398,313398.382144295,4161753.40847574,0
2399,313398.295913615,4161753.45911446,0
2400,313398.209671575,4161753.50973382,0
2401,313398.123419296,4161753.56033572,0
2402,313398.037157545,4161753.61092144,0
2403,313397.950886846,4161753.66149188,0
2404,313397.86460772,4161753.71204793,0
2405,313397.778320685,4161753.76259048,0
2406,313397.692026261,4161753.8131204,0
2407,313397.605724968,4161753.86363859,0
2408,313397.519417326,4161753.91414592,0
2409,313397.433103853,4161753.96464329,0
2410,313397.346785071,4161754.01513158,0
2411,313397.2604615,4161754.06561168,0
2412,313397.174133692,4161754.11608454,0
2413,313397.087802202,4161754.1665511,0
2414,313397.001467592,4161754.21701232,0
2415,313396.915130418,4161754.26746916,0
2416,313396.82879124,4161754.31792257,0
2417,313396.742450617,4161754.36837351,0
2418,313396.656109106,4161754.41882293,0
2419,313396.569767268,4161754.46927179,0
2420,313396.483425659,4161754.51972104,0
2421,313396.397084839,4161754.57017164,0
2422,313396.310745359,4161754.62062453,0
2423,313396.224407629,4161754.67108042,0
2424,313396.138071948,4161754.72153981,0
2425,313396.051738612,4161754.77200321,0
2426,313395.965407917,4161754.82247113,0
2427,313395.879080159,4161754.87294408,0
2428,313395.792755633,4161754.92342255,0
2429,313395.706434635,4161754.97390706,0
2430,313395.620117462,4161755.02439812,0
2431,313395.533804388,4161755.07489619,0
2432,313395.447495552,4161755.1254015,0
2433,313395.361191024,4161755.17591418,0
2434,313395.274890878,4161755.22643435,0
2435,313395.188595186,4161755.27696214,0
2436,313395.102304021,4161755.32749765,0
2437,313395.016017454,4161755.37804102,0
2438,313394.929735558,4161755.42859235,0
2439,313394.843458406,4161755.47915179,0
2440,313394.757186069,4161755.52971944,0
2441,313394.670918621,4161755.58029543,0
2442,313394.584656134,4161755.63087987,0
2443,313394.498398679,4161755.6814729,0
2444,313394.412146331,4161755.73207463,0
2445,313394.325899159,4161755.78268518,0
2446,313394.239657239,4161755.83330467,0
2447,313394.15342064,4161755.88393322,0
2448,313394.067189437,4161755.93457097,0
2449,313393.9809637,4161755.98521801,0
2450,313393.894743477,4161756.03587444,0
2451,313393.808528772,4161756.08654027,0
2452,313393.722319589,4161756.13721548,0
2453,313393.636115929,4161756.18790009,0
2454,313393.549917794,4161756.23859409,0
2455,313393.463725188,4161756.28929749,0
2456,313393.377538113,4161756.3400103,0
2457,313393.291356567,4161756.3907325,0
2458,313393.205180506,4161756.44146402,0
2459,313393.119009855,4161756.49220473,0
2460,313393.032844536,4161756.54295449,0
2461,313392.946684472,4161756.59371318,0
2462,313392.860529587,4161756.64448066,0
2463,313392.774379802,4161756.69525679,0
2464,313392.688235043,4161756.74604144,0
2465,313392.602095231,4161756.79683449,0
2466,313392.515960289,4161756.84763579,0
2467,313392.429830076,4161756.89844511,0
2468,313392.343704308,4161756.94926196,0
2469,313392.257582681,4161757.00008582,0
2470,313392.171464893,4161757.0509162,0
2471,313392.085350641,4161757.10175256,0
2472,313391.999239621,4161757.1525944,0
2473,313391.913131531,4161757.2034412,0
2474,313391.827026068,4161757.25429245,0
2475,313391.740922927,4161757.30514764,0
2476,313391.654821808,4161757.35600625,0
2477,313391.568722446,4161757.40686783,0
2478,313391.482624871,4161757.45773243,0
2479,313391.396529238,4161757.50860032,0
2480,313391.3104357,4161757.55947176,0
2481,313391.224344414,4161757.610347,0
2482,313391.138255533,4161757.66122631,0
2483,313391.052169213,4161757.71210996,0
2484,313390.96608561,4161757.7629982,0
2485,313390.880004876,4161757.8138913,0
2486,313390.793927104,4161757.8647894,0
2487,313390.707852264,4161757.91569247,0
2488,313390.621780312,4161757.96660042,0
2489,313390.535711204,4161758.01751318,0
2490,313390.449644897,4161758.06843067,0
2491,313390.363581346,4161758.11935283,0
2492,313390.277520508,4161758.17027957,0
2493,313390.191462339,4161758.22121082,0
2494,313390.105406796,4161758.27214651,0
2495,313390.019353835,4161758.32308656,0
2496,313389.933303412,4161758.3740309,0
2497,313389.847255483,4161758.42497945,0
2498,313389.761210004,4161758.47593214,0
2499,313389.675166932,4161758.5268889,0
2500,313389.589126223,4161758.57784964,0
2501,313389.503087833,4161758.6288143,0
2502,313389.417051719,4161758.6797828,0
2503,313389.331017837,4161758.73075507,0
2504,313389.244986143,4161758.78173102,0
2505,313389.158956597,4161758.8327106,0
2506,313389.072929161,4161758.88369374,0
2507,313388.986903796,4161758.93468038,0
2508,313388.900880465,4161758.98567044,0
2509,313388.814859127,4161759.03666387,0
2510,313388.728839746,4161759.08766059,0
2511,313388.642822283,4161759.13866055,0
2512,313388.556806698,4161759.18966368,0
2513,313388.470792955,4161759.24066991,0
2514,313388.384781002,4161759.29167917,0
2515,313388.298770728,4161759.34269125,0
2516,313388.212762004,4161759.39370595,0
2517,313388.126754697,4161759.44472304,0
2518,313388.040748677,4161759.49574229,0
2519,313387.954743814,4161759.5467635,0
2520,313387.868739976,4161759.59778644,0
2521,313387.782737033,4161759.64881088,0
2522,313387.696734854,4161759.69983661,0
2523,313387.610733308,4161759.75086341,0
2524,313387.524732268,4161759.80189106,0
2525,313387.438731606,4161759.85291935,0
2526,313387.352731194,4161759.90394806,0
2527,313387.266730905,4161759.95497698,0
2528,313387.180730612,4161760.00600589,0
2529,313387.094730187,4161760.05703457,0
2530,313387.008729502,4161760.10806282,0
2531,313386.92272843,4161760.15909042,0
2532,313386.836726873,4161760.2101172,0
2533,313386.750724866,4161760.26114322,0
2534,313386.664722476,4161760.31216859,0
2535,313386.578719772,4161760.36319344,0
2536,313386.492716821,4161760.41421787,0
2537,313386.406713692,4161760.46524199,0
2538,313386.320710452,4161760.51626594,0
2539,313386.234707171,4161760.56728981,0
2540,313386.148703917,4161760.61831373,0
2541,313386.062700756,4161760.66933781,0
2542,313385.976697744,4161760.72036213,0
2543,313385.890694864,4161760.77138668,0
2544,313385.804692078,4161760.82241139,0
2545,313385.718689349,4161760.87343619,0
2546,313385.632686639,4161760.92446103,0
2547,313385.546683911,4161760.97548584,0
2548,313385.460681127,4161761.02651055,0
2549,313385.374678249,4161761.0775351,0
2550,313385.288675241,4161761.12855943,0
2551,313385.202672064,4161761.17958348,0
2552,313385.116668681,4161761.23060718,0
2553,313385.030665055,4161761.28163048,0
2554,313384.944661148,4161761.33265329,0
2555,313384.858656923,4161761.38367558,0
2556,313384.772652343,4161761.43469726,0
2557,313384.686647428,4161761.48571838,0
2558,313384.600642265,4161761.53673908,0
2559,313384.514636946,4161761.58775952,0
2560,313384.42863156,4161761.63877984,0
2561,313384.342626199,4161761.68980021,0
2562,313384.256620953,4161761.74082077,0
2563,313384.170615914,4161761.79184168,0
2564,313384.084611173,4161761.84286309,0
2565,313383.998606819,4161761.89388516,0
2566,313383.912602945,4161761.94490803,0
2567,313383.826599641,4161761.99593187,0
2568,313383.740596963,4161762.04695676,0
2569,313383.654594786,4161762.09798249,0
2570,313383.568592928,4161762.14900876,0
2571,313383.482591205,4161762.20003526,0
2572,313383.396589434,4161762.25106168,0
2573,313383.310587432,4161762.30208771,0
2574,313383.224585014,4161762.35311304,0
2575,313383.138581998,4161762.40413736,0
2576,313383.052578201,4161762.45516036,0
2577,313382.966573449,4161762.50618176,0
2578,313382.880567623,4161762.55720134,0
2579,313382.794560621,4161762.60821894,0
2580,313382.708552343,4161762.65923439,0
2581,313382.622542685,4161762.71024752,0
2582,313382.536531548,4161762.76125815,0
2583,313382.450518829,4161762.81226611,0
2584,313382.36450443,4161762.86327124,0
2585,313382.278488323,4161762.91427348,0
2586,313382.192470553,4161762.96527293,0
2587,313382.106451168,4161763.01626965,0
2588,313382.020430216,4161763.06726372,0
2589,313381.934407745,4161763.11825524,0
2590,313381.848383803,4161763.16924427,0
2591,313381.762358437,4161763.2202309,0
2592,313381.676331695,4161763.27121521,0
2593,313381.590303586,4161763.32219722,0
2594,313381.504274056,4161763.37317682,0
2595,313381.418243039,4161763.42415392,0
2596,313381.332210474,4161763.4751284,0
2597,313381.246176297,4161763.52610016,0
2598,313381.160140446,4161763.5770691,0
2599,313381.074102856,4161763.6280351,0
2600,313380.988063466,4161763.67899806,0
2601,313380.902022212,4161763.72995787,0
2602,313380.815979031,4161763.78091443,0
2603,313380.72993386,4161763.83186763,0
2604,313380.643886687,4161763.88281745,0
2605,313380.5578376,4161763.93376404,0
2606,313380.471786695,4161763.98470755,0
2607,313380.385734071,4161764.03564816,0
2608,313380.299679825,4161764.08658603,0
2609,313380.213624054,4161764.13752133,0
2610,313380.127566857,4161764.18845422,0
2611,313380.04150833,4161764.23938486,0
2612,313379.955448572,4161764.29031342,0
2613,313379.869387681,4161764.34124006,0
2614,313379.783325753,4161764.39216496,0
2615,313379.697262886,4161764.44308826,0
2616,313379.611199179,4161764.49401015,0
2617,313379.525134728,4161764.54493078,0
2618,313379.439069632,4161764.59585032,0
2619,313379.353003933,4161764.64676884,0
2620,313379.266937593,4161764.69768628,0
2621,313379.180870566,4161764.74860255,0
2622,313379.094802804,4161764.79951758,0
2623,313379.008734262,4161764.85043129,0
2624,313378.922664892,4161764.9013436,0
2625,313378.836594648,4161764.95225444,0
2626,313378.750523482,4161765.00316371,0
2627,313378.664451349,4161765.05407135,0
2628,313378.578378219,4161765.10497731,0
2629,313378.492304178,4161765.15588172,0
2630,313378.406229363,4161765.20678483,0
2631,313378.320153909,4161765.25768685,0
2632,313378.234077954,4161765.30858803,0
2633,313378.148001632,4161765.35948859,0
2634,313378.061925082,4161765.41038876,0
2635,313377.975848437,4161765.46128878,0
2636,313377.889771836,4161765.51218886,0
2637,313377.803695414,4161765.56308925,0
2638,313377.7176193,4161765.61399016,0
2639,313377.631543514,4161765.66489163,0
2640,313377.545467996,4161765.71579354,0
2641,313377.459392681,4161765.7666958,0
2642,313377.373317506,4161765.8175983,0
2643,313377.287242408,4161765.86850093,0
2644,313377.201167324,4161765.91940358,0
2645,313377.115092189,4161765.97030615,0
2646,313377.02901696,4161766.02120855,0
2647,313376.942941682,4161766.07211087,0
2648,313376.856866429,4161766.12301324,0
2649,313376.770791274,4161766.17391577,0
2650,313376.684716292,4161766.22481859,0
2651,313376.598641557,4161766.27572184,0
2652,313376.512567143,4161766.32662562,0
2653,313376.426493124,4161766.37753007,0
2654,313376.340419574,4161766.42843532,0
2655,313376.254346559,4161766.47934147,0
2656,313376.168274141,4161766.53024863,0
2657,313376.08220238,4161766.5811569,0
2658,313375.996131339,4161766.63206639,0
2659,313375.910061076,4161766.68297719,0
2660,313375.823991654,4161766.73388942,0
2661,313375.737923133,4161766.78480317,0
2662,313375.651855574,4161766.83571854,0
2663,313375.565789038,4161766.88663565,0
2664,313375.479723585,4161766.93755458,0
2665,313375.393659277,4161766.98847545,0
2666,313375.307596174,4161767.03939836,0
2667,313375.221534337,4161767.0903234,0
2668,313375.135473828,4161767.14125069,0
2669,313375.049414704,4161767.19218032,0
2670,313374.963356973,4161767.2431123,0
2671,313374.877300576,4161767.29404654,0
2672,313374.791245448,4161767.34498292,0
2673,313374.705191527,4161767.39592134,0
2674,313374.619138751,4161767.4468617,0
2675,313374.533087055,4161767.49780388,0
2676,313374.447036378,4161767.54874778,0
2677,313374.360986655,4161767.59969329,0
2678,313374.274937823,4161767.65064031,0
2679,313374.18888982,4161767.70158873,0
2680,313374.10284259,4161767.75253845,0
2681,313374.016796126,4161767.80348946,0
2682,313373.930750444,4161767.8544418,0
2683,313373.844705558,4161767.90539548,0
2684,313373.758661484,4161767.95635053,0
2685,313373.672618237,4161768.00730698,0
2686,313373.586575832,4161768.05826485,0
2687,313373.500534285,4161768.10922417,0
2688,313373.414493601,4161768.16018495,0
2689,313373.328453767,4161768.21114716,0
2690,313373.242414766,4161768.26211078,0
2691,313373.156376582,4161768.31307577,0
2692,313373.0703392,4161768.36404212,0
2693,313372.984302603,4161768.4150098,0
2694,313372.898266776,4161768.46597878,0
2695,313372.812231703,4161768.51694903,0
2696,313372.726197368,4161768.56792052,0
2697,313372.640163755,4161768.61889324,0
2698,313372.554130848,4161768.66986714,0
2699,313372.468098631,4161768.72084221,0
2700,313372.382067089,4161768.77181842,0
2701,313372.296036205,4161768.82279574,0
2702,313372.210005963,4161768.87377414,0
2703,313372.123976348,4161768.9247536,0
2704,313372.037947343,4161768.97573409,0
2705,313371.951918944,4161769.0267156,0
2706,313371.86589115,4161769.07769813,0
2707,313371.779863964,4161769.12868169,0
2708,313371.693837386,4161769.17966628,0
2709,313371.607811419,4161769.23065189,0
2710,313371.521786064,4161769.28163854,0
2711,313371.435761321,4161769.33262622,0
2712,313371.349737194,4161769.38361494,0
2713,313371.263713657,4161769.43460466,0
2714,313371.177690573,4161769.48559514,0
2715,313371.09166778,4161769.53658611,0
2716,313371.005645113,4161769.58757729,0
2717,313370.919622409,4161769.63856841,0
2718,313370.833599502,4161769.68955919,0
2719,313370.747576233,4161769.74054936,0
2720,313370.661552524,4161769.79153878,0
2721,313370.575528401,4161769.84252751,0
2722,313370.489503894,4161769.89351559,0
2723,313370.403479034,4161769.94450307,0
2724,313370.317453851,4161769.99549001,0
2725,313370.231428375,4161770.04647646,0
2726,313370.145402637,4161770.09746246,0
2727,313370.059376645,4161770.14844803,0
2728,313369.97335037,4161770.19943313,0
2729,313369.88732378,4161770.25041769,0
2730,313369.801296844,4161770.30140167,0
2731,313369.715269528,4161770.35238501,0
2732,313369.629241801,4161770.40336766,0
2733,313369.543213632,4161770.45434956,0
2734,313369.457184987,4161770.50533065,0
2735,313369.371155835,4161770.5563109,0
2736,313369.285126138,4161770.60729022,0
2737,313369.199095835,4161770.65826852,0
2738,313369.113064862,4161770.70924568,0
2739,313369.027033154,4161770.76022161,0
2740,313368.941000646,4161770.81119619,0
2741,313368.854967273,4161770.86216931,0
2742,313368.76893297,4161770.91314086,0
2743,313368.682897671,4161770.96411072,0
2744,313368.596861313,4161771.0150788,0
2745,313368.510823829,4161771.06604498,0
2746,313368.424785152,4161771.11700915,0
2747,313368.338745214,4161771.16797119,0
2748,313368.252703947,4161771.21893098,0
2749,313368.166661282,4161771.26988842,0
2750,313368.08061715,4161771.32084338,0
2751,313367.994571484,4161771.37179574,0
2752,313367.908524215,4161771.4227454,0
2753,313367.822475275,4161771.47369224,0
2754,313367.736424596,4161771.52463614,0
2755,313367.650372108,4161771.57557698,0
2756,313367.564317744,4161771.62651465,0
2757,313367.478261436,4161771.67744904,0
2758,313367.392203114,4161771.72838003,0
2759,313367.306142712,4161771.7793075,0
2760,313367.220080181,4161771.83023137,0
2761,313367.134015622,4161771.88115181,0
2762,313367.047949193,4161771.9320691,0
2763,313366.961881055,4161771.98298349,0
2764,313366.875811367,4161772.03389527,0
2765,313366.789740289,4161772.08480469,0
2766,313366.703667981,4161772.13571204,0
2767,313366.617594603,4161772.18661758,0
2768,313366.531520318,4161772.23752158,0
2769,313366.445445308,4161772.28842436,0
2770,313366.359369771,4161772.33932624,0
2771,313366.273293901,4161772.39022756,0
2772,313366.187217894,4161772.44112865,0
2773,313366.101141944,4161772.49202984,0
2774,313366.015066247,4161772.54293146,0
2775,313365.928990832,4161772.59383355,0
2776,313365.842915309,4161772.64473546,0
2777,313365.75683922,4161772.69563642,0
2778,313365.670762106,4161772.74653564,0
2779,313365.584683512,4161772.79743235,0
2780,313365.498602979,4161772.84832579,0
2781,313365.41252005,4161772.89921517,0
2782,313365.326434268,4161772.95009973,0
2783,313365.240345182,4161773.00097869,0
2784,313365.154252756,4161773.051852,0
2785,313365.068157545,4161773.1027206,0
2786,313364.982060156,4161773.15358552,0
2787,313364.895961193,4161773.20444777,0
2788,313364.809861261,4161773.25530838,0
2789,313364.723760965,4161773.30616838,0
2790,313364.63766091,4161773.35702878,0
2791,313364.551561606,4161773.40789046,0
2792,313364.465463052,4161773.4587534,0
2793,313364.379365072,4161773.50961732,0
2794,313364.293267493,4161773.56048191,0
2795,313364.207170139,4161773.61134689,0
2796,313364.121072835,4161773.66221195,0
2797,313364.034975408,4161773.7130768,0
2798,313363.948877683,4161773.76394115,0
2799,313363.862779483,4161773.81480469,0
2800,313363.776680637,4161773.86566714,0
2801,313363.690580967,4161773.91652819,0
2802,313363.6044803,4161773.96738756,0
2803,313363.518378461,4161774.01824494,0
2804,313363.432275276,4161774.06910004,0
2805,313363.346170654,4161774.11995271,0
2806,313363.260064845,4161774.17080337,0
2807,313363.173958182,4161774.22165258,0
2808,313363.087851001,4161774.27250092,0
2809,313363.001743633,4161774.32334894,0
2810,313362.915636415,4161774.37419722,0
2811,313362.829529658,4161774.42504627,0
2812,313362.743423501,4161774.47589634,0
2813,313362.657317986,4161774.5267475,0
2814,313362.571213159,4161774.57759982,0
2815,313362.485109063,4161774.62845339,0
2816,313362.399005742,4161774.67930826,0
2817,313362.31290324,4161774.73016452,0
2818,313362.2268016,4161774.78102224,0
2819,313362.140700868,4161774.83188149,0
2820,313362.054601077,4161774.88274234,0
2821,313361.968502232,4161774.93360479,0
2822,313361.88240433,4161774.98446884,0
2823,313361.796307366,4161775.03533448,0
2824,313361.710211339,4161775.0862017,0
2825,313361.624116243,4161775.1370705,0
2826,313361.538022077,4161775.18794087,0
2827,313361.451928837,4161775.2388128,0
2828,313361.365836519,4161775.2896863,0
2829,313361.279745098,4161775.34056132,0
2830,313361.193654524,4161775.39143776,0
2831,313361.107564742,4161775.44231555,0
2832,313361.0214757,4161775.4931946,0
2833,313360.935387344,4161775.5440748,0
2834,313360.849299621,4161775.59495607,0
2835,313360.763212475,4161775.64583832,0
2836,313360.677125756,4161775.6967213,0
2837,313360.591039218,4161775.74760458,0
2838,313360.504952605,4161775.79848773,0
2839,313360.418865663,4161775.84937033,0
2840,313360.332778139,4161775.90025194,0
2841,313360.246689776,4161775.95113213,0
2842,313360.160600323,4161776.00201048,0
2843,313360.074509523,4161776.05288654,0
2844,313359.988417123,4161776.1037599,0
2845,313359.902322869,4161776.15463012,0
2846,313359.816226505,4161776.20549677,0
2847,313359.730127779,4161776.25635942,0
2848,313359.644026436,4161776.30721764,0
2849,313359.557922453,4161776.3580714,0
2850,313359.471816466,4161776.40892176,0
2851,313359.385709227,4161776.45977,0
2852,313359.299601488,4161776.51061739,0
2853,313359.213494002,4161776.56146521,0
2854,313359.127387519,4161776.61231473,0
2855,313359.041282793,4161776.66316722,0
2856,313358.95518046,4161776.71402376,0
2857,313358.869079993,4161776.76488346,0
2858,313358.782980187,4161776.81574428,0
2859,313358.696879831,4161776.86660417,0
2860,313358.610777715,4161776.91746107,0
2861,313358.524672627,4161776.96831295,0
2862,313358.438563356,4161777.01915775,0
2863,313358.352448689,4161777.06999343,0
2864,313358.266327417,4161777.12081792,0
2865,313358.180198467,4161777.17162942,0
2866,313358.094061211,4161777.22242685,0
2867,313358.007915114,4161777.27320927,0
2868,313357.921759638,4161777.32397577,0
2869,313357.835594245,4161777.3747254,0
2870,313357.749418398,4161777.42545724,0
2871,313357.66323157,4161777.47617038,0
2872,313357.577033777,4161777.52686483,0
2873,313357.490825845,4161777.57754202,0
2874,313357.404608668,4161777.62820348,0
2875,313357.318383142,4161777.67885074,0
2876,313357.232150159,4161777.72948533,0
2877,313357.145910615,4161777.78010878,0
2878,313357.059665402,4161777.83072262,0
2879,313356.973415415,4161777.88132838,0
2880,313356.887161547,4161777.93192761,0
2881,313356.800904694,4161777.98252182,0
2882,313356.714645749,4161778.03311254,0
2883,313356.628385605,4161778.08370132,0
2884,313356.542124142,4161778.13428794,0
2885,313356.455855613,4161778.18486249,0
2886,313356.369572334,4161778.23541174,0
2887,313356.283266617,4161778.28592248,0
2888,313356.196930777,4161778.33638144,0
2889,313356.110557127,4161778.38677541,0
2890,313356.024138555,4161778.43709214,0
2891,313355.937676575,4161778.48733425,0
2892,313355.851179362,4161778.53751583,0
2893,313355.764655265,4161778.58765127,0
2894,313355.67811263,4161778.63775497,0
2895,313355.591559805,4161778.68784133,0
2896,313355.505005138,4161778.73792472,0
2897,313355.418456978,4161778.78801956,0
2898,313355.331923707,4161778.83814027,0
2899,313355.245414057,4161778.88830175,0
2900,313355.158936952,4161778.93851912,0
2901,313355.07250132,4161778.98880755,0
2902,313354.986116089,4161779.03918216,0
2903,313354.899790185,4161779.08965811,0
2904,313354.813532536,4161779.14025052,0
2905,313354.727350881,4161779.1909725,0
2906,313354.641245297,4161779.24182383,0
2907,313354.555212817,4161779.29279904,0
2908,313354.469250467,4161779.34389266,0
2909,313354.383355272,4161779.3950992,0
2910,313354.297524259,4161779.44641318,0
2911,313354.211754405,4161779.49782903,0
2912,313354.126041324,4161779.54933917,0
2913,313354.040379077,4161779.60093367,0
2914,313353.954761642,4161779.6526025,0
2915,313353.869182995,4161779.7043356,0
2916,313353.783637113,4161779.75612293,0
2917,313353.698117974,4161779.80795445,0
2918,313353.612619565,4161779.85982013,0
2919,313353.52713757,4161779.91171277,0
2920,313353.441671261,4161779.96363117,0
2921,313353.356220372,4161780.01557488,0
2922,313353.270784632,4161780.06754346,0
2923,313353.185363775,4161780.11953647,0
2924,313353.099957532,4161780.17155347,0
2925,313353.014565631,4161780.22359401,0
2926,313352.92918762,4161780.27565734,0
2927,313352.843822779,4161780.32774227,0
2928,313352.758470364,4161780.37984759,0
2929,313352.673129635,4161780.43197206,0
2930,313352.587799847,4161780.48411447,0
2931,313352.502480258,4161780.53627359,0
2932,313352.417170126,4161780.58844819,0
2933,313352.331868709,4161780.64063705,0
2934,313352.246575263,4161780.69283895,0
2935,313352.161289046,4161780.74505267,0
2936,313352.076009316,4161780.79727697,0
2937,313351.99073533,4161780.84951063,0
2938,313351.905466349,4161780.90175245,0
2939,313351.820201766,4161780.95400141,0
2940,313351.734941141,4161781.00625681,0
2941,313351.649684044,4161781.05851795,0
2942,313351.564430043,4161781.11078414,0
2943,313351.479178708,4161781.16305467,0
2944,313351.39392961,4161781.21532884,0
2945,313351.308682333,4161781.26760599,0
2946,313351.223436626,4161781.31988571,0
2947,313351.138192328,4161781.37216773,0
2948,313351.052949282,4161781.42445179,0
2949,313350.967707327,4161781.47673763,0
2950,313350.882466306,4161781.529025,0
2951,313350.79722606,4161781.58131364,0
2952,313350.711986434,4161781.63360328,0
2953,313350.626747341,4161781.68589379,0
2954,313350.541508757,4161781.73818512,0
2955,313350.456270662,4161781.79047726,0
2956,313350.371033034,4161781.84277015,0
2957,313350.285795853,4161781.89506377,0
2958,313350.200559097,4161781.94735809,0
2959,313350.115322745,4161781.99965306,0
2960,313350.030086777,4161782.05194866,0
2961,313349.944851172,4161782.10424485,0
2962,313349.859615908,4161782.1565416,0
2963,313349.774380965,4161782.20883887,0
2964,313349.689146323,4161782.26113663,0
2965,313349.603911985,4161782.31343488,0
2966,313349.518677972,4161782.36573367,0
2967,313349.433444307,4161782.41803302,0
2968,313349.348211012,4161782.47033298,0
2969,313349.26297811,4161782.52263357,0
2970,313349.177745622,4161782.57493485,0
2971,313349.09251357,4161782.62723683,0
2972,313349.007281956,4161782.67953952,0
2973,313348.922050774,4161782.73184292,0
2974,313348.836820013,4161782.78414701,0
2975,313348.751589665,4161782.83645177,0
2976,313348.666359723,4161782.88875719,0
2977,313348.581130176,4161782.94106325,0
2978,313348.495901017,4161782.99336995,0
2979,313348.410672237,4161783.04567726,0
2980,313348.325443827,4161783.09798518,0
2981,313348.240215778,4161783.15029368,0
2982,313348.154988082,4161783.20260276,0
2983,313348.069760653,4161783.25491228,0
2984,313347.984533194,4161783.30722175,0
2985,313347.899305376,4161783.35953063,0
2986,313347.814076868,4161783.41183839,0
2987,313347.728847341,4161783.46414448,0
2988,313347.643616465,4161783.51644838,0
2989,313347.55838391,4161783.56874954,0
2990,313347.473149801,4161783.62104816,0
2991,313347.387915312,4161783.67334617,0
2992,313347.302681771,4161783.72564572,0
2993,313347.217450505,4161783.77794899,0
2994,313347.132222841,4161783.83025812,0
2995,313347.047000092,4161783.88257528,0
2996,313346.961782363,4161783.93490062,0
2997,313346.876567718,4161783.98723099,0
2998,313346.791354025,4161784.03956291,0
2999,313346.706139147,4161784.09189291,0
3000,313346.620920953,4161784.14421749,0
3001,313346.535697308,4161784.19653319,0
3002,313346.450466078,4161784.24883651,0
3003,313346.36522513,4161784.30112399,0
3004,313346.279972329,4161784.35339214,0
3005,313346.194705541,4161784.40563748,0
3006,313346.109422634,4161784.45785653,0
3007,313346.024121711,4161784.51004619,0
3008,313345.938802296,4161784.56220567,0
3009,313345.853464433,4161784.61433501,0
3010,313345.768108165,4161784.66643425,0
3011,313345.682733538,4161784.71850342,0
3012,313345.597340597,4161784.77054257,0
3013,313345.511929385,4161784.82255175,0
3014,313345.426499947,4161784.87453099,0
3015,313345.341052328,4161784.92648033,0
3016,313345.255586572,4161784.97839982,0
3017,313345.170102723,4161785.0302895,0
3018,313345.084600827,4161785.08214941,0
3019,313344.999080928,4161785.13397959,0
3020,313344.91354307,4161785.18578008,0
3021,313344.827987297,4161785.23755093,0
3022,313344.742414675,4161785.28929386,0
3023,313344.656830384,4161785.34101746,0
3024,313344.57124065,4161785.39273203,0
3025,313344.485651694,4161785.44444788,0
3026,313344.400069741,4161785.49617531,0
3027,313344.314501013,4161785.54792463,0
3028,313344.228951198,4161785.59970525,0
3029,313344.143422443,4161785.65152068,0
3030,313344.057915464,4161785.70337205,0
3031,313343.97243097,4161785.75526047,0
3032,313343.886969673,4161785.80718708,0
3033,313343.801532282,4161785.85915298,0
3034,313343.716118555,4161785.91115773,0
3035,313343.630722267,4161785.96319111,0
3036,313343.545334881,4161786.01523911,0
3037,313343.459947854,4161786.0672877,0
3038,313343.374552641,4161786.11932287,0
3039,313343.289140714,4161786.17133062,0
3040,313343.203705779,4161786.2233006,0
3041,313343.118246383,4161786.27523036,0
3042,313343.032761699,4161786.32711848,0
3043,313342.947250903,4161786.37896354,0
3044,313342.861713171,4161786.43076411,0
3045,313342.776148199,4161786.48251964,0
3046,313342.690561299,4161786.53423889,0
3047,313342.604961193,4161786.58593631,0
3048,313342.519356654,4161786.63762639,0
3049,313342.433756454,4161786.68932365,0
3050,313342.348169363,4161786.74104261,0
3051,313342.262602655,4161786.79279529,0
3052,313342.177059314,4161786.84458659,0
3053,313342.091541557,4161786.89642013,0
3054,313342.006051603,4161786.94829955,0
3055,313341.920591668,4161787.00022849,0
3056,313341.835163983,4161787.05221058,0
3057,313341.749771363,4161787.10425035,0
3058,313341.664417451,4161787.15635357,0
3059,313341.579105952,4161787.20852611,0
3060,313341.493840572,4161787.26077381,0
3061,313341.408625016,4161787.31310255,0
3062,313341.323462327,4161787.36551711,0
3063,313341.238350238,4161787.41801376,0
3064,313341.15328393,4161787.47058465,0
3065,313341.068258568,4161787.5232219,0
3066,313340.983269317,4161787.57591765,0
3067,313340.898311342,4161787.62866403,0
3068,313340.813379807,4161787.68145317,0
3069,313340.728469879,4161787.73427718,0
3070,313340.643576722,4161787.78712822,0
3071,313340.558695501,4161787.83999839,0
3072,313340.473821381,4161787.89287983,0
3073,313340.388949664,4161787.94576491,0
3074,313340.304077491,4161787.99864901,0
3075,313340.21920331,4161788.05152973,0
3076,313340.134325596,4161788.10440469,0
3077,313340.049442827,4161788.15727151,0
3078,313339.964553485,4161788.21012782,0
3079,313339.879656198,4161788.26297144,0
3080,313339.794749712,4161788.31580032,0
3081,313339.709832776,4161788.36861242,0
3082,313339.624904138,4161788.4214057,0
3083,313339.539962558,4161788.47417814,0
3084,313339.455007816,4161788.52692937,0
3085,313339.370041641,4161788.57966216,0
3086,313339.285065979,4161788.63237968,0
3087,313339.20008278,4161788.68508506,0
3088,313339.11509399,4161788.73778144,0
3089,313339.030101288,4161788.79047153,0
3090,313338.945104392,4161788.84315487,0
3091,313338.860102168,4161788.89582962,0
3092,313338.775093474,4161788.94849392,0
3093,313338.690077169,4161789.00114593,0
3094,313338.605052114,4161789.05378379,0
3095,313338.520017168,4161789.10640566,0
3096,313338.434971191,4161789.15900967,0
3097,313338.349913041,4161789.21159399,0
3098,313338.26484158,4161789.26415676,0
3099,313338.179755665,4161789.31669613,0
3100,313338.094654528,4161789.36921084,0
3101,313338.009538873,4161789.42170204,0
3102,313337.924409774,4161789.47417144,0
3103,313337.839268301,4161789.52662077,0
3104,313337.754115528,4161789.57905176,0
3105,313337.668952517,4161789.6314661,0
3106,313337.583780086,4161789.68386513,0
3107,313337.498598782,4161789.73624973,0
3108,313337.413409141,4161789.78862077,0
3109,313337.328211697,4161789.84097911,0
3110,313337.243006985,4161789.89332562,0
3111,313337.157795652,4161789.94566135,0
3112,313337.07257904,4161789.99798848,0
3113,313336.987358748,4161790.05030962,0
3114,313336.902136381,4161790.10262739,0
3115,313336.816913541,4161790.15494438,0
3116,313336.731691811,4161790.20726318,0
3117,313336.646472136,4161790.25958532,0
3118,313336.561254663,4161790.31191105,0
3119,313336.476039493,4161790.36424053,0
3120,313336.390826723,4161790.41657393,0
3121,313336.305616454,4161790.46891139,0
3122,313336.220408728,4161790.52125301,0
3123,313336.135202925,4161790.57359776,0
3124,313336.049997995,4161790.62594393,0
3125,313335.964792878,4161790.6782898,0
3126,313335.879586516,4161790.73063364,0
3127,313335.794377849,4161790.78297373,0
3128,313335.709165819,4161790.83530833,0
3129,313335.623949366,4161790.88763573,0
3130,313335.538727431,4161790.93995418,0
3131,313335.453498956,4161790.99226198,0
3132,313335.368262881,4161791.04455739,0
3133,313335.283018165,4161791.09683872,0
3134,313335.197765162,4161791.14910654,0
3135,313335.112506643,4161791.20136536,0
3136,313335.027245618,4161791.2536201,0
3137,313334.941985096,4161791.30587567,0
3138,313334.856728087,4161791.35813696,0
3139,313334.771477532,4161791.41040878,0
3140,313334.686234326,4161791.46269258,0
3141,313334.600997027,4161791.51498601,0
3142,313334.515764067,4161791.56728651,0
3143,313334.430533877,4161791.61959153,0
3144,313334.345304889,4161791.67189851,0
3145,313334.26007556,4161791.72420493,0
3146,313334.174844879,4161791.77650915,0
3147,313334.089612329,4161791.82881032,0
3148,313334.004377412,4161791.88110764,0
3149,313333.919139631,4161791.93340028,0
3150,313333.833898488,4161791.98568744,0
3151,313333.748653661,4161792.0379686,0
3152,313333.663405702,4161792.09024465,0
3153,313333.578155446,4161792.14251695,0
3154,313333.492903724,4161792.19478687,0
3155,313333.407651369,4161792.24705575,0
3156,313333.322399214,4161792.29932496,0
3157,313333.237147861,4161792.35159548,0
3158,313333.15189741,4161792.40386746,0
3159,313333.066647893,4161792.45614097,0
3160,313332.981399343,4161792.50841606,0
3161,313332.896151793,4161792.56069278,0
3162,313332.810905275,4161792.61297118,0
3163,313332.725659802,4161792.66525128,0
3164,313332.640415335,4161792.71753303,0
3165,313332.555171827,4161792.76981634,0
3166,313332.469929232,4161792.82210113,0
3167,313332.384687502,4161792.87438734,0
3168,313332.29944659,4161792.92667488,0
3169,313332.21420645,4161792.97896368,0
3170,313332.128967034,4161793.03125366,0
3171,313332.043728295,4161793.08354474,0
3172,313331.958490186,4161793.13583686,0
3173,313331.873252661,4161793.18812992,0
3174,313331.788015672,4161793.24042385,0
3175,313331.702779184,4161793.29271861,0
3176,313331.617543182,4161793.34501415,0
3177,313331.532307652,4161793.39731047,0
3178,313331.44707258,4161793.44960753,0
3179,313331.361837953,4161793.50190531,0
3180,313331.276603759,4161793.5542038,0
3181,313331.191370029,4161793.60650305,0
3182,313331.106136847,4161793.65880319,0
3183,313331.020904299,4161793.71110436,0
3184,313330.935672473,4161793.76340671,0
3185,313330.850441454,4161793.81571038,0
3186,313330.765211329,4161793.8680155,0
3187,313330.679982268,4161793.92032236,0
3188,313330.594754648,4161793.97263156,0
3189,313330.509528877,4161794.02494378,0
3190,313330.424305365,4161794.07725968,0
3191,313330.339084519,4161794.12957992,0
3192,313330.253866749,4161794.18190516,0
3193,313330.168652147,4161794.23423557,0
3194,313330.083440094,4161794.28657013,0
3195,313329.998229872,4161794.33890767,0
3196,313329.913020764,4161794.39124702,0
3197,313329.827812053,4161794.44358702,0
3198,313329.742603022,4161794.4959265,0
3199,313329.6573931,4161794.54826453,0
3200,313329.572182196,4161794.60060096,0
3201,313329.486970317,4161794.6529358,0
3202,313329.40175747,4161794.70526907,0
3203,313329.316543663,4161794.75760077,0
3204,313329.231328903,4161794.80993092,0
3205,313329.146113196,4161794.86225953,0
3206,313329.060896549,4161794.91458661,0
3207,313328.975678971,4161794.96691217,0
3208,313328.890460467,4161795.01923623,0
3209,313328.805241045,4161795.07155878,0
3210,313328.720020712,4161795.12387986,0
3211,313328.634799522,4161795.17619954,0
3212,313328.549577757,4161795.22851828,0
3213,313328.464355765,4161795.28083665,0
3214,313328.379133896,4161795.33315523,0
3215,313328.293912499,4161795.38547457,0
3216,313328.208691923,4161795.43779525,0
3217,313328.12347248,4161795.49011777,0
3218,313328.038254133,4161795.54244208,0
3219,313327.95303666,4161795.59476781,0
3220,313327.867819838,4161795.64709461,0
3221,313327.782603444,4161795.69942209,0
3222,313327.697387254,4161795.75174992,0
3223,313327.612171045,4161795.80407771,0
3224,313327.526954611,4161795.85640513,0
3225,313327.441737764,4161795.90873189,0
3226,313327.356520318,4161795.96105766,0
3227,313327.271302085,4161796.01338216,0
3228,313327.186082878,4161796.06570506,0
3229,313327.10086251,4161796.11802608,0
3230,313327.015640915,4161796.1703451,0
3231,313326.930418349,4161796.22266254,0
3232,313326.845195115,4161796.27497889,0
3233,313326.759971519,4161796.32729465,0
3234,313326.674747868,4161796.37961032,0
3235,313326.589524466,4161796.4319264,0
3236,313326.504301618,4161796.48424338,0
3237,313326.419079631,4161796.53656176,0
3238,313326.33385881,4161796.58888204,0
3239,313326.24863946,4161796.64120471,0
3240,313326.163421886,4161796.69353028,0
3241,313326.078206395,4161796.74585924,0
3242,313325.992993246,4161796.79819201,0
3243,313325.90778224,4161796.85052827,0
3244,313325.822572905,4161796.90286726,0
3245,313325.737364768,4161796.95520819,0
3246,313325.652157355,4161797.00755031,0
3247,313325.566950192,4161797.05989283,0
3248,313325.481742829,4161797.11223502,0
3249,313325.396535266,4161797.16457689,0
3250,313325.311327893,4161797.21691907,0
3251,313325.226121114,4161797.26926221,0
3252,313325.140915334,4161797.32160698,0
3253,313325.055710957,4161797.37395404,0
3254,313324.970508386,4161797.42630403,0
3255,313324.885307914,4161797.47865744,0
3256,313324.800109276,4161797.53101384,0
3257,313324.714912037,4161797.58337251,0
3258,313324.629715759,4161797.63573274,0
3259,313324.544520008,4161797.68809384,0
3260,313324.459324346,4161797.74045508,0
3261,313324.374128384,4161797.79281583,0
3262,313324.288932163,4161797.84517615,0
3263,313324.203735965,4161797.89753652,0
3264,313324.118540071,4161797.94989738,0
3265,313324.033344767,4161798.0022592,0
3266,313323.948150336,4161798.05462244,0
3267,313323.862957059,4161798.10698756,0
3268,313323.77776507,4161798.15935477,0
3269,313323.692574185,4161798.21172378,0
3270,313323.607384183,4161798.26409422,0
3271,313323.52219484,4161798.31646574,0
3272,313323.437005935,4161798.36883797,0
3273,313323.351817246,4161798.42121055,0
3274,313323.266628562,4161798.47358314,0
3275,313323.181439826,4161798.52595565,0
3276,313323.096251085,4161798.57832814,0
3277,313323.011062387,4161798.63070071,0
3278,313322.925873783,4161798.68307343,0
3279,313322.840685321,4161798.73544638,0
3280,313322.755497049,4161798.78781964,0
3281,313322.670309018,4161798.84019329,0
3282,313322.585121275,4161798.89256741,0
3283,313322.49993387,4161798.94494208,0
3284,313322.414746852,4161798.99731738,0
3285,313322.329560271,4161799.04969339,0
3286,313322.244374174,4161799.10207019,0
3287,313322.15918861,4161799.15444785,0
3288,313322.074003616,4161799.20682644,0
3289,313321.988819229,4161799.25920602,0
3290,313321.903635485,4161799.31158664,0
3291,313321.818452421,4161799.36396837,0
3292,313321.733270072,4161799.41635127,0
3293,313321.648088471,4161799.46873538,0
3294,313321.562907468,4161799.52112046,0
3295,313321.477726661,4161799.57350586,0
3296,313321.392545625,4161799.62589088,0
3297,313321.307363938,4161799.67827485,0
3298,313321.222181175,4161799.73065707,0
3299,313321.136996914,4161799.78303685,0
3300,313321.051810777,4161799.83541359,0
3301,313320.966622993,4161799.88778764,0
3302,313320.881434218,4161799.94016008,0
3303,313320.796245112,4161799.99253199,0
3304,313320.711056341,4161800.04490443,0
3305,313320.625868566,4161800.0972785,0
3306,313320.540682451,4161800.14965527,0
3307,313320.455498513,4161800.20203558,0
3308,313320.37031665,4161800.25441926,0
3309,313320.285136592,4161800.30680588,0
3310,313320.19995807,4161800.35919499,0
3311,313320.114780815,4161800.41158617,0
3312,313320.029604557,4161800.46397897,0
3313,313319.944429029,4161800.51637295,0
3314,313319.859254047,4161800.56876782,0
3315,313319.774079575,4161800.62116352,0
3316,313319.688905591,4161800.67356001,0
3317,313319.603732072,4161800.72595726,0
3318,313319.518558994,4161800.77835523,0
3319,313319.433386336,4161800.83075387,0
3320,313319.348214074,4161800.88315317,0
3321,313319.263042186,4161800.93555307,0
3322,313319.17787065,4161800.98795354,0
3323,313319.092699442,4161801.04035454,0
3324,313319.00752854,4161801.09275605,0
3325,313318.922357921,4161801.14515801,0
3326,313318.837187564,4161801.1975604,0
3327,313318.752017471,4161801.24996321,0
3328,313318.666847667,4161801.3023665,0
3329,313318.581678177,4161801.3547703,0
3330,313318.496509029,4161801.40717465,0
3331,313318.411340246,4161801.4595796,0
3332,313318.326171857,4161801.51198518,0
3333,313318.241003879,4161801.56439144,0
3334,313318.155836306,4161801.61679835,0
3335,313318.070669125,4161801.6692059,0
3336,313317.985502322,4161801.72161406,0
3337,313317.900335884,4161801.77402282,0
3338,313317.815169799,4161801.82643215,0
3339,313317.730004054,4161801.87884204,0
3340,313317.644838648,4161801.93125247,0
3341,313317.559673587,4161801.98366347,0
3342,313317.474508874,4161802.03607503,0
3343,313317.389344515,4161802.08848716,0
3344,313317.304180513,4161802.14089988,0
3345,313317.219016873,4161802.19331318,0
3346,313317.133853571,4161802.24572703,0
3347,313317.048690547,4161802.29814134,0
3348,313316.963527735,4161802.35055599,0
3349,313316.878365071,4161802.40297088,0
3350,313316.79320249,4161802.4553859,0
3351,313316.708039927,4161802.50780096,0
3352,313316.622877318,4161802.56021594,0
3353,313316.537714598,4161802.61263073,0
3354,313316.452551702,4161802.66504525,0
3355,313316.367388566,4161802.71745937,0
3356,313316.282225124,4161802.769873,0
3357,313316.197061313,4161802.82228602,0
3358,313316.111897066,4161802.87469834,0
3359,313316.026732311,4161802.92710983,0
3360,313315.941566976,4161802.97952038,0
3361,313315.856400985,4161803.03192986,0
3362,313315.771234266,4161803.08433817,0
3363,313315.686066746,4161803.13674516,0
3364,313315.600898394,4161803.18915081,0
3365,313315.515729456,4161803.24155551,0
3366,313315.43056028,4161803.29395981,0
3367,313315.345391216,4161803.3463643,0
3368,313315.260222612,4161803.39876954,0
3369,313315.175054818,4161803.45117609,0
3370,313315.089888143,4161803.50358447,0
3371,313315.004722471,4161803.55599447,0
3372,313314.919557416,4161803.60840547,0
3373,313314.834392592,4161803.66081685,0
3374,313314.749227612,4161803.71322798,0
3375,313314.664062087,4161803.76563822,0
3376,313314.578895671,4161803.81804701,0
3377,313314.493728306,4161803.87045426,0
3378,313314.408560068,4161803.9228601,0
3379,313314.323391031,4161803.97526463,0
3380,313314.23822127,4161804.02766799,0
3381,313314.153050861,4161804.08007029,0
3382,313314.067879878,4161804.13247166,0
3383,313313.982708387,4161804.18487221,0
3384,313313.897536449,4161804.23727202,0
3385,313313.812364126,4161804.28967122,0
3386,313313.72719148,4161804.34206988,0
3387,313313.642018571,4161804.39446813,0
3388,313313.556845458,4161804.44686603,0
3389,313313.471672153,4161804.49926363,0
3390,313313.386498632,4161804.55166088,0
3391,313313.301324871,4161804.60405773,0
3392,313313.216150845,4161804.65645416,0
3393,313313.130976531,4161804.70885011,0
3394,313313.045801903,4161804.76124556,0
3395,313312.960626939,4161804.81364046,0
3396,313312.875451613,4161804.86603477,0
3397,313312.790275902,4161804.91842845,0
3398,313312.70509978,4161804.97082147,0
3399,313312.619923224,4161805.02321378,0
3400,313312.534746238,4161805.07560539,0
3401,313312.449568997,4161805.12799659,0
3402,313312.36439175,4161805.18038778,0
3403,313312.279214743,4161805.23277936,0
3404,313312.194038223,4161805.28517173,0
3405,313312.108862435,4161805.33756529,0
3406,313312.023687502,4161805.38996024,0
3407,313311.938513143,4161805.44235612,0
3408,313311.853338996,4161805.49475235,0
3409,313311.768164701,4161805.54714834,0
3410,313311.682989898,4161805.5995435,0
3411,313311.597814226,4161805.65193725,0
3412,313311.512637565,4161805.70432939,0
3413,313311.427460367,4161805.75672066,0
3414,313311.342283164,4161805.80911192,0
3415,313311.257106492,4161805.86150404,0
3416,313311.171930883,4161805.91389789,0
3417,313311.086756843,4161805.96629429,0
3418,313311.001584404,4161806.0186933,0
3419,313310.916413206,4161806.07109432,0
3420,313310.83124288,4161806.12349676,0
3421,313310.746073055,4161806.17590001,0
3422,313310.660903362,4161806.22830348,0
3423,313310.575733446,4161806.28070658,0
3424,313310.490563189,4161806.33310913,0
3425,313310.405392652,4161806.38551123,0
3426,313310.320221901,4161806.43791297,0
3427,313310.235051002,4161806.49031448,0
3428,313310.149880018,4161806.54271585,0
3429,313310.064709017,4161806.59511719,0
3430,313309.979538062,4161806.6475186,0
3431,313309.89436722,4161806.69992021,0
3432,313309.809196556,4161806.7523221,0
3433,313309.724026135,4161806.80472438,0
3434,313309.638856028,4161806.85712718,0
3435,313309.553686618,4161806.90953111,0
3436,313309.468518803,4161806.96193763,0
3437,313309.383353525,4161807.01434828,0
3438,313309.29819173,4161807.06676458,0
3439,313309.213034359,4161807.11918806,0
3440,313309.127882238,4161807.17162008,0
3441,313309.042734681,4161807.2240595,0
3442,313308.957589957,4161807.27650353,0
3443,313308.872446315,4161807.32894931,0
3444,313308.787302003,4161807.38139401,0
3445,313308.702155271,4161807.43383478,0
3446,313308.61700495,4161807.48626972,0
3447,313308.531851583,4161807.53869971,0
3448,313308.446696026,4161807.59112615,0
3449,313308.361539136,4161807.64355042,0
3450,313308.27638177,4161807.69597391,0
3451,313308.191224772,4161807.74839801,0
3452,313308.106068531,4161807.80082333,0
3453,313308.020912854,4161807.85324957,0
3454,313307.93575751,4161807.90567636,0
3455,313307.85060227,4161807.95810331,0
3456,313307.765446903,4161808.01053005,0
3457,313307.680291178,4161808.06295621,0
3458,313307.595134865,4161808.11538142,0
3459,313307.509977735,4161808.1678053,0
3460,313307.424819555,4161808.22022747,0
3461,313307.339660096,4161808.27264757,0
3462,313307.254499171,4161808.32506529,0
3463,313307.169337279,4161808.37748143,0
3464,313307.084175476,4161808.42989772,0
3465,313306.999014833,4161808.48231589,0
3466,313306.913856421,4161808.53473769,0
3467,313306.82870131,4161808.58716485,0
3468,313306.743549999,4161808.63959818,0
3469,313306.658401663,4161808.69203634,0
3470,313306.573255288,4161808.74447769,0
3471,313306.48810986,4161808.79692057,0
3472,313306.402964366,4161808.84936335,0
3473,313306.317817827,4161808.90180443,0
3474,313306.232669592,4161808.95424276,0
3475,313306.14751919,4161809.00667757,0
3476,313306.06236615,4161809.05910809,0
3477,313305.977210001,4161809.11153357,0
3478,313305.892050292,4161809.16395326,0
3479,313305.806887016,4161809.21636715,0
3480,313305.721720641,4161809.26877601,0
3481,313305.636551656,4161809.32118063,0
3482,313305.55138055,4161809.3735818,0
3483,313305.466207813,4161809.42598032,0
3484,313305.381033928,4161809.47837698,0
3485,313305.295859365,4161809.53077253,0
3486,313305.210684591,4161809.58316774,0
3487,313305.125510075,4161809.63556337,0
3488,313305.040336285,4161809.68796017,0
3489,313304.955163617,4161809.7403588,0
3490,313304.869992075,4161809.79275926,0
3491,313304.784821533,4161809.84516135,0
3492,313304.699651865,4161809.89756486,0
3493,313304.614482944,4161809.94996958,0
3494,313304.529314645,4161810.00237532,0
3495,313304.44414684,4161810.05478185,0
3496,313304.358979403,4161810.10718899,0
3497,313304.273812208,4161810.15959652,0
3498,313304.188645129,4161810.21200423,0
3499,313304.103478039,4161810.26441193,0
3500,313304.018310889,4161810.31681953,0
3501,313303.933143764,4161810.36922717,0
3502,313303.847976765,4161810.42163502,0
3503,313303.762809993,4161810.47404323,0
3504,313303.677643547,4161810.52645198,0
3505,313303.592477529,4161810.57886141,0
3506,313303.507312037,4161810.63127171,0
3507,313303.422147174,4161810.68368303,0
3508,313303.336983039,4161810.73609552,0
3509,313303.251819732,4161810.78850937,0
3510,313303.166657325,4161810.84092468,0
3511,313303.081495817,4161810.89334144,0
3512,313302.996335194,4161810.94575965,0
3513,313302.911175443,4161810.99817927,0
3514,313302.826016551,4161811.05060029,0
3515,313302.740858505,4161811.10302268,0
3516,313302.655701293,4161811.15544643,0
3517,313302.570544899,4161811.20787151,0
3518,313302.485389313,4161811.26029789,0
3519,313302.400234519,4161811.31272557,0
3520,313302.315080503,4161811.36515451,0
3521,313302.229927232,4161811.41758466,0
3522,313302.144774671,4161811.47001596,0
3523,313302.059622784,4161811.52244835,0
3524,313301.974471536,4161811.57488179,0
3525,313301.889320892,4161811.6273162,0
3526,313301.804170815,4161811.67975154,0
3527,313301.719021271,4161811.73218774,0
3528,313301.633872224,4161811.78462475,0
3529,313301.548723638,4161811.8370625,0
3530,313301.463575478,4161811.88950095,0
3531,313301.37842769,4161811.94194,0
3532,313301.293280205,4161811.99437955,0
3533,313301.208132952,4161812.04681947,0
3534,313301.12298586,4161812.09925965,0
3535,313301.037838858,4161812.15169998,0
3536,313300.952691875,4161812.20414034,0
3537,313300.86754484,4161812.25658061,0
3538,313300.782397681,4161812.30902069,0
3539,313300.69725033,4161812.36146045,0
3540,313300.612102779,4161812.41389989,0
3541,313300.526955177,4161812.46633924,0
3542,313300.441807696,4161812.51877879,0
3543,313300.356660507,4161812.57121882,0
3544,313300.27151378,4161812.62365959,0
3545,313300.186367688,4161812.6761014,0
3546,313300.101222402,4161812.72854451,0
3547,313300.016078092,4161812.78098921,0
3548,313299.930934929,4161812.83343577,0
3549,313299.845793077,4161812.88588446,0
3550,313299.76065252,4161812.93833525,0
3551,313299.675513076,4161812.99078785,0
3552,313299.590374557,4161813.04324195,0
3553,313299.505236777,4161813.09569725,0
3554,313299.420099546,4161813.14815344,0
3555,313299.334962677,4161813.20061022,0
3556,313299.249825982,4161813.25306728,0
3557,313299.164689274,4161813.30552432,0
3558,313299.079552364,4161813.35798103,0
3559,313298.994415064,4161813.41043711,0
3560,313298.909277188,4161813.46289225,0
3561,313298.824138546,4161813.51534615,0
3562,313298.738998952,4161813.56779851,0
3563,313298.653858221,4161813.62024902,0
3564,313298.568716373,4161813.67269771,0
3565,313298.483573703,4161813.72514508,0
3566,313298.39843053,4161813.77759162,0
3567,313298.313287168,4161813.83003786,0
3568,313298.228143936,4161813.88248431,0
3569,313298.143001149,4161813.93493148,0
3570,313298.057859125,4161813.98737989,0
3571,313297.972718179,4161814.03983005,0
3572,313297.887578625,4161814.09228247,0
3573,313297.802440606,4161814.14473738,0
3574,313297.717304026,4161814.19719463,0
3575,313297.632168768,4161814.24965402,0
3576,313297.547034714,4161814.30211537,0
3577,313297.461901749,4161814.35457848,0
3578,313297.376769755,4161814.40704317,0
3579,313297.291638617,4161814.45950925,0
3580,313297.206508217,4161814.51197652,0
3581,313297.121378439,4161814.56444481,0
3582,313297.036249128,4161814.61691385,0
3583,313296.951119956,4161814.66938312,0
3584,313296.865990551,4161814.72185202,0
3585,313296.780860542,4161814.77431993,0
3586,313296.695729555,4161814.82678625,0
3587,313296.610597219,4161814.87925039,0
3588,313296.525463161,4161814.93171172,0
3589,313296.440327009,4161814.98416966,0
3590,313296.35518839,4161815.0366236,0
3591,313296.270047056,4161815.08907313,0
3592,313296.184903235,4161815.14151862,0
3593,313296.09975727,4161815.19396063,0
3594,313296.014609504,4161815.24639972,0
3595,313295.929460279,4161815.29883644,0
3596,313295.844309937,4161815.35127134,0
3597,313295.759158821,4161815.40370499,0
3598,313295.674007274,4161815.45613794,0
3599,313295.588855637,4161815.50857075,0
3600,313295.503704117,4161815.56100374,0
3601,313295.418552526,4161815.61343662,0
3602,313295.333400603,4161815.66586896,0
3603,313295.248248089,4161815.71830034,0
3604,313295.163094725,4161815.77073033,0
3605,313295.077940251,4161815.82315853,0
3606,313294.992784407,4161815.8755845,0
3607,313294.907626934,4161815.92800782,0
3608,313294.822467582,4161815.98042809,0
3609,313294.737306268,4161816.03284517,0
3610,313294.652143065,4161816.08525918,0
3611,313294.566978045,4161816.13767025,0
3612,313294.481811285,4161816.19007848,0
3613,313294.39664286,4161816.24248401,0
3614,313294.311472844,4161816.29488695,0
3615,313294.226301313,4161816.34728744,0
3616,313294.141128342,4161816.39968558,0
3617,313294.055953963,4161816.45208143,0
3618,313293.970778041,4161816.50447477,0
3619,313293.885600405,4161816.55686533,0
3620,313293.800420882,4161816.60925282,0
3621,313293.715239298,4161816.66163696,0
3622,313293.630055482,4161816.71401746,0
3623,313293.54486926,4161816.76639406,0
3624,313293.45968046,4161816.81876646,0
3625,313293.374488928,4161816.87113441,0
3626,313293.289294743,4161816.92349805,0
3627,313293.204098142,4161816.97585776,0
3628,313293.118899367,4161817.02821393,0
3629,313293.033698658,4161817.08056696,0
3630,313292.948496258,4161817.13291723,0
3631,313292.863292406,4161817.18526515,0
3632,313292.778087345,4161817.23761109,0
3633,313292.692881312,4161817.28995545,0
3634,313292.607674461,4161817.34229848,0
3635,313292.522466828,4161817.39464023,0
3636,313292.437258443,4161817.44698076,0
3637,313292.352049335,4161817.49932011,0
3638,313292.266839534,4161817.55165834,0
3639,313292.18162907,4161817.60399548,0
3640,313292.096417971,4161817.65633159,0
3641,313292.011206267,4161817.70866672,0
3642,313291.925993988,4161817.76100091,0
3643,313291.840781162,4161817.81333421,0
3644,313291.75556782,4161817.86566667,0
3645,313291.670353991,4161817.91799834,0
3646,313291.585139752,4161817.97032934,0
3647,313291.499925464,4161818.02266027,0
3648,313291.414711591,4161818.07499186,0
3649,313291.329498597,4161818.12732489,0
3650,313291.244286946,4161818.17966011,0
3651,313291.159077103,4161818.23199826,0
3652,313291.073869531,4161818.28434011,0
3653,313290.988664694,4161818.33668642,0
3654,313290.903463051,4161818.38903792,0
3655,313290.818264734,4161818.44139484,0
3656,313290.733069369,4161818.49375656,0
3657,313290.647876543,4161818.54612241,0
3658,313290.562685839,4161818.59849171,0
3659,313290.477496844,4161818.65086379,0
3660,313290.392309141,4161818.70323798,0
3661,313290.307122316,4161818.7556136,0
3662,313290.221935954,4161818.80798997,0
3663,313290.136749646,4161818.86036642,0
3664,313290.051563122,4161818.91274253,0
3665,313289.966376245,4161818.96511806,0
3666,313289.881188884,4161819.0174928,0
3667,313289.796000907,4161819.06986654,0
3668,313289.710812183,4161819.12223906,0
3669,313289.625622581,4161819.17461016,0
3670,313289.540431969,4161819.22697961,0
3671,313289.455240216,4161819.27934721,0
3672,313289.370047202,4161819.33171275,0
3673,313289.284852987,4161819.38407634,0
3674,313289.199657781,4161819.43643832,0
3675,313289.114461796,4161819.48879903,0
3676,313289.029265242,4161819.54115882,0
3677,313288.944068333,4161819.59351803,0
3678,313288.85887128,4161819.645877,0
3679,313288.773674296,4161819.69823609,0
3680,313288.688477592,4161819.75059563,0
3681,313288.603281378,4161819.80295597,0
3682,313288.518085765,4161819.85531729,0
3683,313288.432890762,4161819.9076796,0
3684,313288.347696372,4161819.9600429,0
3685,313288.262502598,4161820.01240721,0
3686,313288.177309443,4161820.06477253,0
3687,313288.092116909,4161820.11713886,0
3688,313288.006925001,4161820.1695062,0
3689,313287.921733721,4161820.22187457,0
3690,313287.836543072,4161820.27424396,0
3691,313287.751353067,4161820.3266144,0
3692,313287.666163736,4161820.37898594,0
3693,313287.580975111,4161820.43135862,0
3694,313287.495787223,4161820.48373251,0
3695,313287.410600102,4161820.53610764,0
3696,313287.325413782,4161820.58848408,0
3697,313287.240228293,4161820.64086186,0
3698,313287.155043667,4161820.69324105,0
3699,313287.069859936,4161820.7456217,0
3700,313286.98467708,4161820.79800376,0
3701,313286.899494847,4161820.85038685,0
3702,313286.814312921,4161820.90277043,0
3703,313286.729130982,4161820.95515399,0
3704,313286.643948711,4161821.00753701,0
3705,313286.558765791,4161821.05991897,0
3706,313286.473581903,4161821.11229936,0
3707,313286.388396729,4161821.16467766,0
3708,313286.303209951,4161821.21705335,0
3709,313286.218021255,4161821.26942592,0
3710,313286.132830616,4161821.32179533,0
3711,313286.047638406,4161821.37416218,0
3712,313285.962445025,4161821.42652713,0
3713,313285.877250873,4161821.47889082,0
3714,313285.792056352,4161821.53125391,0
3715,313285.706861862,4161821.58361706,0
3716,313285.621667803,4161821.63598091,0
3717,313285.536474578,4161821.68834611,0
3718,313285.451282586,4161821.74071332,0
3719,313285.366092194,4161821.79308313,0
3720,313285.280903389,4161821.84545552,0
3721,313285.195715927,4161821.8978301,0
3722,313285.11052956,4161821.95020646,0
3723,313285.025344042,4161822.00258419,0
3724,313284.940159123,4161822.05496291,0
3725,313284.854974558,4161822.1073422,0
3726,313284.769790097,4161822.15972166,0
3727,313284.684605494,4161822.21210089,0
3728,313284.599420501,4161822.26447948,0
3729,313284.514234871,4161822.31685703,0
3730,313284.429048355,4161822.36923315,0
3731,313284.343860706,4161822.42160742,0
3732,313284.258671676,4161822.47397945,0
3733,313284.173481019,4161822.52634883,0
3734,313284.088288607,4161822.57871535,0
3735,313284.003094813,4161822.63107963,0
3736,313283.917900136,4161822.68344247,0
3737,313283.832705075,4161822.73580468,0
3738,313283.74751013,4161822.78816709,0
3739,313283.662315719,4161822.84053036,0
3740,313283.57712185,4161822.89289452,0
3741,313283.491928399,4161822.94525935,0
3742,313283.406735247,4161822.99762467,0
3743,313283.321542269,4161823.04999028,0
3744,313283.236349346,4161823.10235597,0
3745,313283.151156354,4161823.15472155,0
3746,313283.065963172,4161823.20708682,0
3747,313282.980769677,4161823.25945159,0
3748,313282.895575749,4161823.31181564,0
3749,313282.810381287,4161823.36417884,0
3750,313282.725186333,4161823.41654122,0
3751,313282.639990974,4161823.46890296,0
3752,313282.554795303,4161823.52126418,0
3753,313282.46959941,4161823.57362504,0
3754,313282.384403383,4161823.62598568,0
3755,313282.299207315,4161823.67834626,0
3756,313282.214011294,4161823.73070691,0
3757,313282.128815412,4161823.78306779,0
3758,313282.043619759,4161823.83542904,0
3759,313281.958424424,4161823.88779081,0
3760,313281.873229499,4161823.94015325,0
3761,313281.788035073,4161823.9925165,0
3762,313281.702841236,4161824.0448807,0
3763,313281.61764808,4161824.09724602,0
3764,313281.53245569,4161824.14961258,0
3765,313281.447264043,4161824.20198035,0
3766,313281.362072974,4161824.25434906,0
3767,313281.276882307,4161824.30671842,0
3768,313281.19169187,4161824.35908816,0
3769,313281.106501488,4161824.41145799,0
3770,313281.021311097,4161824.4638278,0
3771,313280.936120832,4161824.51619782,0
3772,313280.850930852,4161824.5685683,0
3773,313280.765741315,4161824.6209395,0
3774,313280.680552377,4161824.67331168,0
3775,313280.595364157,4161824.72568502,0
3776,313280.510176613,4161824.77805947,0
3777,313280.424989663,4161824.83043488,0
3778,313280.339803226,4161824.88281112,0
3779,313280.25461722,4161824.93518806,0
3780,313280.169431558,4161824.98756557,0
3781,313280.084246108,4161825.03994342,0
3782,313279.999060712,4161825.09232136,0
3783,313279.913875213,4161825.14469913,0
3784,313279.828689452,4161825.19707647,0
3785,313279.743503273,4161825.24945313,0
3786,313279.658316607,4161825.301829,0
3787,313279.57312964,4161825.35420439,0
3788,313279.487942605,4161825.40657966,0
3789,313279.402755732,4161825.45895519,0
3790,313279.317569253,4161825.51133137,0
3791,313279.232383342,4161825.56370847,0
3792,313279.147197968,4161825.61608644,0
3793,313279.062013048,4161825.66846515,0
3794,313278.9768285,4161825.72084447,0
3795,313278.89164424,4161825.77322426,0
3796,313278.806460188,4161825.82560438,0
3797,313278.721276261,4161825.8779847,0
3798,313278.636092376,4161825.9303651,0
3799,313278.550908452,4161825.98274543,0
3800,313278.465724405,4161826.03512556,0
3801,313278.380540154,4161826.08750536,0
3802,313278.29535567,4161826.13988478,0
3803,313278.210171082,4161826.19226403,0
3804,313278.124986547,4161826.24464337,0
3805,313278.039802225,4161826.29702305,0
3806,313277.954618273,4161826.34940334,0
3807,313277.869434849,4161826.40178448,0
3808,313277.784252096,4161826.45416672,0
3809,313277.699069971,4161826.50654997,0
3810,313277.613888311,4161826.55893399,0
3811,313277.528706953,4161826.61131849,0
3812,313277.443525736,4161826.66370322,0
3813,313277.358344493,4161826.71608792,0
3814,313277.273163064,4161826.7684723,0
3815,313277.187981283,4161826.82085612,0
3816,313277.102798988,4161826.8732391,0
3817,313277.017616015,4161826.92562098,0
3818,313276.932432208,4161826.9780015,0
3819,313276.847247581,4161827.03038069,0
3820,313276.762062342,4161827.08275888,0
3821,313276.67687671,4161827.13513643,0
3822,313276.591690901,4161827.1875137,0
3823,313276.506505134,4161827.23989103,0
3824,313276.421319598,4161827.29226874,0
3825,313276.336134318,4161827.34464687,0
3826,313276.250949254,4161827.39702535,0
3827,313276.165764368,4161827.44940411,0
3828,313276.080579621,4161827.50178311,0
3829,313275.995394975,4161827.55416226,0
3830,313275.910210386,4161827.60654151,0
3831,313275.825025795,4161827.65892076,0
3832,313275.739841143,4161827.71129991,0
3833,313275.654656371,4161827.76367886,0
3834,313275.569471418,4161827.81605752,0
3835,313275.484286225,4161827.86843578,0
3836,313275.399100731,4161827.92081356,0
3837,313275.313914877,4161827.97319075,0
3838,313275.228728604,4161828.02556726,0
3839,313275.14354185,4161828.07794299,0
3840,313275.058354557,4161828.13031784,0
3841,313274.973166664,4161828.18269172,0
3842,313274.887978116,4161828.23506453,0
3843,313274.802788854,4161828.28743618,0
3844,313274.717598822,4161828.33980658,0
3845,313274.632407964,4161828.39217563,0
3846,313274.547216223,4161828.44454325,0
3847,313274.462023598,4161828.49690942,0
3848,313274.376830195,4161828.54927434,0
3849,313274.291636134,4161828.60163818,0
3850,313274.206441535,4161828.65400115,0
3851,313274.121246515,4161828.70636343,0
3852,313274.03605119,4161828.75872522,0
3853,313273.95085553,4161828.81108646,0
3854,313273.865659348,4161828.86344685,0
3855,313273.780462449,4161828.91580607,0
3856,313273.695264638,4161828.96816381,0
3857,313273.610065719,4161829.02051975,0
3858,313273.524865519,4161829.0728736,0
3859,313273.439664059,4161829.12522541,0
3860,313273.354461468,4161829.17757537,0
3861,313273.269257872,4161829.22992369,0
3862,313273.184053401,4161829.2822706,0
3863,313273.098848183,4161829.33461628,0
3864,313273.013642342,4161829.38696095,0
3865,313272.928435962,4161829.43930475,0
3866,313272.843229109,4161829.49164777,0
3867,313272.758021845,4161829.54399013,0
3868,313272.672814236,4161829.59633192,0
3869,313272.587606345,4161829.64867325,0
3870,313272.502398236,4161829.70101423,0
3871,313272.417189973,4161829.75335496,0
3872,313272.33198162,4161829.80569555,0
3873,313272.246773243,4161829.85803609,0
3874,313272.161564904,4161829.9103767,0
3875,313272.076356667,4161829.96271747,0
3876,313271.991148545,4161830.01505842,0
3877,313271.90594039,4161830.06739933,0
3878,313271.820732026,4161830.11973989,0
3879,313271.735523276,4161830.17207983,0
3880,313271.650313964,4161830.22441885,0
3881,313271.565103913,4161830.27675667,0
3882,313271.479892989,4161830.32909307,0
3883,313271.394681265,4161830.38142816,0
3884,313271.309468873,4161830.43376217,0
3885,313271.224255948,4161830.48609531,0
3886,313271.139042623,4161830.53842779,0
3887,313271.053829031,4161830.59075985,0
3888,313270.968615306,4161830.64309168,0
3889,313270.88340158,4161830.69542352,0
3890,313270.798187989,4161830.74775557,0
3891,313270.712974664,4161830.80008806,0
3892,313270.627761741,4161830.8524212,0
3893,313270.54254935,4161830.90475521,0
3894,313270.457337548,4161830.95709018,0
3895,313270.372126278,4161831.00942601,0
3896,313270.286915472,4161831.0617626,0
3897,313270.201705064,4161831.11409984,0
3898,313270.116494985,4161831.16643761,0
3899,313270.03128517,4161831.21877581,0
3900,313269.94607552,4161831.27111428,0
3901,313269.860865838,4161831.3234527,0
3902,313269.775655907,4161831.37579072,0
3903,313269.690445509,4161831.42812797,0
3904,313269.605234427,4161831.48046412,0
3905,313269.520022443,4161831.53279879,0
3906,313269.43480934,4161831.58513164,0
3907,313269.3495949,4161831.63746231,0
3908,313269.264378906,4161831.68979045,0
3909,313269.17916114,4161831.7421157,0
3910,313269.093941384,4161831.79443772,0
3911,313269.008719422,4161831.84675614,0
3912,313268.923495181,4161831.89907085,0
3913,313268.838269011,4161831.95138241,0
3914,313268.753041343,4161832.00369154,0
3915,313268.667812606,4161832.05599892,0
3916,313268.582583229,4161832.10830526,0
3917,313268.497353637,4161832.16061126,0
3918,313268.412124041,4161832.21291724,0
3919,313268.326894349,4161832.26522307,0
3920,313268.241664445,4161832.31752855,0
3921,313268.156434216,4161832.3698335,0
3922,313268.071203546,4161832.42213774,0
3923,313267.98597232,4161832.47444106,0
3924,313267.900740423,4161832.5267433,0
3925,313267.81550773,4161832.57904424,0
3926,313267.730274118,4161832.63134368,0
3927,313267.645039463,4161832.68364141,0
3928,313267.55980364,4161832.73593725,0
3929,313267.474566524,4161832.78823098,0
3930,313267.389328038,4161832.84052247,0
3931,313267.304088204,4161832.89281177,0
3932,313267.218847063,4161832.94509894,0
3933,313267.133604654,4161832.99738404,0
3934,313267.048361016,4161833.04966714,0
3935,313266.963116187,4161833.10194829,0
3936,313266.877870207,4161833.15422757,0
3937,313266.792623115,4161833.20650504,0
3938,313266.70737495,4161833.25878075,0
3939,313266.622125751,4161833.31105478,0
3940,313266.536875556,4161833.36332719,0
3941,313266.451624406,4161833.41559803,0
3942,313266.366372338,4161833.46786738,0
3943,313266.281119392,4161833.5201353,0
3944,313266.195865607,4161833.57240185,0
3945,313266.110611022,4161833.62466709,0
3946,313266.025355675,4161833.6769311,0
3947,313265.940099573,4161833.72919386,0
3948,313265.854842615,4161833.78145524,0
3949,313265.769584679,4161833.83371502,0
3950,313265.684325645,4161833.885973,0
3951,313265.599065389,4161833.93822899,0
3952,313265.513803795,4161833.9904828,0
3953,313265.428541024,4161834.04273469,0
3954,313265.343277646,4161834.09498559,0
3955,313265.258014265,4161834.14723648,0
3956,313265.172751486,4161834.19948836,0
3957,313265.087489912,4161834.2517422,0
3958,313265.00223005,4161834.30399884,0
3959,313264.916971398,4161834.35625745,0
3960,313264.831712872,4161834.40851626,0
3961,313264.746453381,4161834.46077351,0
3962,313264.661191835,4161834.51302739,0
3963,313264.575927141,4161834.56527614,0
3964,313264.490658612,4161834.61751863,0
3965,313264.405386771,4161834.66975572,0
3966,313264.320112373,4161834.72198863,0
3967,313264.234836173,4161834.7742186,0
3968,313264.149558923,4161834.82644686,0
3969,313264.064281357,4161834.8786746,0
3970,313263.979003927,4161834.93090256,0
3971,313263.8937269,4161834.98313118,0
3972,313263.808450536,4161835.03536088,0
3973,313263.723175098,4161835.08759209,0
3974,313263.637900846,4161835.13982524,0
3975,313263.552627885,4161835.1920605,0
3976,313263.467356061,4161835.24429761,0
3977,313263.382085195,4161835.29653629,0
3978,313263.296815109,4161835.34877624,0
3979,313263.211545625,4161835.40101717,0
3980,313263.126276563,4161835.4532588,0
3981,313263.041007745,4161835.50550082,0
3982,313262.955738993,4161835.55774294,0
3983,313262.870470127,4161835.60998489,0
3984,313262.785200969,4161835.66222635,0
3985,313262.699931408,4161835.71446716,0
3986,313262.614661631,4161835.76670762,0
3987,313262.529391904,4161835.81894815,0
3988,313262.444122494,4161835.87118921,0
3989,313262.35885367,4161835.92343122,0
3990,313262.273585677,4161835.97567458,0
3991,313262.188318566,4161836.02791939,0
3992,313262.10305229,4161836.08016556,0
3993,313262.017786801,4161836.13241301,0
3994,313261.932522048,4161836.18466167,0
3995,313261.847257985,4161836.23691145,0
3996,313261.761994573,4161836.28916229,0
3997,313261.67673178,4161836.34141414,0
3998,313261.591469578,4161836.39366696,0
3999,313261.506207935,4161836.44592069,0
4000,313261.420946822,4161836.49817528,0
4001,313261.335686239,4161836.55043074,0
4002,313261.250426246,4161836.60268716,0
4003,313261.16516691,4161836.65494466,0
4004,313261.079908298,4161836.70720333,0
4005,313260.994650475,4161836.75946329,0
4006,313260.909393448,4161836.81172455,0
4007,313260.824137055,4161836.86398685,0
4008,313260.738881109,4161836.91624987,0
4009,313260.653625419,4161836.96851332,0
4010,313260.568369799,4161837.02077687,0
4011,313260.483114059,4161837.07304023,0
4012,313260.397858011,4161837.12530309,0
4013,313260.312601466,4161837.17756513,0
4014,313260.227344235,4161837.22982606,0
4015,313260.142086131,4161837.28208557,0
4016,313260.056826982,4161837.33434337,0
4017,313259.971566664,4161837.38659926,0
4018,313259.886305061,4161837.43885305,0
4019,313259.801042057,4161837.49110456,0
4020,313259.715777537,4161837.54335359,0
4021,313259.630511429,4161837.59560004,0
4022,313259.545243825,4161837.64784404,0
4023,313259.459974858,4161837.70008581,0
4024,313259.374704659,4161837.75232558,0
4025,313259.28943336,4161837.80456355,0
4026,313259.204161094,4161837.85679994,0
4027,313259.118887991,4161837.90903497,0
4028,313259.033614185,4161837.96126885,0
4029,313258.948339806,4161838.01350179,0
4030,313258.863064987,4161838.06573402,0
4031,313258.777789814,4161838.11796567,0
4032,313258.692514183,4161838.17019657,0
4033,313258.607237949,4161838.22242649,0
4034,313258.521960963,4161838.27465518,0
4035,313258.436683077,4161838.3268824,0
4036,313258.351404144,4161838.37910791,0
4037,313258.266124015,4161838.43133146,0
4038,313258.180842543,4161838.48355282,0
4039,313258.095559579,4161838.53577175,0
4040,313258.010274977,4161838.587988,0
4041,313257.924988588,4161838.64020133,0
4042,313257.839700265,4161838.6924115,0
4043,313257.754409859,4161838.74461826,0
4044,313257.669117223,4161838.79682139,0
4045,313257.583822214,4161838.84902063,0
4046,313257.498524846,4161838.90121603,0
4047,313257.413225287,4161838.95340784,0
4048,313257.327923719,4161839.00559637,0
4049,313257.24262032,4161839.0577819,0
4050,313257.15731527,4161839.10996474,0
4051,313257.072008747,4161839.16214517,0
4052,313256.986700931,4161839.21432349,0
4053,313256.901392001,4161839.26649998,0
4054,313256.816082136,4161839.31867495,0
4055,313256.730771488,4161839.37084863,0
4056,313256.645460107,4161839.42302112,0
4057,313256.560148021,4161839.47519245,0
4058,313256.474835259,4161839.52736268,0
4059,313256.389521846,4161839.57953184,0
4060,313256.304207813,4161839.63169999,0
4061,313256.218893186,4161839.68386717,0
4062,313256.133577993,4161839.73603342,0
4063,313256.048262262,4161839.78819879,0
4064,313255.962946027,4161839.84036334,0
4065,313255.877629459,4161839.89252735,0
4066,313255.792312863,4161839.9446913,0
4067,313255.706996551,4161839.99685573,0
4068,313255.621680834,4161840.04902112,0
4069,313255.536366025,4161840.101188,0
4070,313255.451052434,4161840.15335687,0
4071,313255.365740373,4161840.20552825,0
4072,313255.280430154,4161840.25770263,0
4073,313255.195122087,4161840.30988054,0
4074,313255.109816291,4161840.36206215,0
4075,313255.024512442,4161840.41424695,0
4076,313254.939210155,4161840.4664343,0
4077,313254.853909046,4161840.51862358,0
4078,313254.768608729,4161840.57081416,0
4079,313254.683308821,4161840.6230054,0
4080,313254.598008935,4161840.67519668,0
4081,313254.512708687,4161840.72738736,0
4082,313254.427407693,4161840.77957683,0
4083,313254.34210574,4161840.83176473,0
4084,313254.256802913,4161840.8839512,0
4085,313254.171499332,4161840.93613644,0
4086,313254.086195115,4161840.98832064,0
4087,313254.000890382,4161841.04050399,0
4088,313253.915585251,4161841.0926867,0
4089,313253.830279842,4161841.14486895,0
4090,313253.744974274,4161841.19705094,0
4091,313253.659668665,4161841.24923286,0
4092,313253.574363103,4161841.30141486,0
4093,313253.489057623,4161841.35359699,0
4094,313253.403752248,4161841.4057793,0
4095,313253.318447006,4161841.45796182,0
4096,313253.233141921,4161841.5101446,0
4097,313253.147837021,4161841.56232768,0
4098,313253.062532331,4161841.61451111,0
4099,313252.977227877,4161841.66669492,0
4100,313252.891923685,4161841.71887916,0
4101,313252.80661978,4161841.77106387,0
4102,313252.72131619,4161841.82324909,0
4103,313252.636012939,4161841.87543487,0
4104,313252.550710054,4161841.92762124,0
4105,313252.465407554,4161841.97980825,0
4106,313252.380105352,4161842.03199574,0
4107,313252.294803272,4161842.08418343,0
4108,313252.209501135,4161842.13637103,0
4109,313252.124198764,4161842.18855825,0
4110,313252.038895981,4161842.24074479,0
4111,313251.953592607,4161842.29293037,0
4112,313251.868288463,4161842.34511468,0
4113,313251.782983372,4161842.39729745,0
4114,313251.697677214,4161842.44947848,0
4115,313251.612370077,4161842.5016579,0
4116,313251.527062101,4161842.55383595,0
4117,313251.441753426,4161842.60601286,0
4118,313251.356444189,4161842.65818885,0
4119,313251.27113453,4161842.71036415,0
4120,313251.185824588,4161842.76253899,0
4121,313251.100514501,4161842.81471359,0
4122,313251.015204409,4161842.86688818,0
4123,313250.92989445,4161842.91906299,0
4124,313250.844584764,4161842.97123825,0
4125,313250.759275489,4161843.02341419,0
4126,313250.673966764,4161843.07559102,0
4127,313250.588658589,4161843.12776875,0
4128,313250.503350367,4161843.17994641,0
4129,313250.418041337,4161843.23212274,0
4130,313250.332730741,4161843.28429652,0
4131,313250.247417819,4161843.33646648,0
4132,313250.162101811,4161843.3886314,0
4133,313250.076781958,4161843.44079003,0
4134,313249.991457502,4161843.49294112,0
4135,313249.906127874,4161843.54508375,0
4136,313249.820793695,4161843.59721894,0
4137,313249.735456039,4161843.64934844,0
4138,313249.650115981,4161843.701474,0
4139,313249.564774595,4161843.7535974,0
4140,313249.479432957,4161843.80572038,0
4141,313249.394092142,4161843.8578447,0
4142,313249.308753223,4161843.90997214,0
4143,313249.223417226,4161843.96210435,0
4144,313249.13808437,4161844.0142417,0
4145,313249.052754224,4161844.06638349,0
4146,313248.96742634,4161844.11852898,0
4147,313248.882100268,4161844.17067743,0
4148,313248.796775559,4161844.22282812,0
4149,313248.711451765,4161844.2749803,0
4150,313248.626128436,4161844.32713325,0
4151,313248.540805122,4161844.37928623,0
4152,313248.455481297,4161844.43143836,0
4153,313248.370156294,4161844.48358857,0
4154,313248.28482943,4161844.53573574,0
4155,313248.199500023,4161844.58787874,0
4156,313248.11416739,4161844.64001646,0
4157,313248.02883085,4161844.69214778,0
4158,313247.943489718,4161844.74427158,0
4159,313247.858143393,4161844.79638688,0
4160,313247.772792107,4161844.84849405,0
4161,313247.687436602,4161844.90059432,0
4162,313247.602077629,4161844.9526889,0
4163,313247.516715935,4161845.00477903,0
4164,313247.43135227,4161845.05686593,0
4165,313247.345987382,4161845.10895083,0
4166,313247.260622021,4161845.16103495,0
4167,313247.175256839,4161845.21311936,0
4168,313247.089892015,4161845.26520436,0
4169,313247.004527579,4161845.31728999,0
4170,313246.919163564,4161845.36937632,0
4171,313246.8338,4161845.42146338,0
4172,313246.748436919,4161845.47355123,0
4173,313246.663074353,4161845.52563992,0
4174,313246.577712333,4161845.57772951,0
4175,313246.492350857,4161845.62981999,0
4176,313246.406989839,4161845.68191123,0
4177,313246.32162918,4161845.73400305,0
4178,313246.23626878,4161845.78609529,0
4179,313246.150908541,4161845.8381878,0
4180,313246.065548363,4161845.89028041,0
4181,313245.980188147,4161845.94237296,0
4182,313245.894827758,4161845.99446523,0
4183,313245.809466789,4161846.04655655,0
4184,313245.724104715,4161846.09864605,0
4185,313245.638741008,4161846.15073288,0
4186,313245.553375141,4161846.20281617,0
4187,313245.468006586,4161846.25489505,0
4188,313245.382634816,4161846.30696866,0
4189,313245.297259328,4161846.35903617,0
4190,313245.211880211,4161846.41109773,0
4191,313245.126498178,4161846.46315451,0
4192,313245.041113972,4161846.51520773,0
4193,313244.955728334,4161846.56725859,0
4194,313244.870342008,4161846.61930834,0
4195,313244.784955735,4161846.67135816,0
4196,313244.699570256,4161846.72340929,0
4197,313244.614185974,4161846.77546239,0
4198,313244.528802492,4161846.82751679,0
4199,313244.443419301,4161846.87957168,0
4200,313244.35803589,4161846.9316262,0
4201,313244.272651749,4161846.98367952,0
4202,313244.187266367,4161847.03573081,0
4203,313244.101879236,4161847.08777922,0
4204,313244.016490104,4161847.13982435,0
4205,313243.931099315,4161847.19186677,0
4206,313243.845707294,4161847.24390716,0
4207,313243.760314466,4161847.29594623,0
4208,313243.674921257,4161847.34798468,0
4209,313243.589528093,4161847.4000232,0
4210,313243.504135396,4161847.45206249,0
4211,313243.418743328,4161847.50410282,0
4212,313243.333351635,4161847.55614376,0
4213,313243.247960024,4161847.60818483,0
4214,313243.162568201,4161847.66022556,0
4215,313243.077175874,4161847.71226546,0
4216,313242.99178275,4161847.76430405,0
4217,313242.906388537,4161847.81634085,0
4218,313242.82099294,4161847.86837538,0
4219,313242.735595668,4161847.92040716,0
4220,313242.650196427,4161847.97243571,0
4221,313242.564794924,4161848.02446054,0
4222,313242.479390867,4161848.07648118,0
4223,313242.393983962,4161848.12849714,0
4224,313242.308573917,4161848.18050794,0
4225,313242.223160439,4161848.23251311,0
4226,313242.137743334,4161848.28451232,0
4227,313242.052323016,4161848.33650625,0
4228,313241.966900125,4161848.38849596,0
4229,313241.881475302,4161848.44048249,0
4230,313241.79604919,4161848.49246691,0
4231,313241.710622428,4161848.54445026,0
4232,313241.625195659,4161848.59643359,0
4233,313241.539769523,4161848.64841797,0
4234,313241.454344556,4161848.70040427,0
4235,313241.368920868,4161848.75239266,0
4236,313241.283498455,4161848.80438316,0
4237,313241.198077318,4161848.85637574,0
4238,313241.112657454,4161848.90837042,0
4239,313241.027238864,4161848.9603672,0
4240,313240.941821544,4161849.01236606,0
4241,313240.856405356,4161849.06436679,0
4242,313240.770989086,4161849.11636739,0
4243,313240.685571025,4161849.16836504,0
4244,313240.60014946,4161849.22035693,0
4245,313240.514722677,4161849.27234024,0
4246,313240.429288965,4161849.32431215,0
4247,313240.343846803,4161849.37627017,0
4248,313240.258397047,4161849.4282157,0
4249,313240.17294215,4161849.48015278,0
4250,313240.087484593,4161849.53208549,0
4251,313240.002026857,4161849.58401791,0
4252,313239.916571424,4161849.63595412,0
4253,313239.831119926,4161849.68789681,0
4254,313239.745671291,4161849.73984421,0
4255,313239.660223908,4161849.79179366,0
4256,313239.574776169,4161849.84374253,0
4257,313239.489326462,4161849.89568816,0
4258,313239.403873178,4161849.94762789,0
4259,313239.318414707,4161849.99955908,0
4260,313239.232949438,4161850.05147908,0
4261,313239.147475829,4161850.10338535,0
4262,313239.061993506,4161850.15527726,0
4263,313238.976503102,4161850.20715587,0
4264,313238.89100528,4161850.25902226,0
4265,313238.805500706,4161850.31087753,0
4266,313238.719990044,4161850.36272277,0
4267,313238.634473958,4161850.41455906,0
4268,313238.548953112,4161850.46638751,0
4269,313238.463428324,4161850.51820946,0
4270,313238.377901491,4161850.57002803,0
4271,313238.292374969,4161850.6218471,0
4272,313238.206851117,4161850.67367057,0
4273,313238.121332292,4161850.72550232,0
4274,313238.035820853,4161850.77734625,0
4275,313237.950319159,4161850.82920623,0
4276,313237.864829504,4161850.88108604,0
4277,313237.779351971,4161850.93298584,0
4278,313237.693883903,4161850.98490123,0
4279,313237.608422478,4161851.03682757,0
4280,313237.52296487,4161851.08876021,0
4281,313237.437508254,4161851.14069448,0
4282,313237.352049807,4161851.19262574,0
4283,313237.266586705,4161851.24454934,0
4284,313237.18111654,4161851.2964613,0
4285,313237.095639144,4161851.34836135,0
4286,313237.010155092,4161851.40025044,0
4287,313236.924664959,4161851.4521295,0
4288,313236.83916932,4161851.5039995,0
4289,313236.75366875,4161851.55586136,0
4290,313236.668163826,4161851.60771605,0
4291,313236.582655123,4161851.65956451,0
4292,313236.497143369,4161851.71140793,0
4293,313236.41162961,4161851.76324804,0
4294,313236.326114931,4161851.81508663,0
4295,313236.240600416,4161851.8669255,0
4296,313236.15508715,4161851.91876642,0
4297,313236.069576219,4161851.97061119,0
4298,313235.984068706,4161852.0224616,0
4299,313235.898565528,4161852.07431916,0
4300,313235.81306655,4161852.12618364,0
4301,313235.727571235,4161852.17805416,0
4302,313235.642079046,4161852.22992984,0
4303,313235.556589446,4161852.28180978,0
4304,313235.471101897,4161852.33369311,0
4305,313235.385615862,4161852.38557893,0
4306,313235.300130945,4161852.43746659,0
4307,313235.214647097,4161852.489356,0
4308,313235.129164321,4161852.54124719,0
4309,313235.043682621,4161852.59314014,0
4310,313234.958202002,4161852.64503488,0
4311,313234.872722436,4161852.69693135,0
4312,313234.787243596,4161852.74882902,0
4313,313234.701764995,4161852.80072708,0
4314,313234.616286145,4161852.85262473,0
4315,313234.53080656,4161852.90452117,0
4316,313234.44532575,4161852.9564156,1
4317,313234.359843227,4161853.0083072,2
4318,313234.27435852,4161853.0601952,3
4319,313234.188871591,4161853.11207954,4
4320,313234.103382895,4161853.16396097,5
4321,313234.017892914,4161853.21584029,6
4322,313233.932402128,4161853.26771827,7
