0,313599.687161309,4161623.88831687,0
1,313599.603394838,4161623.94294872,0
2,313599.519700598,4161623.99768752,0
3,313599.436150821,4161624.0526402,0
4,313599.352817739,4161624.10791373,0
5,313599.269773582,4161624.16361503,0
6,313599.187071421,4161624.21982274,0
7,313599.104648845,4161624.27644477,0
8,313599.022400395,4161624.33332543,0
9,313598.940220539,4161624.39030891,0
10,313598.858003746,4161624.44723938,0
11,313598.77564543,4161624.50396243,0
12,313598.693092694,4161624.56039977,0
13,313598.610369935,4161624.61658694,0
14,313598.527507882,4161624.67256881,0
15,313598.444537266,4161624.72839026,0
16,313598.361488813,4161624.78409615,0
17,313598.278393091,4161624.83973112,0
18,313598.195266724,4161624.8953194,0
19,313598.112101883,4161624.95084949,0
20,313598.028888263,4161625.00630625,0
21,313597.945615558,4161625.06167452,0
22,313597.862273464,4161625.11693917,0
23,313597.77886084,4161625.1720987,0
24,313597.695427399,4161625.22722722,0
25,313597.612040392,4161625.28242494,0
26,313597.528767086,4161625.33779207,0
27,313597.445674748,4161625.39342885,0
28,313597.36282071,4161625.44942069,0
29,313597.280159517,4161625.50569972,0
30,313597.197584977,4161625.56210753,0
31,313597.114990111,4161625.61848453,0
32,313597.032267939,4161625.6746711,0
33,313596.949311534,4161625.73050773,0
34,313596.8660531,4161625.78589308,0
35,313596.782533479,4161625.84088735,0
36,313596.698812205,4161625.89557854,0
37,313596.614948816,4161625.95005463,0
38,313596.531002844,4161626.00440361,0
39,313596.447024083,4161626.05869941,0
40,313596.363032005,4161626.11297211,0
41,313596.279040195,4161626.16724331,0
42,313596.195062235,4161626.22153461,0
43,313596.111111709,4161626.27586758,0
44,313596.027202203,4161626.33026383,0
45,313595.943345719,4161626.38474243,0
46,313595.859542439,4161626.43930367,0
47,313595.775787187,4161626.49393933,0
48,313595.69207476,4161626.54864113,0
49,313595.608399956,4161626.60340082,0
50,313595.52475757,4161626.65821013,0
51,313595.441142401,4161626.71306078,0
52,313595.357548564,4161626.76794356,0
53,313595.273968013,4161626.82284627,0
54,313595.190392281,4161626.87775609,0
55,313595.106812896,4161626.93266023,0
56,313595.023221391,4161626.98754589,0
57,313594.939609295,4161627.04240026,0
58,313594.855968139,4161627.09721054,0
59,313594.772294089,4161627.15197096,0
60,313594.688602589,4161627.20670495,0
61,313594.604914092,4161627.26144353,0
62,313594.521249054,4161627.31621775,0
63,313594.437627926,4161627.37105862,0
64,313594.354071164,4161627.42599717,0
65,313594.27059922,4161627.48106443,0
66,313594.187232916,4161627.53629194,0
67,313594.104002175,4161627.59172394,0
68,313594.020946413,4161627.64741789,0
69,313593.938105492,4161627.70343187,0
70,313593.855519272,4161627.75982397,0
71,313593.773227054,4161627.81665146,0
72,313593.691195996,4161627.87386427,0
73,313593.609250635,4161627.93120023,0
74,313593.527198766,4161627.98837227,0
75,313593.444848182,4161628.04509331,0
76,313593.362006678,4161628.10107627,0
77,313593.278520919,4161628.15609127,0
78,313593.194422931,4161628.2101812,0
79,313593.109799925,4161628.26347017,0
80,313593.024739124,4161628.31608227,0
81,313592.939327751,4161628.36814163,0
82,313592.853653026,4161628.41977236,0
83,313592.767801572,4161628.47109782,0
84,313592.681835389,4161628.52221084,0
85,313592.595783764,4161628.57316364,0
86,313592.509673721,4161628.62400565,0
87,313592.423532287,4161628.67478628,0
88,313592.337386484,4161628.72555498,0
89,313592.251263339,4161628.77636115,0
90,313592.165189868,4161628.8272542,0
91,313592.079185916,4161628.87827018,0
92,313591.993251226,4161628.92940758,0
93,313591.907382043,4161628.98065842,0
94,313591.821574609,4161629.03201467,0
95,313591.73582517,4161629.08346834,0
96,313591.650129972,4161629.13501143,0
97,313591.564485432,4161629.186637,0
98,313591.478888232,4161629.23833973,0
99,313591.39333508,4161629.29011448,0
100,313591.307822682,4161629.34195607,0
101,313591.222347743,4161629.39385934,0
102,313591.136907045,4161629.44581925,0
103,313591.051499182,4161629.49783352,0
104,313590.96612465,4161629.54990274,0
105,313590.880784036,4161629.60202768,0
106,313590.795477927,4161629.65420909,0
107,313590.710206907,4161629.70644771,0
108,313590.624971065,4161629.75874351,0
109,313590.539766644,4161629.81109036,0
110,313590.454588113,4161629.86347934,0
111,313590.369429929,4161629.9159015,0
112,313590.284286551,4161629.96834789,0
113,313590.199152452,4161630.02080961,0
114,313590.114024072,4161630.07328082,0
115,313590.028901753,4161630.12576182,0
116,313589.943786295,4161630.17825366,0
117,313589.858678498,4161630.23075735,0
118,313589.773579162,4161630.28327394,0
119,313589.688488139,4161630.33580301,0
120,313589.603397169,4161630.3883318,0
121,313589.518293868,4161630.44084129,0
122,313589.433165819,4161630.49331241,0
123,313589.348000606,4161630.54572608,0
124,313589.262787249,4161630.59806545,0
125,313589.177551184,4161630.65037037,0
126,313589.092356235,4161630.70274042,0
127,313589.007268059,4161630.75527803,0
128,313588.922352311,4161630.80808565,0
129,313588.837674362,4161630.86126525,0
130,313588.753261972,4161630.91486157,0
131,313588.669068184,4161630.96880548,0
132,313588.585037218,4161631.02301444,0
133,313588.501113294,4161631.07740591,0
134,313588.417240597,4161631.13189727,0
135,313588.333338394,4161631.18636014,0
136,313588.249257353,4161631.24054013,0
137,313588.164836437,4161631.29416131,0
138,313588.079914608,4161631.34694778,0
139,313587.994330832,4161631.39862365,0
140,313587.907985806,4161631.44901733,0
141,313587.821001625,4161631.49833135,0
142,313587.733549992,4161631.54685207,0
143,313587.64580261,4161631.59486587,0
144,313587.557931184,4161631.64265911,0
145,313587.470094849,4161631.69049751,0
146,313587.38234137,4161631.73846393,0
147,313587.29466031,4161631.78654565,0
148,313587.207040725,4161631.83472911,0
149,313587.11947167,4161631.88300076,0
150,313587.031942262,4161631.93134713,0
151,313586.944447234,4161631.97976213,0
152,313586.856991251,4161632.02825279,0
153,313586.769579995,4161632.07682744,0
154,313586.68221915,4161632.12549445,0
155,313586.594914398,4161632.17426217,0
156,313586.507670928,4161632.22313815,0
157,313586.420487829,4161632.27212021,0
158,313586.333360091,4161632.32119962,0
159,313586.246282628,4161632.37036752,0
160,313586.159250356,4161632.41961505,0
161,313586.072258188,4161632.46893337,0
162,313585.985301197,4161632.51831389,0
163,313585.898375577,4161632.56774985,0
164,313585.811477998,4161632.61723532,0
165,313585.724605133,4161632.66676436,0
166,313585.637753657,4161632.71633102,0
167,313585.550920242,4161632.76592937,0
168,313585.464101547,4161632.81555343,0
169,313585.377294082,4161632.86519705,0
170,313585.290494275,4161632.91485396,0
171,313585.203698555,4161632.96451789,0
172,313585.116903349,4161633.01418255,0
173,313585.030105085,4161633.0638417,0
174,313584.943300393,4161633.11348939,0
175,313584.856489764,4161633.16312659,0
176,313584.769677148,4161633.21276037,0
177,313584.68286662,4161633.26239804,0
178,313584.596062253,4161633.31204689,0
179,313584.509268123,4161633.36171423,0
180,313584.422488286,4161633.41140734,0
181,313584.335720862,4161633.46112288,0
182,313584.248949094,4161633.51083098,0
183,313584.162153936,4161633.56049766,0
184,313584.075316343,4161633.61008896,0
185,313583.988417267,4161633.6595709,0
186,313583.901437663,4161633.70890952,0
187,313583.814359205,4161633.75807214,0
188,313583.727177752,4161633.80705146,0
189,313583.639902144,4161633.85586343,0
190,313583.552541701,4161633.90452485,0
191,313583.465105743,4161633.95305251,0
192,313583.37760359,4161634.00146321,0
193,313583.290044562,4161634.04977376,0
194,313583.202437978,4161634.09800096,0
195,313583.11479352,4161634.14616222,0
196,313583.027143697,4161634.19431485,0
197,313582.939557067,4161634.24257909,0
198,313582.85210537,4161634.29108073,0
199,313582.764860345,4161634.33994557,0
200,313582.67789369,4161634.38929933,0
201,313582.591246521,4161634.43921365,0
202,313582.504875474,4161634.48961081,0
203,313582.418722718,4161634.5403875,0
204,313582.332730421,4161634.59144042,0
205,313582.246840754,4161634.64266624,0
206,313582.161003006,4161634.69397466,0
207,313582.075201362,4161634.74533895,0
208,313581.989430671,4161634.79675185,0
209,313581.903685784,4161634.84820607,0
210,313581.817961554,4161634.89969437,0
211,313581.732252832,4161634.9512094,0
212,313581.646554435,4161635.00274286,0
213,313581.56086116,4161635.05428575,0
214,313581.475167801,4161635.10582907,0
215,313581.389469155,4161635.15736378,0
216,313581.303760054,4161635.20888096,0
217,313581.218037188,4161635.26037489,0
218,313581.132299925,4161635.31184459,0
219,313581.046547845,4161635.36328942,0
220,313580.960780526,4161635.41470875,0
221,313580.874997548,4161635.46610196,0
222,313580.789198488,4161635.51746839,0
223,313580.703382926,4161635.56880733,0
224,313580.617550438,4161635.62011804,0
225,313580.531700603,4161635.67139974,0
226,313580.445832999,4161635.72265169,0
227,313580.35994721,4161635.77387316,0
228,313580.274043316,4161635.82506422,0
229,313580.18812222,4161635.8762264,0
230,313580.102184902,4161635.92736131,0
231,313580.016232345,4161635.9784706,0
232,313579.93026553,4161636.0295559,0
233,313579.844285445,4161636.08061886,0
234,313579.758293203,4161636.13166134,0
235,313579.672290023,4161636.18268539,0
236,313579.586277127,4161636.23369306,0
237,313579.500255738,4161636.28468642,0
238,313579.414227078,4161636.3356675,0
239,313579.328192265,4161636.3866382,0
240,313579.242151805,4161636.43759936,0
241,313579.156105979,4161636.48855145,0
242,313579.070055065,4161636.53949495,0
243,313578.983999344,4161636.59043033,0
244,313578.897939097,4161636.64135806,0
245,313578.811874652,4161636.6922787,0
246,313578.725806603,4161636.74319324,0
247,313578.639735622,4161636.79410283,0
248,313578.553662385,4161636.84500861,0
249,313578.467587567,4161636.89591171,0
250,313578.381511842,4161636.94681328,0
251,313578.295435884,4161636.99771446,0
252,313578.209360369,4161637.04861638,0
253,313578.123285888,4161637.09952005,0
254,313578.037212633,4161637.1504258,0
255,313577.951140678,4161637.20133374,0
256,313577.865070094,4161637.252244,0
257,313577.779000955,4161637.30315671,0
258,313577.692933333,4161637.35407197,0
259,313577.606867302,4161637.40498993,0
260,313577.520802932,4161637.45591069,0
261,313577.434740256,4161637.50683432,0
262,313577.348679069,4161637.55776046,0
263,313577.262619083,4161637.60868863,0
264,313577.17656001,4161637.65961834,0
265,313577.09050156,4161637.71054912,0
266,313577.004443447,4161637.76148046,0
267,313576.918385448,4161637.81241199,0
268,313576.832327944,4161637.86334437,0
269,313576.746271638,4161637.91427876,0
270,313576.660217235,4161637.96521637,0
271,313576.574165442,4161638.01615839,0
272,313576.488116964,4161638.06710601,0
273,313576.402072508,4161638.11806041,0
274,313576.316032779,4161638.1690228,0
275,313576.229998454,4161638.2199943,0
276,313576.143969368,4161638.27097465,0
277,313576.057944392,4161638.32196194,0
278,313575.971922349,4161638.37295417,0
279,313575.885902059,4161638.42394937,0
280,313575.799882344,4161638.47494554,0
281,313575.713862024,4161638.52594068,0
282,313575.62784019,4161638.57693327,0
283,313575.541817201,4161638.62792392,0
284,313575.455793788,4161638.67891384,0
285,313575.369770685,4161638.72990429,0
286,313575.283748625,4161638.78089649,0
287,313575.197728338,4161638.83189169,0
288,313575.111710545,4161638.88289109,0
289,313575.025695425,4161638.93389501,0
290,313574.939682468,4161638.98490257,0
291,313574.853671116,4161639.03591283,0
292,313574.767660812,4161639.08692487,0
293,313574.681651,4161639.13793773,0
294,313574.595641124,4161639.18895049,0
295,313574.509630694,4161639.23996231,0
296,313574.423619588,4161639.29097299,0
297,313574.337607801,4161639.34198253,0
298,313574.251595331,4161639.39299091,0
299,313574.165582174,4161639.44399813,0
300,313574.079568327,4161639.49500419,0
301,313573.993553786,4161639.54600908,0
302,313573.907538611,4161639.5970129,0
303,313573.821522971,4161639.64801593,0
304,313573.735507045,4161639.69901849,0
305,313573.649491012,4161639.75002086,0
306,313573.563475053,4161639.80102336,0
307,313573.477459345,4161639.85202628,0
308,313573.391444067,4161639.90302993,0
309,313573.305429251,4161639.95403435,0
310,313573.219414724,4161640.00503927,0
311,313573.133400297,4161640.05604435,0
312,313573.04738578,4161640.10704928,0
313,313572.961370984,4161640.15805374,0
314,313572.87535572,4161640.20905741,0
315,313572.789339809,4161640.26005999,0
316,313572.703323192,4161640.31106137,0
317,313572.617305884,4161640.36206159,0
318,313572.531287901,4161640.41306068,0
319,313572.445269262,4161640.46405865,0
320,313572.359249981,4161640.51505555,0
321,313572.273230076,4161640.5660514,0
322,313572.187209562,4161640.61704622,0
323,313572.101188445,4161640.66804002,0
324,313572.015166725,4161640.71903281,0
325,313571.929144402,4161640.77002458,0
326,313571.843121474,4161640.82101532,0
327,313571.757097942,4161640.87200504,0
328,313571.671073805,4161640.92299373,0
329,313571.585049082,4161640.97398142,0
330,313571.499023928,4161641.02496838,0
331,313571.412998554,4161641.07595497,0
332,313571.326973175,4161641.12694156,0
333,313571.240948003,4161641.17792851,0
334,313571.154923252,4161641.2289162,0
335,313571.068899134,4161641.27990498,0
336,313570.982875844,4161641.3308952,0
337,313570.896853306,4161641.3818867,0
338,313570.810831248,4161641.43287901,0
339,313570.724809392,4161641.48387163,0
340,313570.638787461,4161641.53486407,0
341,313570.552765177,4161641.58585584,0
342,313570.466742263,4161641.63684644,0
343,313570.380718448,4161641.68783539,0
344,313570.294693558,4161641.73882244,0
345,313570.208667506,4161641.78980752,0
346,313570.122640203,4161641.84079059,0
347,313570.036611564,4161641.89177159,0
348,313569.950581499,4161641.94275045,0
349,313569.864549924,4161641.99372713,0
350,313569.778516711,4161642.04470149,0
351,313569.692477406,4161642.09566595,0
352,313569.606419359,4161642.14659878,0
353,313569.520329004,4161642.19747668,0
354,313569.434192775,4161642.24827635,0
355,313569.347997108,4161642.29897447,0
356,313569.261728438,4161642.34954774,0
357,313569.1753732,4161642.39997286,0
358,313569.088925539,4161642.45023974,0
359,313569.002408047,4161642.50038705,0
360,313568.915849876,4161642.5504647,0
361,313568.829280179,4161642.6005226,0
362,313568.742728108,4161642.65061067,0
363,313568.656222815,4161642.7007788,0
364,313568.569793451,4161642.75107692,0
365,313568.483468924,4161642.80155452,0
366,313568.397264338,4161642.85223717,0
367,313568.31117388,4161642.90311428,0
368,313568.225189993,4161642.95417221,0
369,313568.139305121,4161643.00539732,0
370,313568.053511708,4161643.05677599,0
371,313567.967802196,4161643.10829457,0
372,313567.882169029,4161643.15993944,0
373,313567.796604715,4161643.21169737,0
374,313567.711101943,4161643.26355621,0
375,313567.62565343,4161643.31550399,0
376,313567.540251892,4161643.36752878,0
377,313567.454890049,4161643.4196186,0
378,313567.369560617,4161643.47176151,0
379,313567.284256315,4161643.52394555,0
380,313567.198970219,4161643.57615935,0
381,313567.113698916,4161643.6283973,0
382,313567.02844098,4161643.68065709,0
383,313566.94319501,4161643.7329364,0
384,313566.857959601,4161643.78523294,0
385,313566.77273335,4161643.83754441,0
386,313566.687514856,4161643.88986852,0
387,313566.602302714,4161643.94220296,0
388,313566.517095494,4161643.9945454,0
389,313566.431891689,4161644.04689339,0
390,313566.346689779,4161644.09924446,0
391,313566.261488245,4161644.15159613,0
392,313566.176285568,4161644.20394595,0
393,313566.091080321,4161644.25629158,0
394,313566.005871926,4161644.30863209,0
395,313565.920660271,4161644.3609673,0
396,313565.835445251,4161644.41329703,0
397,313565.750226757,4161644.4656211,0
398,313565.665004684,4161644.51793935,0
399,313565.579778923,4161644.57025159,0
400,313565.494549369,4161644.62255764,0
401,313565.409315901,4161644.67485732,0
402,313565.32407832,4161644.7271503,0
403,313565.238836392,4161644.77943619,0
404,313565.153589882,4161644.83171461,0
405,313565.068338556,4161644.88398517,0
406,313564.983082181,4161644.9362475,0
407,313564.897820522,4161644.9885012,0
408,313564.812553355,4161645.04074592,0
409,313564.727280683,4161645.09298165,0
410,313564.642002722,4161645.14520874,0
411,313564.556719699,4161645.19742757,0
412,313564.471431838,4161645.2496385,0
413,313564.386139366,4161645.3018419,0
414,313564.300842509,4161645.35403814,0
415,313564.215541491,4161645.40622757,0
416,313564.130236486,4161645.45841048,0
417,313564.044927269,4161645.51058651,0
418,313563.959613437,4161645.56275499,0
419,313563.874294581,4161645.61491525,0
420,313563.788970297,4161645.66706664,0
421,313563.703640196,4161645.7192085,0
422,313563.618304205,4161645.77134072,0
423,313563.532962522,4161645.82346363,0
424,313563.447615352,4161645.87557755,0
425,313563.362262902,4161645.92768283,0
426,313563.276905379,4161645.9797798,0
427,313563.191542989,4161646.03186879,0
428,313563.106175936,4161646.08395014,0
429,313563.020804401,4161646.13602413,0
430,313562.935428502,4161646.18809098,0
431,313562.850048355,4161646.24015086,0
432,313562.764664071,4161646.29220395,0
433,313562.679275765,4161646.34425044,0
434,313562.593883551,4161646.39629052,0
435,313562.50848754,4161646.44832437,0
436,313562.423088008,4161646.50035244,0
437,313562.337685903,4161646.55237628,0
438,313562.252282355,4161646.60439776,0
439,313562.166878492,4161646.65641872,0
440,313562.081475444,4161646.70844102,0
441,313561.99607434,4161646.76046651,0
442,313561.910676309,4161646.81249704,0
443,313561.825282307,4161646.86453418,0
444,313561.739891836,4161646.91657712,0
445,313561.654503673,4161646.96862384,0
446,313561.569116588,4161647.02067234,0
447,313561.483729351,4161647.07272058,0
448,313561.398340732,4161647.12476656,0
449,313561.312949503,4161647.17680826,0
450,313561.227554468,4161647.22884371,0
451,313561.142155096,4161647.28087204,0
452,313561.056751465,4161647.33289338,0
453,313560.971343674,4161647.3849079,0
454,313560.885931823,4161647.43691574,0
455,313560.80051601,4161647.48891708,0
456,313560.715096336,4161647.54091207,0
457,313560.629672903,4161647.59290089,0
458,313560.544245997,4161647.644884,0
459,313560.458816137,4161647.69686226,0
460,313560.373383856,4161647.74883653,0
461,313560.287949688,4161647.80080771,0
462,313560.202514167,4161647.85277666,0
463,313560.117077828,4161647.90474427,0
464,313560.031641205,4161647.95671141,0
465,313559.94620476,4161648.00867884,0
466,313559.860768542,4161648.06064664,0
467,313559.775332449,4161648.11261465,0
468,313559.689896381,4161648.1645827,0
469,313559.604460237,4161648.21655063,0
470,313559.519023915,4161648.26851826,0
471,313559.433587317,4161648.32048544,0
472,313559.348150339,4161648.37245199,0
473,313559.262712882,4161648.42441776,0
474,313559.177274844,4161648.47638257,0
475,313559.091836121,4161648.52834626,0
476,313559.006396589,4161648.58030861,0
477,313558.920956121,4161648.63226943,0
478,313558.835514589,4161648.6842285,0
479,313558.750071863,4161648.7361856,0
480,313558.664627809,4161648.78814052,0
481,313558.579182244,4161648.84009295,0
482,313558.493734973,4161648.89204258,0
483,313558.408285801,4161648.94398909,0
484,313558.322834532,4161648.99593214,0
485,313558.23738097,4161649.04787142,0
486,313558.151924921,4161649.09980661,0
487,313558.066466195,4161649.15173739,0
488,313557.981004807,4161649.20366379,0
489,313557.895541021,4161649.25558624,0
490,313557.810075117,4161649.30750521,0
491,313557.724607373,4161649.35942115,0
492,313557.639138072,4161649.41133453,0
493,313557.553667656,4161649.46324607,0
494,313557.468196799,4161649.51515688,0
495,313557.382726192,4161649.56706811,0
496,313557.297256528,4161649.61898089,0
497,313557.211788499,4161649.67089636,0
498,313557.126322499,4161649.72281517,0
499,313557.040858251,4161649.77473686,0
500,313556.955395379,4161649.82666082,0
501,313556.86993351,4161649.87858643,0
502,313556.784472269,4161649.93051307,0
503,313556.699011282,4161649.98244013,0
504,313556.613550175,4161650.034367,0
505,313556.528088573,4161650.08629305,0
506,313556.442626333,4161650.13821805,0
507,313556.357164049,4161650.19014298,0
508,313556.271702464,4161650.24206905,0
509,313556.186242323,4161650.29399751,0
510,313556.100784368,4161650.34592956,0
511,313556.015329238,4161650.39786626,0
512,313555.929876534,4161650.44980695,0
513,313555.844425266,4161650.50175,0
514,313555.758974441,4161650.55369378,0
515,313555.673523064,4161650.60563666,0
516,313555.588070168,4161650.65757703,0
517,313555.502615609,4161650.70951467,0
518,313555.41716016,4161650.76145085,0
519,313555.331704643,4161650.81338691,0
520,313555.246249878,4161650.86532421,0
521,313555.160796688,4161650.9172641,0
522,313555.075345697,4161650.96920761,0
523,313554.989897051,4161651.02115498,0
524,313554.904450824,4161651.07310632,0
525,313554.819007091,4161651.12506177,0
526,313554.733565924,4161651.17702144,0
527,313554.648127382,4161651.22898542,0
528,313554.562691331,4161651.2809535,0
529,313554.47725751,4161651.33292525,0
530,313554.391825657,4161651.38490022,0
531,313554.30639551,4161651.43687801,0
532,313554.22096681,4161651.48885817,0
533,313554.135539394,4161651.54084044,0
534,313554.050113185,4161651.5928247,0
535,313553.964688115,4161651.64481083,0
536,313553.879264112,4161651.69679871,0
537,313553.793841108,4161651.74878823,0
538,313553.708419031,4161651.80077927,0
539,313553.622997812,4161651.85277173,0
540,313553.537577382,4161651.90476548,0
541,313553.452157744,4161651.95676053,0
542,313553.366738962,4161652.00875699,0
543,313553.281321108,4161652.06075497,0
544,313553.195904251,4161652.1127546,0
545,313553.110488461,4161652.16475597,0
546,313553.025073749,4161652.21675911,0
547,313552.939659697,4161652.26876334,0
548,313552.854245703,4161652.32076766,0
549,313552.768831165,4161652.37277109,0
550,313552.683415482,4161652.42477264,0
551,313552.597998059,4161652.47677133,0
552,313552.512579122,4161652.52876754,0
553,313552.427160279,4161652.5807639,0
554,313552.341743275,4161652.63276328,0
555,313552.256329855,4161652.68476855,0
556,313552.170921763,4161652.73678256,0
557,313552.085520442,4161652.78880769,0
558,313552.000124995,4161652.84084246,0
559,313551.914733432,4161652.89288361,0
560,313551.829343755,4161652.94492785,0
561,313551.743953968,4161652.99697191,0
562,313551.658562076,4161653.04901252,0
563,313551.573167022,4161653.10104794,0
564,313551.487769914,4161653.15307999,0
565,313551.402372162,4161653.20511098,0
566,313551.316975181,4161653.25714324,0
567,313551.231580382,4161653.30917907,0
568,313551.146189127,4161653.36122072,0
569,313551.060801484,4161653.4132683,0
570,313550.975416153,4161653.46531967,0
571,313550.890031765,4161653.51737259,0
572,313550.804646952,4161653.56942481,0
573,313550.719260347,4161653.6214741,0
574,313550.633870827,4161653.67351859,0
575,313550.548478608,4161653.72555867,0
576,313550.463084357,4161653.7775954,0
577,313550.37768874,4161653.82962989,0
578,313550.292292422,4161653.88166324,0
579,313550.206896072,4161653.93369653,0
580,313550.121500097,4161653.98573044,0
581,313550.03610432,4161654.03776467,0
582,313549.950708478,4161654.0897988,0
583,313549.865312309,4161654.14183239,0
584,313549.779915549,4161654.193865,0
585,313549.694517938,4161654.24589623,0
586,313549.609119211,4161654.29792562,0
587,313549.523719108,4161654.34995275,0
588,313549.438317366,4161654.40197719,0
589,313549.352913879,4161654.45399876,0
590,313549.267508861,4161654.50601783,0
591,313549.182102569,4161654.5580348,0
592,313549.096695258,4161654.6100501,0
593,313549.011287184,4161654.66206414,0
594,313548.925878597,4161654.71407734,0
595,313548.840469592,4161654.76608986,0
596,313548.755060075,4161654.81810154,0
597,313548.669649943,4161654.8701122,0
598,313548.58423909,4161654.92212168,0
599,313548.498827411,4161654.97412981,0
600,313548.413414789,4161655.02613639,0
601,313548.328000976,4161655.07814101,0
602,313548.242585643,4161655.13014314,0
603,313548.157168459,4161655.18214222,0
604,313548.071749093,4161655.23413773,0
605,313547.986327215,4161655.2861291,0
606,313547.900902494,4161655.3381158,0
607,313547.815474599,4161655.39009728,0
608,313547.7300432,4161655.44207301,0
609,313547.644608083,4161655.49404262,0
610,313547.559169528,4161655.54600658,0
611,313547.473727946,4161655.59796556,0
612,313547.388283749,4161655.64992025,0
613,313547.30283735,4161655.70187131,0
614,313547.217389158,4161655.75381943,0
615,313547.13193939,4161655.80576496,0
616,313547.046487676,4161655.85770728,0
617,313546.961033536,4161655.90964561,0
618,313546.875576493,4161655.96157916,0
619,313546.790116068,4161656.01350715,0
620,313546.704651783,4161656.06542878,0
621,313546.619183418,4161656.11734369,0
622,313546.533711716,4161656.16925311,0
623,313546.448237646,4161656.22115864,0
624,313546.362762179,4161656.27306186,0
625,313546.277286285,4161656.32496438,0
626,313546.191810916,4161656.37686777,0
627,313546.106336304,4161656.4287724,0
628,313546.020861733,4161656.4806771,0
629,313545.935386418,4161656.53258058,0
630,313545.849909579,4161656.58448154,0
631,313545.764430431,4161656.6363787,0
632,313545.678948193,4161656.68827076,0
633,313545.593462423,4161656.74015701,0
634,313545.507973498,4161656.79203807,0
635,313545.422481916,4161656.84391474,0
636,313545.336988175,4161656.89578786,0
637,313545.251492772,4161656.94765823,0
638,313545.165996206,4161656.9995267,0
639,313545.080498975,4161657.05139406,0
640,313544.995001576,4161657.10326116,0
641,313544.909504505,4161657.15512879,0
642,313544.824007809,4161657.20699704,0
643,313544.738510602,4161657.25886444,0
644,313544.653011882,4161657.31072935,0
645,313544.567510647,4161657.36259012,0
646,313544.482005895,4161657.41444508,0
647,313544.396496641,4161657.46629262,0
648,313544.310982874,4161657.51813271,0
649,313544.225466047,4161657.56996776,0
650,313544.139947734,4161657.62180036,0
651,313544.054429509,4161657.67363311,0
652,313543.968912944,4161657.72546859,0
653,313543.883399518,4161657.77730925,0
654,313543.797889502,4161657.82915553,0
655,313543.712382337,4161657.88100651,0
656,313543.626877445,4161657.93286125,0
657,313543.541374252,4161657.98471878,0
658,313543.455872182,4161658.03657817,0
659,313543.370370659,4161658.08843846,0
660,313543.284869106,4161658.1402987,0
661,313543.19936695,4161658.19215795,0
662,313543.113864017,4161658.24401592,0
663,313543.028361023,4161658.29587378,0
664,313542.942858803,4161658.34773292,0
665,313542.857358194,4161658.39959472,0
666,313542.771860032,4161658.45146055,0
667,313542.686365143,4161658.50333177,0
668,313542.600873834,4161658.55520889,0
669,313542.515385649,4161658.60709116,0
670,313542.429900069,4161658.65897773,0
671,313542.344416575,4161658.71086773,0
672,313542.258934648,4161658.76276031,0
673,313542.17345377,4161658.81465463,0
674,313542.087973422,4161658.86654981,0
675,313542.002493085,4161658.91844502,0
676,313541.917012314,4161658.97033951,0
677,313541.831531436,4161659.02223382,0
678,313541.746051236,4161659.07412925,0
679,313541.660572506,4161659.1260271,0
680,313541.575096038,4161659.17792867,0
681,313541.489622624,4161659.22983527,0
682,313541.404152688,4161659.2817476,0
683,313541.318685672,4161659.33366474,0
684,313541.233220851,4161659.38558549,0
685,313541.147757501,4161659.43750866,0
686,313541.062294896,4161659.48943306,0
687,313540.976832361,4161659.54135758,0
688,313540.891369712,4161659.5932819,0
689,313540.805907057,4161659.64520622,0
690,313540.720444507,4161659.69713071,0
691,313540.634982175,4161659.74905556,0
692,313540.549520171,4161659.80098094,0
693,313540.464058584,4161659.85290702,0
694,313540.378597365,4161659.9048337,0
695,313540.293136414,4161659.95676082,0
696,313540.20767563,4161660.00868821,0
697,313540.122214912,4161660.06061572,0
698,313540.03675416,4161660.11254316,0
699,313539.951293271,4161660.16447039,0
700,313539.865832041,4161660.21639705,0
701,313539.780369551,4161660.26832164,0
702,313539.694904591,4161660.32024216,0
703,313539.60943595,4161660.37215662,0
704,313539.523962417,4161660.42406303,0
705,313539.43848285,4161660.47595951,0
706,313539.352998338,4161660.52784784,0
707,313539.267512617,4161660.57973418,0
708,313539.182029579,4161660.63162494,0
709,313539.096553114,4161660.68352651,0
710,313539.011087042,4161660.73544518,0
711,313538.925632645,4161660.78738307,0
712,313538.840188023,4161660.83933704,0
713,313538.754751074,4161660.89130364,0
714,313538.669319696,4161660.94327941,0
715,313538.583891787,4161660.99526089,0
716,313538.498465245,4161661.04724462,0
717,313538.413037968,4161661.09922714,0
718,313538.327607854,4161661.15120499,0
719,313538.242173382,4161661.20317567,0
720,313538.156735214,4161661.25514027,0
721,313538.071294528,4161661.30710073,0
722,313537.9858525,4161661.35905897,0
723,313537.900410305,4161661.41101695,0
724,313537.81496911,4161661.46297657,0
725,313537.729529686,4161661.5149391,0
726,313537.64409233,4161661.56690503,0
727,313537.558657306,4161661.6188748,0
728,313537.473224878,4161661.67084883,0
729,313537.387795313,4161661.72282758,0
730,313537.30236891,4161661.77481152,0
731,313537.21694625,4161661.82680161,0
732,313537.131528051,4161661.87879903,0
733,313537.046115031,4161661.93080495,0
734,313536.96070791,4161661.98282057,0
735,313536.875307406,4161662.03484704,0
736,313536.78991401,4161662.08688518,0
737,313536.704527621,4161662.13893481,0
738,313536.619148037,4161662.19099561,0
739,313536.533775059,4161662.24306725,0
740,313536.448408487,4161662.29514939,0
741,313536.363047988,4161662.34724148,0
742,313536.277691465,4161662.3993401,0
743,313536.192335577,4161662.45143975,0
744,313536.106976957,4161662.50353491,0
745,313536.021612238,4161662.55562008,0
746,313535.936238055,4161662.60768971,0
747,313535.850851698,4161662.65973938,0
748,313535.765454727,4161662.71177165,0
749,313535.680050393,4161662.76379184,0
750,313535.594641957,4161662.81580529,0
751,313535.509232676,4161662.86781737,0
752,313535.423825806,4161662.9198334,0
753,313535.338423482,4161662.97185689,0
754,313535.253025179,4161663.02388698,0
755,313535.167629985,4161663.07592217,0
756,313535.082236986,4161663.12796096,0
757,313534.996845269,4161663.18000185,0
758,313534.911453922,4161663.23204335,0
759,313534.826062461,4161663.28408467,0
760,313534.740671503,4161663.33612681,0
761,313534.655281841,4161663.38817107,0
762,313534.569894266,4161663.44021876,0
763,313534.484509572,4161663.49227118,0
764,313534.399128327,4161663.54432925,0
765,313534.313750341,4161663.59639267,0
766,313534.228375263,4161663.64846086,0
767,313534.143002741,4161663.70053323,0
768,313534.057632422,4161663.75260922,0
769,313533.972263956,4161663.80468825,0
770,313533.886896989,4161663.85676974,0
771,313533.801531171,4161663.90885311,0
772,313533.716166149,4161663.96093778,0
773,313533.630801445,4161664.01302298,0
774,313533.545436326,4161664.06510749,0
775,313533.46007003,4161664.11719008,0
776,313533.374701791,4161664.16926948,0
777,313533.289330846,4161664.22134444,0
778,313533.203956436,4161664.27341372,0
779,313533.118578197,4161664.32547672,0
780,313533.033196388,4161664.37753386,0
781,313532.947811322,4161664.42958567,0
782,313532.862423315,4161664.48163265,0
783,313532.777032682,4161664.53367533,0
784,313532.691639738,4161664.58571421,0
785,313532.606244798,4161664.63774982,0
786,313532.520848176,4161664.68978267,0
787,313532.435450187,4161664.74181328,0
788,313532.350050919,4161664.79384178,0
789,313532.26464987,4161664.84586736,0
790,313532.179246443,4161664.89788904,0
791,313532.093840041,4161664.94990583,0
792,313532.008430068,4161665.00191676,0
793,313531.923015928,4161665.05392084,0
794,313531.837597425,4161665.10591775,0
795,313531.752175367,4161665.15790883,0
796,313531.666750716,4161665.20989564,0
797,313531.581324434,4161665.26187978,0
798,313531.495897483,4161665.31386282,0
799,313531.410470822,4161665.36584633,0
800,313531.325044843,4161665.41783097,0
801,313531.239618779,4161665.46981546,0
802,313531.154191725,4161665.52179833,0
803,313531.068762775,4161665.57377808,0
804,313530.983331021,4161665.62575322,0
805,313530.897895565,4161665.67772228,0
806,313530.812456158,4161665.72968484,0
807,313530.727013646,4161665.78164229,0
808,313530.641568987,4161665.83359622,0
809,313530.556123133,4161665.88554818,0
810,313530.470677041,4161665.93749975,0
811,313530.38523163,4161665.98945243,0
812,313530.299787088,4161666.04140655,0
813,313530.214342919,4161666.09336128,0
814,313530.128898603,4161666.14531577,0
815,313530.043453619,4161666.19726916,0
816,313529.958007445,4161666.24922059,0
817,313529.872559658,4161666.30116937,0
818,313529.787111156,4161666.35311699,0
819,313529.701663794,4161666.40506647,0
820,313529.616219445,4161666.4570209,0
821,313529.530779985,4161666.50898338,0
822,313529.445347287,4161666.56095696,0
823,313529.359922698,4161666.61294387,0
824,313529.274505121,4161666.6649423,0
825,313529.189092755,4161666.7169493,0
826,313529.1036838,4161666.7689619,0
827,313529.018276455,4161666.82097715,0
828,313528.932868918,4161666.87299209,0
829,313528.847460039,4161666.92500481,0
830,313528.762050488,4161666.97701644,0
831,313528.676641255,4161667.02902858,0
832,313528.59123333,4161667.08104287,0
833,313528.505827703,4161667.13306093,0
834,313528.420425288,4161667.18508426,0
835,313528.335026073,4161667.23711284,0
836,313528.249629412,4161667.28914562,0
837,313528.164234645,4161667.34118151,0
838,313528.078841114,4161667.39321943,0
839,313527.993448159,4161667.44525829,0
840,313527.908055122,4161667.49729702,0
841,313527.822661344,4161667.54933454,0
842,313527.737266173,4161667.60136977,0
843,313527.65186971,4161667.65340288,0
844,313527.566473514,4161667.70543643,0
845,313527.481079308,4161667.75747324,0
846,313527.395688815,4161667.80951614,0
847,313527.310303756,4161667.86156795,0
848,313527.224925712,4161667.91363127,0
849,313527.139554954,4161667.96570654,0
850,313527.05419106,4161668.01779307,0
851,313526.9688336,4161668.06989014,0
852,313526.883482145,4161668.12199705,0
853,313526.798136266,4161668.17411309,0
854,313526.712795533,4161668.22623757,0
855,313526.627459517,4161668.27836976,0
856,313526.54212779,4161668.33050897,0
857,313526.456799799,4161668.38265429,0
858,313526.371474529,4161668.43480406,0
859,313526.286150851,4161668.48695643,0
860,313526.200827636,4161668.53910956,0
861,313526.115503757,4161668.5912616,0
862,313526.030178121,4161668.64341077,0
863,313525.944850096,4161668.69555603,0
864,313525.859519362,4161668.74769686,0
865,313525.774185604,4161668.79983274,0
866,313525.688848507,4161668.85196315,0
867,313525.603507758,4161668.90408759,0
868,313525.518163193,4161668.95620577,0
869,313525.432815043,4161669.00831809,0
870,313525.347463597,4161669.060425,0
871,313525.262109147,4161669.112527,0
872,313525.176751983,4161669.16462455,0
873,313525.09139239,4161669.21671812,0
874,313525.006030489,4161669.26880791,0
875,313524.920666237,4161669.32089384,0
876,313524.835299584,4161669.37297584,0
877,313524.749930477,4161669.42505382,0
878,313524.664558868,4161669.47712769,0
879,313524.579184722,4161669.5291974,0
880,313524.493808078,4161669.58126302,0
881,313524.408428992,4161669.63332464,0
882,313524.323047522,4161669.68538234,0
883,313524.237663724,4161669.73743623,0
884,313524.152277654,4161669.78948639,0
885,313524.066889388,4161669.84153295,0
886,313523.98149903,4161669.89357607,0
887,313523.896106686,4161669.94561594,0
888,313523.810712465,4161669.99765272,0
889,313523.725316474,4161670.0496866,0
890,313523.639918814,4161670.10171774,0
891,313523.554519495,4161670.15374616,0
892,313523.469118462,4161670.20577177,0
893,313523.38371566,4161670.25779447,0
894,313523.298311034,4161670.30981418,0
895,313523.212904528,4161670.3618308,0
896,313523.1274961,4161670.41384426,0
897,313523.04208595,4161670.4658549,0
898,313522.956674488,4161670.51786338,0
899,313522.871262135,4161670.5698704,0
900,313522.785849307,4161670.62187663,0
901,313522.700436421,4161670.67388278,0
902,313522.615023654,4161670.72588912,0
903,313522.529610744,4161670.77789522,0
904,313522.444197382,4161670.82990058,0
905,313522.358783258,4161670.88190469,0
906,313522.273368064,4161670.93390705,0
907,313522.18795149,4161670.98590713,0
908,313522.102533226,4161671.03790444,0
909,313522.017112965,4161671.08989847,0
910,313521.931690422,4161671.14188875,0
911,313521.846265911,4161671.19387579,0
912,313521.760840343,4161671.2458611,0
913,313521.675414652,4161671.29784621,0
914,313521.589989773,4161671.34983265,0
915,313521.504566642,4161671.40182196,0
916,313521.419146056,4161671.45381546,0
917,313521.333727926,4161671.50581299,0
918,313521.248311804,4161671.55781381,0
919,313521.162897242,4161671.6098172,0
920,313521.077483792,4161671.66182242,0
921,313520.992071005,4161671.71382873,0
922,313520.906658432,4161671.76583539,0
923,313520.821245627,4161671.81784166,0
924,313520.735832139,4161671.86984682,0
925,313520.650417544,4161671.92185015,0
926,313520.565001862,4161671.97385171,0
927,313520.479585523,4161672.02585218,0
928,313520.394168971,4161672.0778523,0
929,313520.308752652,4161672.1298528,0
930,313520.223337011,4161672.18185442,0
931,313520.13792248,4161672.23385786,0
932,313520.052509223,4161672.28586339,0
933,313519.967097136,4161672.33787085,0
934,313519.881686103,4161672.38988004,0
935,313519.796276008,4161672.44189076,0
936,313519.710866737,4161672.49390284,0
937,313519.625458177,4161672.54591609,0
938,313519.540050251,4161672.59793038,0
939,313519.454642896,4161672.6499456,0
940,313519.369236049,4161672.70196166,0
941,313519.283829645,4161672.75397845,0
942,313519.198423622,4161672.80599586,0
943,313519.11301792,4161672.8580138,0
944,313519.027612519,4161672.91003224,0
945,313518.942207426,4161672.96205118,0
946,313518.856802645,4161673.01407063,0
947,313518.771398183,4161673.06609061,0
948,313518.685994045,4161673.11811111,0
949,313518.600590237,4161673.17013216,0
950,313518.515186762,4161673.22215376,0
951,313518.42978362,4161673.2741759,0
952,313518.344380813,4161673.32619859,0
953,313518.258978343,4161673.37822184,0
954,313518.17357621,4161673.43024564,0
955,313518.088174415,4161673.48226999,0
956,313518.002772965,4161673.53429491,0
957,313517.917371871,4161673.58632042,0
958,313517.831971147,4161673.63834653,0
959,313517.746570806,4161673.69037327,0
960,313517.661170861,4161673.74240066,0
961,313517.575771325,4161673.79442872,0
962,313517.490372112,4161673.84645732,0
963,313517.404972959,4161673.89848601,0
964,313517.319573583,4161673.95051433,0
965,313517.234173702,4161674.00254183,0
966,313517.148773033,4161674.05456803,0
967,313517.063371295,4161674.10659248,0
968,313516.977968356,4161674.15861495,0
969,313516.892564554,4161674.21063601,0
970,313516.807160315,4161674.26265635,0
971,313516.721756062,4161674.31467667,0
972,313516.636352221,4161674.36669767,0
973,313516.550949217,4161674.41872004,0
974,313516.46554733,4161674.47074424,0
975,313516.380146317,4161674.52276988,0
976,313516.294745822,4161674.57479637,0
977,313516.209345486,4161674.62682312,0
978,313516.12394495,4161674.67884954,0
979,313516.038543858,4161674.73087504,0
980,313515.953141897,4161674.78289913,0
981,313515.86773903,4161674.83492172,0
982,313515.782335319,4161674.88694293,0
983,313515.696930828,4161674.93896286,0
984,313515.611525621,4161674.99098161,0
985,313515.526119761,4161675.04299929,0
986,313515.440713299,4161675.09501598,0
987,313515.355306128,4161675.14703151,0
988,313515.269898021,4161675.1990455,0
989,313515.184488748,4161675.25105758,0
990,313515.099078079,4161675.30306736,0
991,313515.013665785,4161675.35507448,0
992,313514.928251637,4161675.40707855,0
993,313514.842835578,4161675.45907948,0
994,313514.757417947,4161675.51107783,0
995,313514.671999133,4161675.56307423,0
996,313514.586579528,4161675.61506934,0
997,313514.501159523,4161675.66706379,0
998,313514.415739509,4161675.71905822,0
999,313514.33031975,4161675.77105308,0
1000,313514.244900062,4161675.82304805,0
1001,313514.159480161,4161675.87504267,0
1002,313514.074059764,4161675.92703647,0
1003,313513.988638587,4161675.979029,0
1004,313513.903216346,4161676.03101977,0
1005,313513.817792775,4161676.08300836,0
1006,313513.73236784,4161676.13499471,0
1007,313513.646941689,4161676.18697906,0
1008,313513.561514474,4161676.23896166,0
1009,313513.476086346,4161676.29094277,0
1010,313513.390657457,4161676.34292262,0
1011,313513.305227959,4161676.39490147,0
1012,313513.219797962,4161676.4468795,0
1013,313513.134367476,4161676.49885673,0
1014,313513.048936499,4161676.55083314,0
1015,313512.963505029,4161676.60280875,0
1016,313512.878073064,4161676.65478355,0
1017,313512.792640602,4161676.70675753,0
1018,313512.707207645,4161676.75873069,0
1019,313512.621774241,4161676.81070312,0
1020,313512.536340473,4161676.86267495,0
1021,313512.450906426,4161676.91464633,0
1022,313512.365472182,4161676.96661738,0
1023,313512.280037825,4161677.01858824,0
1024,313512.19460344,4161677.07055906,0
1025,313512.10916911,4161677.12252997,0
1026,313512.023734918,4161677.1745011,0
1027,313511.93830095,4161677.2264726,0
1028,313511.852867287,4161677.27844461,0
1029,313511.767434015,4161677.33041725,0
1030,313511.682001217,4161677.38239068,0
1031,313511.596568977,4161677.43436502,0
1032,313511.511137377,4161677.48634042,0
1033,313511.425706369,4161677.53831679,0
1034,313511.340275543,4161677.59029346,0
1035,313511.254844432,4161677.64226965,0
1036,313511.169412566,4161677.69424461,0
1037,313511.083979478,4161677.74621756,0
1038,313510.998544701,4161677.79818773,0
1039,313510.913108087,4161677.85015489,0
1040,313510.827670315,4161677.90212014,0
1041,313510.742232191,4161677.95408481,0
1042,313510.656794524,4161678.00605023,0
1043,313510.571358121,4161678.05801773,0
1044,313510.485923789,4161678.10998864,0
1045,313510.400492334,4161678.16196427,0
1046,313510.315064113,4161678.21394522,0
1047,313510.229638494,4161678.26593044,0
1048,313510.144214716,4161678.31791869,0
1049,313510.058792018,4161678.36990872,0
1050,313509.973369637,4161678.42189926,0
1051,313509.887946812,4161678.47388908,0
1052,313509.802522967,4161678.52587722,0
1053,313509.717098271,4161678.57786396,0
1054,313509.631673082,4161678.62984989,0
1055,313509.546247755,4161678.6818356,0
1056,313509.460822648,4161678.73382166,0
1057,313509.375398116,4161678.78580868,0
1058,313509.289974516,4161678.83779722,0
1059,313509.204551951,4161678.88978746,0
1060,313509.119129849,4161678.94177847,0
1061,313509.03370753,4161678.99376912,0
1062,313508.948284314,4161679.04575829,0
1063,313508.862859519,4161679.09774487,0
1064,313508.777432464,4161679.14972773,0
1065,313508.692002519,4161679.20170585,0
1066,313508.606569729,4161679.25367929,0
1067,313508.521134626,4161679.30564892,0
1068,313508.435697752,4161679.35761565,0
1069,313508.350259647,4161679.40958035,0
1070,313508.264820855,4161679.46154392,0
1071,313508.179381916,4161679.51350726,0
1072,313508.093943291,4161679.5654711,0
1073,313508.008504911,4161679.61743535,0
1074,313507.923066496,4161679.66939955,0
1075,313507.837627764,4161679.72136322,0
1076,313507.752188436,4161679.77332591,0
1077,313507.666748231,4161679.82528715,0
1078,313507.581306867,4161679.8772465,0
1079,313507.495864167,4161679.92920364,0
1080,313507.410420257,4161679.9811588,0
1081,313507.324975316,4161680.03311226,0
1082,313507.239529526,4161680.08506432,0
1083,313507.154083067,4161680.13701529,0
1084,313507.06863612,4161680.18896545,0
1085,313506.983188867,4161680.2409151,0
1086,313506.897741487,4161680.29286456,0
1087,313506.812294162,4161680.3448141,0
1088,313506.726847072,4161680.39676402,0
1089,313506.641400324,4161680.44871451,0
1090,313506.555953681,4161680.50066517,0
1091,313506.470506813,4161680.55261546,0
1092,313506.385059389,4161680.60456484,0
1093,313506.299611076,4161680.65651275,0
1094,313506.214161544,4161680.70845866,0
1095,313506.128710461,4161680.76040202,0
1096,313506.043257621,4161680.81234249,0
1097,313505.957803087,4161680.86428017,0
1098,313505.872346955,4161680.91621522,0
1099,313505.786889324,4161680.9681478,0
1100,313505.701430291,4161681.02007808,0
1101,313505.615969954,4161681.07200621,0
1102,313505.53050841,4161681.12393236,0
1103,313505.445045787,4161681.17585673,0
1104,313505.359582268,4161681.22777962,0
1105,313505.274118047,4161681.27970136,0
1106,313505.188653317,4161681.33162226,0
1107,313505.103188271,4161681.38354264,0
1108,313505.017723101,4161681.43546282,0
1109,313504.932258,4161681.48738311,0
1110,313504.846793161,4161681.53930383,0
1111,313504.761328778,4161681.5912253,0
1112,313504.675865041,4161681.64314784,0
1113,313504.590402069,4161681.69507163,0
1114,313504.504939752,4161681.7469965,0
1115,313504.41947794,4161681.79892221,0
1116,313504.334016484,4161681.85084849,0
1117,313504.248555233,4161681.90277512,0
1118,313504.163094037,4161681.95470184,0
1119,313504.077632747,4161682.0066284,0
1120,313503.992171206,4161682.05855455,0
1121,313503.906709235,4161682.11047999,0
1122,313503.821246652,4161682.16240443,0
1123,313503.735783274,4161682.21432756,0
1124,313503.650318918,4161682.26624907,0
1125,313503.564853401,4161682.31816868,0
1126,313503.479386539,4161682.37008607,0
1127,313503.393918196,4161682.42200102,0
1128,313503.308448375,4161682.47391354,0
1129,313503.222977109,4161682.52582368,0
1130,313503.137504432,4161682.5777315,0
1131,313503.052030377,4161682.62963705,0
1132,313502.966554977,4161682.68154038,0
1133,313502.881078265,4161682.73344155,0
1134,313502.795600348,4161682.78534074,0
1135,313502.710121498,4161682.83723839,0
1136,313502.624642007,4161682.88913499,0
1137,313502.539162168,4161682.94103101,0
1138,313502.453682275,4161682.99292694,0
1139,313502.368202619,4161683.04482327,0
1140,313502.282723496,4161683.09672047,0
1141,313502.197245083,4161683.14861884,0
1142,313502.111767142,4161683.20051799,0
1143,313502.026289332,4161683.25241736,0
1144,313501.940811314,4161683.30431638,0
1145,313501.855332748,4161683.3562145,0
1146,313501.769853296,4161683.40811116,0
1147,313501.684372617,4161683.4600058,0
1148,313501.598890373,4161683.51189786,0
1149,313501.513406224,4161683.56378678,0
1150,313501.42791983,4161683.615672,0
1151,313501.342430863,4161683.66755299,0
1152,313501.256939265,4161683.71942963,0
1153,313501.171445279,4161683.77130235,0
1154,313501.085949163,4161683.82317155,0
1155,313501.000451173,4161683.87503766,0
1156,313500.914951567,4161683.92690112,0
1157,313500.829450602,4161683.97876233,0
1158,313500.743948516,4161684.03062169,0
1159,313500.658445366,4161684.08247929,0
1160,313500.572941114,4161684.13433508,0
1161,313500.487435719,4161684.18618899,0
1162,313500.40192914,4161684.23804094,0
1163,313500.316421338,4161684.28989087,0
1164,313500.230912272,4161684.34173873,0
1165,313500.1454019,4161684.39358442,0
1166,313500.05989013,4161684.44542782,0
1167,313499.974376827,4161684.49726868,0
1168,313499.888861853,4161684.54910679,0
1169,313499.80334507,4161684.60094192,0
1170,313499.717826341,4161684.65277383,0
1171,313499.632305528,4161684.7046023,0
1172,313499.546782494,4161684.75642711,0
1173,313499.461257101,4161684.80824803,0
1174,313499.375729211,4161684.86006482,0
1175,313499.290198687,4161684.91187726,0
1176,313499.204665403,4161684.96368515,0
1177,313499.119129435,4161685.01548861,0
1178,313499.033591037,4161685.06728805,0
1179,313498.948050468,4161685.11908391,0
1180,313498.862507987,4161685.17087662,0
1181,313498.776963855,4161685.22266659,0
1182,313498.69141833,4161685.27445427,0
1183,313498.605871671,4161685.32624007,0
1184,313498.520324083,4161685.37802434,0
1185,313498.434775708,4161685.4298073,0
1186,313498.349226684,4161685.48158919,0
1187,313498.263677148,4161685.53337024,0
1188,313498.178127238,4161685.58515067,0
1189,313498.092577091,4161685.63693071,0
1190,313498.007026845,4161685.68871059,0
1191,313497.921476637,4161685.74049052,0
1192,313497.835926605,4161685.79227075,0
1193,313497.750376887,4161685.8440515,0
1194,313497.664827619,4161685.89583299,0
1195,313497.579278923,4161685.94761542,0
1196,313497.493730893,4161685.99939896,0
1197,313497.408183622,4161686.05118375,0
1198,313497.322637203,4161686.10296994,0
1199,313497.237091728,4161686.1547577,0
1200,313497.151547291,4161686.20654717,0
1201,313497.066003986,4161686.25833851,0
1202,313496.980461926,4161686.31013191,0
1203,313496.894921248,4161686.36192759,0
1204,313496.809382091,4161686.41372578,0
1205,313496.72384459,4161686.46552671,0
1206,313496.638308885,4161686.5173306,0
1207,313496.552775111,4161686.56913768,0
1208,313496.467243407,4161686.62094818,0
1209,313496.381713896,4161686.6727623,0
1210,313496.296186587,4161686.72458005,0
1211,313496.210661422,4161686.77640134,0
1212,313496.125138343,4161686.82822607,0
1213,313496.039617295,4161686.88005416,0
1214,313495.954098219,4161686.9318855,0
1215,313495.868581058,4161686.98372,0
1216,313495.783065754,4161687.03555756,0
1217,313495.697552223,4161687.08739804,0
1218,313495.612040364,4161687.13924129,0
1219,313495.526530071,4161687.19108712,0
1220,313495.441021244,4161687.24293536,0
1221,313495.355513777,4161687.29478585,0
1222,313495.270007568,4161687.34663841,0
1223,313495.184502516,4161687.39849288,0
1224,313495.098998658,4161687.45034933,0
1225,313495.013496234,4161687.50220813,0
1226,313494.927995495,4161687.55406971,0
1227,313494.842496694,4161687.60593449,0
1228,313494.757000086,4161687.65780288,0
1229,313494.671505922,4161687.7096753,0
1230,313494.586014456,4161687.76155217,0
1231,313494.500525861,4161687.81343376,0
1232,313494.415039944,4161687.86531977,0
1233,313494.329556406,4161687.9172097,0
1234,313494.244074948,4161687.96910305,0
1235,313494.158595273,4161688.02099934,0
1236,313494.073117082,4161688.07289808,0
1237,313493.987640076,4161688.12479877,0
1238,313493.902163959,4161688.17670093,0
1239,313493.81668843,4161688.22860405,0
1240,313493.731213191,4161688.28050765,0
1241,313493.645737945,4161688.33241124,0
1242,313493.560262401,4161688.38431434,0
1243,313493.47478636,4161688.43621662,0
1244,313493.389309686,4161688.48811785,0
1245,313493.303832244,4161688.54001782,0
1246,313493.218353898,4161688.5919163,0
1247,313493.132874514,4161688.64381308,0
1248,313493.047393957,4161688.69570791,0
1249,313492.961912091,4161688.7476006,0
1250,313492.876428861,4161688.79949103,0
1251,313492.79094445,4161688.85137952,0
1252,313492.705459081,4161688.90326643,0
1253,313492.61997298,4161688.95515214,0
1254,313492.534486371,4161689.00703701,0
1255,313492.448999479,4161689.05892141,0
1256,313492.363512529,4161689.11080572,0
1257,313492.278025745,4161689.1626903,0
1258,313492.192539353,4161689.21457553,0
1259,313492.107053576,4161689.26646177,0
1260,313492.021568639,4161689.3183494,0
1261,313491.936084584,4161689.37023847,0
1262,313491.850601128,4161689.42212854,0
1263,313491.765117954,4161689.47401907,0
1264,313491.679634746,4161689.52590954,0
1265,313491.594151187,4161689.57779943,0
1266,313491.50866696,4161689.62968823,0
1267,313491.423181748,4161689.6815754,0
1268,313491.337695383,4161689.73346067,0
1269,313491.252208069,4161689.78534438,0
1270,313491.166720068,4161689.83722695,0
1271,313491.081231641,4161689.88910883,0
1272,313490.995743049,4161689.94099043,0
1273,313490.910254556,4161689.99287219,0
1274,313490.824766421,4161690.04475455,0
1275,313490.739278883,4161690.09663789,0
1276,313490.653791871,4161690.14852209,0
1277,313490.56830511,4161690.20040671,0
1278,313490.482818319,4161690.25229128,0
1279,313490.397331216,4161690.30417534,0
1280,313490.31184352,4161690.35605842,0
1281,313490.226354952,4161690.40794006,0
1282,313490.14086528,4161690.45981988,0
1283,313490.055374525,4161690.51169792,0
1284,313489.96988278,4161690.56357433,0
1285,313489.884390142,4161690.61544926,0
1286,313489.798896704,4161690.66732288,0
1287,313489.713402562,4161690.71919533,0
1288,313489.627907811,4161690.77106679,0
1289,313489.542412543,4161690.82293738,0
1290,313489.456916805,4161690.87480721,0
1291,313489.371420611,4161690.92667629,0
1292,313489.285923973,4161690.97854463,0
1293,313489.2004269,4161691.03041225,0
1294,313489.114929405,4161691.08227918,0
1295,313489.029431498,4161691.13414543,0
1296,313488.943933192,4161691.18601102,0
1297,313488.858434478,4161691.23787594,0
1298,313488.772935326,4161691.28974014,0
1299,313488.687435702,4161691.34160356,0
1300,313488.601935572,4161691.39346615,0
1301,313488.516434901,4161691.44532784,0
1302,313488.430933657,4161691.49718859,0
1303,313488.345431806,4161691.54904834,0
1304,313488.259929313,4161691.60090703,0
1305,313488.174426145,4161691.6527646,0
1306,313488.088922268,4161691.70462101,0
1307,313488.003417667,4161691.75647622,0
1308,313487.917912411,4161691.80833036,0
1309,313487.832406596,4161691.86018357,0
1310,313487.746900315,4161691.91203601,0
1311,313487.661393663,4161691.96388785,0
1312,313487.575886734,4161692.01573922,0
1313,313487.490379623,4161692.0675903,0
1314,313487.404872407,4161692.1194412,0
1315,313487.319365047,4161692.17129186,0
1316,313487.233857459,4161692.22314215,0
1317,313487.14834956,4161692.27499193,0
1318,313487.062841267,4161692.32684105,0
1319,313486.977332496,4161692.37868939,0
1320,313486.891823163,4161692.4305368,0
1321,313486.806313186,4161692.48238315,0
1322,313486.720802481,4161692.5342283,0
1323,313486.635290963,4161692.5860721,0
1324,313486.549778554,4161692.63791444,0
1325,313486.464265317,4161692.68975541,0
1326,313486.378751533,4161692.74159548,0
1327,313486.2932375,4161692.79343514,0
1328,313486.207723515,4161692.84527488,0
1329,313486.122209876,4161692.89711518,0
1330,313486.03669688,4161692.94895655,0
1331,313485.951184747,4161693.00079934,0
1332,313485.865673357,4161693.05264336,0
1333,313485.780162508,4161693.10448827,0
1334,313485.694651994,4161693.15633374,0
1335,313485.609141611,4161693.20817941,0
1336,313485.523631153,4161693.26002497,0
1337,313485.438120416,4161693.31187006,0
1338,313485.352609211,4161693.36371439,0
1339,313485.267097532,4161693.41555793,0
1340,313485.181585497,4161693.46740088,0
1341,313485.096073226,4161693.51924345,0
1342,313485.010560839,4161693.57108582,0
1343,313484.925048455,4161693.6229282,0
1344,313484.839536196,4161693.67477078,0
1345,313484.754024148,4161693.72661371,0
1346,313484.668512271,4161693.77845693,0
1347,313484.583000492,4161693.83030031,0
1348,313484.497488735,4161693.88214372,0
1349,313484.411976927,4161693.93398705,0
1350,313484.326464993,4161693.98583017,0
1351,313484.24095286,4161694.03767296,0
1352,313484.155440527,4161694.08951542,0
1353,313484.069928084,4161694.1413577,0
1354,313483.984415633,4161694.19319997,0
1355,313483.898903273,4161694.24504239,0
1356,313483.813391103,4161694.29688512,0
1357,313483.727879224,4161694.34872833,0
1358,313483.642367717,4161694.40057216,0
1359,313483.556856571,4161694.45241658,0
1360,313483.471345741,4161694.50426152,0
1361,313483.385835181,4161694.5561069,0
1362,313483.300324845,4161694.60795266,0
1363,313483.214814688,4161694.65979871,0
1364,313483.129304665,4161694.71164498,0
1365,313483.04379473,4161694.7634914,0
1366,313482.958284837,4161694.81533789,0
1367,313482.872774942,4161694.86718437,0
1368,313482.787265002,4161694.91903078,0
1369,313482.701755026,4161694.97087713,0
1370,313482.616245053,4161695.02272349,0
1371,313482.530735125,4161695.07456991,0
1372,313482.445225282,4161695.12641649,0
1373,313482.359715566,4161695.17826326,0
1374,313482.274206017,4161695.23011032,0
1375,313482.188696673,4161695.28195771,0
1376,313482.103187554,4161695.33380547,0
1377,313482.017678673,4161695.38565363,0
1378,313481.932170047,4161695.43750221,0
1379,313481.846661689,4161695.48935123,0
1380,313481.761153615,4161695.54120071,0
1381,313481.675645839,4161695.59305069,0
1382,313481.590138375,4161695.64490118,0
1383,313481.504631239,4161695.69675222,0
1384,313481.419124444,4161695.74860381,0
1385,313481.333617985,4161695.80045596,0
1386,313481.2481118,4161695.85230856,0
1387,313481.162605818,4161695.9041615,0
1388,313481.077099968,4161695.95601466,0
1389,313480.99159418,4161696.00786791,0
1390,313480.906088384,4161696.05972116,0
1391,313480.820582532,4161696.11157431,0
1392,313480.735076649,4161696.16342741,0
1393,313480.649570771,4161696.21528051,0
1394,313480.564064937,4161696.2671337,0
1395,313480.478559183,4161696.31898701,0
1396,313480.393053546,4161696.37084051,0
1397,313480.307548065,4161696.42269428,0
1398,313480.222042798,4161696.47454839,0
1399,313480.13653791,4161696.52640313,0
1400,313480.051033595,4161696.57825882,0
1401,313479.965530048,4161696.63011577,0
1402,313479.880027462,4161696.68197431,0
1403,313479.794526032,4161696.73383475,0
1404,313479.709025928,4161696.78569738,0
1405,313479.623527061,4161696.83756204,0
1406,313479.538029189,4161696.88942835,0
1407,313479.452532069,4161696.9412959,0
1408,313479.367035458,4161696.99316429,0
1409,313479.281539112,4161697.04503311,0
1410,313479.196042788,4161697.09690197,0
1411,313479.110546325,4161697.1487706,0
1412,313479.025049698,4161697.20063896,0
1413,313478.939552898,4161697.25250703,0
1414,313478.854055912,4161697.3043748,0
1415,313478.768558732,4161697.35624225,0
1416,313478.683061345,4161697.40810936,0
1417,313478.597563742,4161697.45997611,0
1418,313478.512065909,4161697.51184248,0
1419,313478.426567828,4161697.56370844,0
1420,313478.341069484,4161697.61557397,0
1421,313478.255570861,4161697.66743904,0
1422,313478.170071942,4161697.71930363,0
1423,313478.084572711,4161697.77116769,0
1424,313477.999073152,4161697.82303122,0
1425,313477.91357325,4161697.87489418,0
1426,313477.828072987,4161697.92675655,0
1427,313477.74257238,4161697.97861835,0
1428,313477.657071666,4161698.03047997,0
1429,313477.57157117,4161698.08234195,0
1430,313477.48607122,4161698.13420484,0
1431,313477.400572143,4161698.18606916,0
1432,313477.315074264,4161698.23793545,0
1433,313477.229577912,4161698.28980427,0
1434,313477.144083335,4161698.341676,0
1435,313477.05859042,4161698.39355048,0
1436,313476.973098955,4161698.44542735,0
1437,313476.887608725,4161698.49730625,0
1438,313476.802119516,4161698.54918684,0
1439,313476.716631113,4161698.60106875,0
1440,313476.631143304,4161698.65295164,0
1441,313476.545655874,4161698.70483516,0
1442,313476.460168608,4161698.75671895,0
1443,313476.374681294,4161698.80860266,0
1444,313476.289193706,4161698.86048592,0
1445,313476.203705544,4161698.91236823,0
1446,313476.118216475,4161698.96424904,0
1447,313476.032726163,4161699.01612781,0
1448,313475.947234272,4161699.06800398,0
1449,313475.861740469,4161699.11987699,0
1450,313475.776244449,4161699.17174635,0
1451,313475.690746455,4161699.22361246,0
1452,313475.605247193,4161699.27547648,0
1453,313475.519747385,4161699.32733959,0
1454,313475.434247752,4161699.379203,0
1455,313475.348749015,4161699.43106788,0
1456,313475.263251894,4161699.48293542,0
1457,313475.177757098,4161699.5348068,0
1458,313475.092264788,4161699.58668228,0
1459,313475.00677441,4161699.63856094,0
1460,313474.921285359,4161699.69044178,0
1461,313474.83579703,4161699.74232382,0
1462,313474.75030882,4161699.79420605,0
1463,313474.664820123,4161699.84608748,0
1464,313474.579330381,4161699.89796719,0
1465,313474.493839502,4161699.94984502,0
1466,313474.408347674,4161700.00172129,0
1467,313474.322855088,4161700.05359631,0
1468,313474.237361935,4161700.1054704,0
1469,313474.151868405,4161700.15734386,0
1470,313474.06637469,4161700.20921702,0
1471,313473.980880926,4161700.2610901,0
1472,313473.895386896,4161700.31296274,0
1473,313473.809892245,4161700.36483436,0
1474,313473.724396618,4161700.41670437,0
1475,313473.638899662,4161700.46857219,0
1476,313473.553401022,4161700.52043723,0
1477,313473.467900342,4161700.57229891,0
1478,313473.38239737,4161700.6241568,0
1479,313473.296892251,4161700.67601116,0
1480,313473.211385224,4161700.72786238,0
1481,313473.125876533,4161700.77971084,0
1482,313473.040366417,4161700.83155696,0
1483,313472.954855119,4161700.88340113,0
1484,313472.86934288,4161700.93524375,0
1485,313472.78382994,4161700.98708522,0
1486,313472.698316542,4161701.03892592,0
1487,313472.612802926,4161701.09076627,0
1488,313472.527289332,4161701.14260665,0
1489,313472.44177598,4161701.19444744,0
1490,313472.356263072,4161701.24628895,0
1491,313472.270750813,4161701.29813154,0
1492,313472.185239406,4161701.34997553,0
1493,313472.099729054,4161701.40182125,0
1494,313472.014219961,4161701.45366906,0
1495,313471.92871232,4161701.50551926,0
1496,313471.843206109,4161701.55737182,0
1497,313471.757701094,4161701.60922635,0
1498,313471.672197034,4161701.66108246,0
1499,313471.586693688,4161701.71293974,0
1500,313471.501190813,4161701.7647978,0
1501,313471.415688169,4161701.81665624,0
1502,313471.330185513,4161701.86851466,0
1503,313471.244682604,4161701.92037267,0
1504,313471.159179201,4161701.97222985,0
1505,313471.073675062,4161702.02408583,0
1506,313470.988169971,4161702.07594024,0
1507,313470.902663979,4161702.12779316,0
1508,313470.817157282,4161702.17964492,0
1509,313470.731650082,4161702.23149584,0
1510,313470.646142578,4161702.28334627,0
1511,313470.56063497,4161702.33519653,0
1512,313470.47512746,4161702.38704694,0
1513,313470.389620207,4161702.43889778,0
1514,313470.304113252,4161702.49074911,0
1515,313470.218606614,4161702.54260097,0
1516,313470.133100312,4161702.59445338,0
1517,313470.047594364,4161702.64630637,0
1518,313469.962088789,4161702.69815998,0
1519,313469.876583605,4161702.75001423,0
1520,313469.791078814,4161702.80186913,0
1521,313469.705574371,4161702.85372461,0
1522,313469.620070224,4161702.90558057,0
1523,313469.534566323,4161702.95743694,0
1524,313469.449062616,4161703.00929363,0
1525,313469.363559052,4161703.06115055,0
1526,313469.278055579,4161703.11300762,0
1527,313469.192552146,4161703.16486476,0
1528,313469.107048702,4161703.21672188,0
1529,313469.021545195,4161703.2685789,0
1530,313468.936041576,4161703.32043574,0
1531,313468.850537834,4161703.37229237,0
1532,313468.765033988,4161703.42414882,0
1533,313468.679530059,4161703.47600515,0
1534,313468.594026069,4161703.52786137,0
1535,313468.508522039,4161703.57971752,0
1536,313468.423017989,4161703.63157365,0
1537,313468.337513941,4161703.68342977,0
1538,313468.252009886,4161703.73528589,0
1539,313468.166505731,4161703.78714183,0
1540,313468.081001367,4161703.83899744,0
1541,313467.995496686,4161703.89085252,0
1542,313467.909991581,4161703.94270691,0
1543,313467.824485944,4161703.99456041,0
1544,313467.738979667,4161704.04641286,0
1545,313467.653472687,4161704.09826415,0
1546,313467.567965034,4161704.15011433,0
1547,313467.482456749,4161704.20196347,0
1548,313467.396947872,4161704.25381163,0
1549,313467.311438445,4161704.30565889,0
1550,313467.225928506,4161704.3575053,0
1551,313467.140418098,4161704.40935094,0
1552,313467.054907248,4161704.46119585,0
1553,313466.969395915,4161704.51303996,0
1554,313466.883884033,4161704.56488316,0
1555,313466.798371537,4161704.61672536,0
1556,313466.712858362,4161704.66856643,0
1557,313466.627344441,4161704.72040627,0
1558,313466.54182971,4161704.77224478,0
1559,313466.456314162,4161704.82408194,0
1560,313466.370797931,4161704.87591797,0
1561,313466.285281168,4161704.92775313,0
1562,313466.199764024,4161704.97958765,0
1563,313466.114246652,4161705.0314218,0
1564,313466.028729203,4161705.08325583,0
1565,313465.943211829,4161705.13508997,0
1566,313465.857694677,4161705.18692448,0
1567,313465.772177768,4161705.2387594,0
1568,313465.68666099,4161705.29059453,0
1569,313465.601144227,4161705.34242968,0
1570,313465.51562736,4161705.39426467,0
1571,313465.430110271,4161705.44609928,0
1572,313465.344592844,4161705.49793334,0
1573,313465.259074961,4161705.54976665,0
1574,313465.173556506,4161705.60159901,0
1575,313465.088037363,4161705.65343024,0
1576,313465.002517418,4161705.70526014,0
1577,313464.916996555,4161705.75708853,0
1578,313464.831474659,4161705.80891522,0
1579,313464.745951616,4161705.86074001,0
1580,313464.660427311,4161705.91256272,0
1581,313464.574901672,4161705.96438323,0
1582,313464.489374787,4161706.01620168,0
1583,313464.403846779,4161706.06801828,0
1584,313464.31831777,4161706.11983323,0
1585,313464.232787884,4161706.17164672,0
1586,313464.147257243,4161706.22345898,0
1587,313464.061725971,4161706.27527019,0
1588,313463.976194189,4161706.32708055,0
1589,313463.89066202,4161706.37889029,0
1590,313463.805129589,4161706.43069958,0
1591,313463.719597016,4161706.48250865,0
1592,313463.634064399,4161706.53431764,0
1593,313463.548531692,4161706.58612648,0
1594,313463.462998801,4161706.63793502,0
1595,313463.377465636,4161706.6897431,0
1596,313463.291932102,4161706.74155058,0
1597,313463.206398108,4161706.79335729,0
1598,313463.120863561,4161706.8451631,0
1599,313463.03532838,4161706.89696785,0
1600,313462.949792622,4161706.94877166,0
1601,313462.864256426,4161707.00057474,0
1602,313462.778719932,4161707.05237733,0
1603,313462.693183284,4161707.10417966,0
1604,313462.607646621,4161707.15598197,0
1605,313462.522110085,4161707.20778449,0
1606,313462.436573816,4161707.25958745,0
1607,313462.351037854,4161707.31139092,0
1608,313462.265502048,4161707.36319464,0
1609,313462.179966225,4161707.41499834,0
1610,313462.09443021,4161707.46680172,0
1611,313462.008893832,4161707.5186045,0
1612,313461.923356916,4161707.57040639,0
1613,313461.837819289,4161707.62220711,0
1614,313461.752280778,4161707.67400637,0
1615,313461.666741211,4161707.72580388,0
1616,313461.581200413,4161707.77759936,0
1617,313461.495658216,4161707.82939253,0
1618,313461.410114714,4161707.88118355,0
1619,313461.324570379,4161707.93297319,0
1620,313461.239025714,4161707.98476229,0
1621,313461.153481222,4161708.03655167,0
1622,313461.067937405,4161708.08834216,0
1623,313460.982394766,4161708.1401346,0
1624,313460.896853807,4161708.19192982,0
1625,313460.811315025,4161708.24372863,0
1626,313460.725778655,4161708.29553142,0
1627,313460.640244594,4161708.34733802,0
1628,313460.554712717,4161708.39914823,0
1629,313460.469182899,4161708.45096185,0
1630,313460.383655015,4161708.50277865,0
1631,313460.29812894,4161708.55459844,0
1632,313460.212604549,4161708.60642101,0
1633,313460.127081716,4161708.65824615,0
1634,313460.041560317,4161708.71007366,0
1635,313459.956040227,4161708.76190333,0
1636,313459.87052132,4161708.81373495,0
1637,313459.78500352,4161708.86556839,0
1638,313459.699486867,4161708.91740373,0
1639,313459.613971415,4161708.96924105,0
1640,313459.528457223,4161709.02108044,0
1641,313459.442944346,4161709.07292201,0
1642,313459.357432841,4161709.12476583,0
1643,313459.271922761,4161709.17661201,0
1644,313459.186414109,4161709.22846054,0
1645,313459.100906821,4161709.28031132,0
1646,313459.015400827,4161709.33216424,0
1647,313458.929896061,4161709.38401918,0
1648,313458.844392455,4161709.43587604,0
1649,313458.75888994,4161709.48773469,0
1650,313458.673388448,4161709.53959503,0
1651,313458.587887913,4161709.59145696,0
1652,313458.502388464,4161709.64332067,0
1653,313458.416890691,4161709.69518715,0
1654,313458.331395248,4161709.74705746,0
1655,313458.245902791,4161709.7989327,0
1656,313458.160413975,4161709.85081394,0
1657,313458.074929456,4161709.90270225,0
1658,313457.989449889,4161709.95459871,0
1659,313457.903975873,4161710.00650432,0
1660,313457.818507254,4161710.05841881,0
1661,313457.73304335,4161710.11034107,0
1662,313457.647583466,4161710.16226995,0
1663,313457.562126905,4161710.2142043,0
1664,313457.476672973,4161710.26614298,0
1665,313457.391220975,4161710.31808483,0
1666,313457.305770223,4161710.37002874,0
1667,313457.220320419,4161710.42197421,0
1668,313457.134871836,4161710.47392168,0
1669,313457.049424795,4161710.52587169,0
1670,313456.963979614,4161710.57782476,0
1671,313456.878536611,4161710.6297814,0
1672,313456.793096106,4161710.68174216,0
1673,313456.707658418,4161710.73370754,0
1674,313456.62222384,4161710.78567804,0
1675,313456.536792272,4161710.83765349,0
1676,313456.451363297,4161710.8896332,0
1677,313456.365936488,4161710.94161647,0
1678,313456.280511421,4161710.9936026,0
1679,313456.195087669,4161711.0455909,0
1680,313456.109664913,4161711.09758083,0
1681,313456.024243094,4161711.1495723,0
1682,313455.938822195,4161711.20156528,0
1683,313455.8534022,4161711.25355974,0
1684,313455.767983089,4161711.30555566,0
1685,313455.682564847,4161711.357553,0
1686,313455.597147455,4161711.40955175,0
1687,313455.511730765,4161711.46155164,0
1688,313455.426314388,4161711.51355205,0
1689,313455.34089791,4161711.56555229,0
1690,313455.255480916,4161711.61755169,0
1691,313455.17006299,4161711.66954955,0
1692,313455.084643716,4161711.7215452,0
1693,313454.999222681,4161711.77353796,0
1694,313454.913799479,4161711.82552716,0
1695,313454.828374195,4161711.87751293,0
1696,313454.742947622,4161711.92949659,0
1697,313454.65752061,4161711.98147953,0
1698,313454.572094005,4161712.03346314,0
1699,313454.486668657,4161712.08544881,0
1700,313454.401245414,4161712.13743793,0
1701,313454.315825123,4161712.18943191,0
1702,313454.23040854,4161712.24143198,0
1703,313454.144995545,4161712.29343794,0
1704,313454.05958553,4161712.3454488,0
1705,313453.974177882,4161712.39746354,0
1706,313453.88877199,4161712.44948117,0
1707,313453.803367241,4161712.50150068,0
1708,313453.717963023,4161712.55352105,0
1709,313453.632558723,4161712.6055413,0
1710,313453.54715373,4161712.65756041,0
1711,313453.461747432,4161712.70957737,0
1712,313453.376339215,4161712.76159118,0
1713,313453.290928469,4161712.81360084,0
1714,313453.2055148,4161712.86560569,0
1715,313453.120098338,4161712.91760596,0
1716,313453.034679295,4161712.96960199,0
1717,313452.94925788,4161713.02159412,0
1718,313452.863834303,4161713.07358271,0
1719,313452.778408774,4161713.12556808,0
1720,313452.692981503,4161713.17755059,0
1721,313452.607552699,4161713.22953059,0
1722,313452.52212248,4161713.28150826,0
1723,313452.436690787,4161713.3334835,0
1724,313452.35125754,4161713.38545619,0
1725,313452.265822661,4161713.4374262,0
1726,313452.180386069,4161713.48939339,0
1727,313452.094947685,4161713.54135764,0
1728,313452.009507431,4161713.5933188,0
1729,313451.924065226,4161713.64527676,0
1730,313451.838620991,4161713.69723139,0
1731,313451.753174648,4161713.74918254,0
1732,313451.667726116,4161713.8011301,0
1733,313451.582275318,4161713.85307392,0
1734,313451.49682225,4161713.90501401,0
1735,313451.411367038,4161713.95695058,0
1736,313451.32590982,4161714.00888384,0
1737,313451.240450732,4161714.06081403,0
1738,313451.154989913,4161714.11274137,0
1739,313451.069527499,4161714.16466608,0
1740,313450.984063628,4161714.2165884,0
1741,313450.898598436,4161714.26850854,0
1742,313450.813132014,4161714.32042666,0
1743,313450.727664399,4161714.37234281,0
1744,313450.642195629,4161714.42425706,0
1745,313450.556725739,4161714.47616946,0
1746,313450.471254764,4161714.52808008,0
1747,313450.385782741,4161714.57998898,0
1748,313450.300309705,4161714.6318962,0
1749,313450.214835689,4161714.68380182,0
1750,313450.129360653,4161714.73570575,0
1751,313450.043884483,4161714.78760781,0
1752,313449.958407061,4161714.83950782,0
1753,313449.87292827,4161714.89140557,0
1754,313449.787447993,4161714.94330087,0
1755,313449.701966111,4161714.99519353,0
1756,313449.616482506,4161715.04708335,0
1757,313449.530997064,4161715.09897014,0
1758,313449.445509722,4161715.1508538,0
1759,313449.360020496,4161715.20273436,0
1760,313449.274529404,4161715.25461184,0
1761,313449.189036469,4161715.30648629,0
1762,313449.103541708,4161715.35835772,0
1763,313449.018045142,4161715.41022618,0
1764,313448.932546792,4161715.4620917,0
1765,313448.847046719,4161715.51395438,0
1766,313448.761545206,4161715.56581469,0
1767,313448.676042603,4161715.6176732,0
1768,313448.590539262,4161715.66953049,0
1769,313448.505035532,4161715.72138714,0
1770,313448.419531766,4161715.77324373,0
1771,313448.334028313,4161715.82510084,0
1772,313448.248525525,4161715.87695904,0
1773,313448.163023745,4161715.9288189,0
1774,313448.077523121,4161715.98068068,0
1775,313447.992023604,4161716.03254427,0
1776,313447.906525132,4161716.08440959,0
1777,313447.821027646,4161716.13627654,0
1778,313447.735531085,4161716.188145,0
1779,313447.650035391,4161716.2400149,0
1780,313447.564540501,4161716.29188613,0
1781,313447.479046356,4161716.34375858,0
1782,313447.393552892,4161716.39563215,0
1783,313447.308060039,4161716.44750673,0
1784,313447.22256773,4161716.49938221,0
1785,313447.137075895,4161716.55125847,0
1786,313447.051584467,4161716.60313539,0
1787,313446.966093377,4161716.65501288,0
1788,313446.880602556,4161716.70689081,0
1789,313446.795111936,4161716.75876907,0
1790,313446.709621393,4161716.81064746,0
1791,313446.624130728,4161716.86252565,0
1792,313446.538639738,4161716.91440329,0
1793,313446.453148217,4161716.96628007,0
1794,313446.367655962,4161717.01815564,0
1795,313446.282162766,4161717.07002965,0
1796,313446.196668425,4161717.12190178,0
1797,313446.111172737,4161717.17377169,0
1798,313446.025675596,4161717.2256392,0
1799,313445.940177084,4161717.27750445,0
1800,313445.854677298,4161717.3293676,0
1801,313445.769176341,4161717.38122883,0
1802,313445.683674311,4161717.43308828,0
1803,313445.598171308,4161717.48494613,0
1804,313445.512667433,4161717.53680254,0
1805,313445.427162784,4161717.58865768,0
1806,313445.341657476,4161717.64051172,0
1807,313445.256151662,4161717.69236494,0
1808,313445.17064551,4161717.74421759,0
1809,313445.085139182,4161717.79606996,0
1810,313444.999632846,4161717.84792231,0
1811,313444.914126665,4161717.89977492,0
1812,313444.828620805,4161717.95162806,0
1813,313444.74311543,4161718.003482,0
1814,313444.657610666,4161718.05533694,0
1815,313444.572106557,4161718.10719297,0
1816,313444.486603137,4161718.15905013,0
1817,313444.401100442,4161718.21090849,0
1818,313444.315598506,4161718.2627681,0
1819,313444.230097364,4161718.31462901,0
1820,313444.144597052,4161718.3664913,0
1821,313444.059097603,4161718.418355,0
1822,313443.973599033,4161718.47022016,0
1823,313443.888101175,4161718.52208649,0
1824,313443.80260376,4161718.57395355,0
1825,313443.717106519,4161718.6258209,0
1826,313443.631609181,4161718.67768809,0
1827,313443.546111478,4161718.72955468,0
1828,313443.460613139,4161718.78142021,0
1829,313443.375113894,4161718.83328426,0
1830,313443.289613483,4161718.88514638,0
1831,313443.204111709,4161718.93700626,0
1832,313443.118608409,4161718.98886362,0
1833,313443.03310342,4161719.0407182,0
1834,313442.947596579,4161719.09256972,0
1835,313442.862087723,4161719.14441791,0
1836,313442.77657669,4161719.19626252,0
1837,313442.691063316,4161719.24810327,0
1838,313442.605547485,4161719.29993996,0
1839,313442.520029499,4161719.35177309,0
1840,313442.434509892,4161719.40360355,0
1841,313442.348989196,4161719.45543222,0
1842,313442.263467948,4161719.50725997,0
1843,313442.17794668,4161719.5590877,0
1844,313442.092425926,4161719.61091627,0
1845,313442.006906223,4161719.66274657,0
1846,313441.921388096,4161719.71457948,0
1847,313441.835871748,4161719.76641532,0
1848,313441.750356869,4161719.81825358,0
1849,313441.664843108,4161719.87009369,0
1850,313441.579330112,4161719.92193506,0
1851,313441.493817529,4161719.97377711,0
1852,313441.408305009,4161720.02561926,0
1853,313441.322792197,4161720.07746093,0
1854,313441.237278744,4161720.12930155,0
1855,313441.151764296,4161720.18114052,0
1856,313441.066248502,4161720.23297727,0
1857,313440.980731009,4161720.28481122,0
1858,313440.895211467,4161720.33664179,0
1859,313440.809689621,4161720.38846856,0
1860,313440.724165598,4161720.44029173,0
1861,313440.638639612,4161720.49211167,0
1862,313440.553111877,4161720.54392872,0
1863,313440.467582607,4161720.59574323,0
1864,313440.382052018,4161720.64755557,0
1865,313440.296520323,4161720.69936609,0
1866,313440.210987738,4161720.75117513,0
1867,313440.125454467,4161720.80298304,0
1868,313440.039920636,4161720.85479003,0
1869,313439.954386326,4161720.90659622,0
1870,313439.86885162,4161720.95840176,0
1871,313439.783316598,4161721.01020678,0
1872,313439.697781344,4161721.06201142,0
1873,313439.612245937,4161721.1138158,0
1874,313439.526710461,4161721.16562007,0
1875,313439.441174997,4161721.21742436,0
1876,313439.355639627,4161721.26922881,0
1877,313439.270104431,4161721.32103354,0
1878,313439.184569494,4161721.3728387,0
1879,313439.099034894,4161721.42464441,0
1880,313439.013500688,4161721.47645078,0
1881,313438.927966893,4161721.52825782,0
1882,313438.842433525,4161721.58006557,0
1883,313438.756900597,4161721.63187405,0
1884,313438.671368125,4161721.68368328,0
1885,313438.585836124,4161721.73549329,0
1886,313438.500304609,4161721.7873041,0
1887,313438.414773594,4161721.83911573,0
1888,313438.329243097,4161721.89092822,0
1889,313438.243713144,4161721.94274161,0
1890,313438.158183757,4161721.99455593,0
1891,313438.072654962,4161722.04637123,0
1892,313437.987126784,4161722.09818755,0
1893,313437.901599245,4161722.15000492,0
1894,313437.816072372,4161722.20182339,0
1895,313437.730546188,4161722.253643,0
1896,313437.645020716,4161722.30546378,0
1897,313437.559495971,4161722.35728577,0
1898,313437.473971968,4161722.40910898,0
1899,313437.38844872,4161722.46093343,0
1900,313437.302926243,4161722.51275916,0
1901,313437.21740455,4161722.56458618,0
1902,313437.131883655,4161722.61641451,0
1903,313437.046363574,4161722.66824419,0
1904,313436.960844305,4161722.72007522,0
1905,313436.875325778,4161722.77190746,0
1906,313436.789807899,4161722.82374077,0
1907,313436.704290572,4161722.875575,0
1908,313436.618773703,4161722.92740998,0
1909,313436.533257196,4161722.97924555,0
1910,313436.447740958,4161723.03108157,0
1911,313436.362224895,4161723.08291788,0
1912,313436.276708999,4161723.13475447,0
1913,313436.191193362,4161723.18659148,0
1914,313436.105678081,4161723.23842908,0
1915,313436.020163254,4161723.29026743,0
1916,313435.934648977,4161723.34210668,0
1917,313435.849135348,4161723.39394701,0
1918,313435.763622466,4161723.44578857,0
1919,313435.678110427,4161723.49763151,0
1920,313435.592599274,4161723.54947592,0
1921,313435.507088854,4161723.60132154,0
1922,313435.421578966,4161723.65316803,0
1923,313435.336069409,4161723.70501507,0
1924,313435.250559984,4161723.75686233,0
1925,313435.165050492,4161723.80870948,0
1926,313435.07954073,4161723.86055619,0
1927,313434.994030501,4161723.91240212,0
1928,313434.908519662,4161723.96424704,0
1929,313434.823008214,4161724.01609097,0
1930,313434.737496174,4161724.06793391,0
1931,313434.651983561,4161724.11977591,0
1932,313434.566470394,4161724.171617,0
1933,313434.480956692,4161724.2234572,0
1934,313434.395442473,4161724.27529656,0
1935,313434.309927757,4161724.32713509,0
1936,313434.224412633,4161724.37897294,0
1937,313434.13889729,4161724.43081044,0
1938,313434.053381929,4161724.48264791,0
1939,313433.967866749,4161724.53448568,0
1940,313433.882351951,4161724.58632407,0
1941,313433.796837735,4161724.63816343,0
1942,313433.711324301,4161724.69000408,0
1943,313433.625811839,4161724.74184632,0
1944,313433.540300382,4161724.79369023,0
1945,313433.454789829,4161724.84553563,0
1946,313433.369280073,4161724.89738234,0
1947,313433.283771009,4161724.94923019,0
1948,313433.198262529,4161725.00107901,0
1949,313433.112754529,4161725.05292862,0
1950,313433.027246902,4161725.10477884,0
1951,313432.941739542,4161725.15662951,0
1952,313432.856232343,4161725.20848044,0
1953,313432.770725198,4161725.26033146,0
1954,313432.685217998,4161725.31218239,0
1955,313432.599710495,4161725.36403282,0
1956,313432.514202282,4161725.41588208,0
1957,313432.428692947,4161725.46772949,0
1958,313432.343182073,4161725.51957436,0
1959,313432.257669248,4161725.57141601,0
1960,313432.172154056,4161725.62325376,0
1961,313432.086636083,4161725.67508691,0
1962,313432.001114966,4161725.72691488,0
1963,313431.915590885,4161725.77873796,0
1964,313431.830064343,4161725.83055697,0
1965,313431.744535852,4161725.88237277,0
1966,313431.659005921,4161725.9341862,0
1967,313431.573475061,4161725.98599809,0
1968,313431.487943779,4161726.03780928,0
1969,313431.402412588,4161726.08962063,0
1970,313431.316881996,4161726.14143296,0
1971,313431.231352513,4161726.19324713,0
1972,313431.145824649,4161726.24506397,0
1973,313431.060298914,4161726.29688432,0
1974,313430.974775676,4161726.34870879,0
1975,313430.889254855,4161726.40053725,0
1976,313430.803736283,4161726.45236942,0
1977,313430.718219796,4161726.50420503,0
1978,313430.632705224,4161726.5560438,0
1979,313430.547192402,4161726.60788546,0
1980,313430.461681163,4161726.65972972,0
1981,313430.376171351,4161726.71157634,0
1982,313430.290662919,4161726.76342523,0
1983,313430.205155883,4161726.81527643,0
1984,313430.119650258,4161726.86712995,0
1985,313430.034146062,4161726.91898583,0
1986,313429.948643308,4161726.97084409,0
1987,313429.863142015,4161727.02270477,0
1988,313429.777642196,4161727.07456787,0
1989,313429.692143484,4161727.12643281,0
1990,313429.606644467,4161727.17829725,0
1991,313429.521143561,4161727.23015857,0
1992,313429.43563918,4161727.28201416,0
1993,313429.350129738,4161727.33386139,0
1994,313429.264613649,4161727.38569765,0
1995,313429.179089328,4161727.43752032,0
1996,313429.093555217,4161727.48932683,0
1997,313429.008011448,4161727.5411174,0
1998,313428.922460776,4161727.59289658,0
1999,313428.836906183,4161727.64466928,0
2000,313428.751350651,4161727.69644043,0
2001,313428.66579716,4161727.74821495,0
2002,313428.580248693,4161727.79999776,0
2003,313428.494708232,4161727.85179379,0
2004,313428.40917807,4161727.90360682,0
2005,313428.32365764,4161727.95543591,0
2006,313428.238145632,4161728.00727891,0
2007,313428.152640736,4161728.05913364,0
2008,313428.06714164,4161728.11099794,0
2009,313427.981647035,4161728.16286965,0
2010,313427.896155609,4161728.21474661,0
2011,313427.810666053,4161728.26662664,0
2012,313427.725177171,4161728.31850778,0
2013,313427.639688151,4161728.37038869,0
2014,313427.554198255,4161728.42226815,0
2015,313427.468706747,4161728.47414495,0
2016,313427.383212891,4161728.52601787,0
2017,313427.297715949,4161728.5778857,0
2018,313427.212215185,4161728.62974723,0
2019,313427.12670993,4161728.68160135,0
2020,313427.041200342,4161728.73344833,0
2021,313426.955687144,4161728.78528935,0
2022,313426.87017107,4161728.83712564,0
2023,313426.784652855,4161728.8889584,0
2024,313426.69913323,4161728.94078884,0
2025,313426.613612931,4161728.99261817,0
2026,313426.52809269,4161729.04444762,0
2027,313426.442573037,4161729.09627803,0
2028,313426.357053862,4161729.14810924,0
2029,313426.271534929,4161729.19994085,0
2030,313426.186016003,4161729.25177246,0
2031,313426.100496851,4161729.30360368,0
2032,313426.014977236,4161729.35543411,0
2033,313425.929456923,4161729.40726337,0
2034,313425.843935679,4161729.45909105,0
2035,313425.758413494,4161729.51091715,0
2036,313425.672891113,4161729.56274291,0
2037,313425.587369438,4161729.61456984,0
2038,313425.50184937,4161729.66639947,0
2039,313425.416331809,4161729.7182333,0
2040,313425.330817656,4161729.77007284,0
2041,313425.245307813,4161729.8219196,0
2042,313425.159803237,4161729.87377519,0
2043,313425.074306773,4161729.92564427,0
2044,313424.988823535,4161729.97753515,0
2045,313424.903358773,4161730.02945637,0
2046,313424.817917736,4161730.08141648,0
2047,313424.732505674,4161730.13342401,0
2048,313424.647127835,4161730.1854875,0
2049,313424.561789468,4161730.23761549,0
2050,313424.47649534,4161730.28981573,0
2051,313424.391242612,4161730.34208359,0
2052,313424.306022396,4161730.39440459,0
2053,313424.220825641,4161730.44676397,0
2054,313424.135643292,4161730.49914696,0
2055,313424.050466296,4161730.55153883,0
2056,313423.965285598,4161730.6039248,0
2057,313423.880092147,4161730.65629012,0
2058,313423.794877488,4161730.708621,0
2059,313423.70963662,4161730.76090918,0
2060,313423.62436577,4161730.81314838,0
2061,313423.539061167,4161730.86533231,0
2062,313423.453719039,4161730.9174547,0
2063,313423.368335615,4161730.96950927,0
2064,313423.282907125,4161731.02148972,0
2065,313423.197429796,4161731.07338978,0
2066,313423.111900843,4161731.12520479,0
2067,313423.026321723,4161731.17693701,0
2068,313422.940695032,4161731.2285906,0
2069,313422.855023368,4161731.2801697,0
2070,313422.769309328,4161731.33167846,0
2071,313422.68355551,4161731.38312102,0
2072,313422.597764511,4161731.43450154,0
2073,313422.511938926,4161731.48582415,0
2074,313422.426081231,4161731.53709287,0
2075,313422.34019371,4161731.58831151,0
2076,313422.254278628,4161731.63948384,0
2077,313422.16833825,4161731.69061365,0
2078,313422.082374841,4161731.74170473,0
2079,313421.996390668,4161731.79276086,0
2080,313421.910387995,4161731.84378581,0
2081,313421.824369065,4161731.89478335,0
2082,313421.738335464,4161731.94575612,0
2083,313421.652288042,4161731.99670554,0
2084,313421.566227608,4161732.04763298,0
2085,313421.480154975,4161732.0985398,0
2086,313421.394070953,4161732.14942737,0
2087,313421.307976353,4161732.20029703,0
2088,313421.221871985,4161732.25115015,0
2089,313421.135758659,4161732.3019881,0
2090,313421.049637139,4161732.35281216,0
2091,313420.963508136,4161732.40362353,0
2092,313420.877372361,4161732.45442342,0
2093,313420.791230524,4161732.50521303,0
2094,313420.705083335,4161732.55599356,0
2095,313420.618931504,4161732.60676621,0
2096,313420.53277574,4161732.65753219,0
2097,313420.446616771,4161732.70829273,0
2098,313420.360455376,4161732.75904915,0
2099,313420.274292343,4161732.80980279,0
2100,313420.18812846,4161732.86055499,0
2101,313420.101964514,4161732.91130707,0
2102,313420.015801293,4161732.96206039,0
2103,313419.929639585,4161733.01281628,0
2104,313419.843480178,4161733.06357607,0
2105,313419.757323772,4161733.11434095,0
2106,313419.671170375,4161733.16511094,0
2107,313419.58501967,4161733.2158855,0
2108,313419.498871336,4161733.26666409,0
2109,313419.412725055,4161733.31744615,0
2110,313419.326580505,4161733.36823116,0
2111,313419.240437368,4161733.41901856,0
2112,313419.154295323,4161733.46980782,0
2113,313419.068154082,4161733.52059843,0
2114,313418.982013665,4161733.57139045,0
2115,313418.895874251,4161733.62218416,0
2116,313418.809736024,4161733.67297989,0
2117,313418.723599168,4161733.72377794,0
2118,313418.637463866,4161733.77457863,0
2119,313418.551330301,4161733.82538226,0
2120,313418.465198657,4161733.87618915,0
2121,313418.379069116,4161733.9269996,0
2122,313418.292941845,4161733.9778139,0
2123,313418.206817005,4161734.02863233,0
2124,313418.120694755,4161734.07945514,0
2125,313418.034575255,4161734.13028261,0
2126,313417.948458664,4161734.18111501,0
2127,313417.862345142,4161734.23195261,0
2128,313417.776234849,4161734.28279568,0
2129,313417.690127891,4161734.33364439,0
2130,313417.604024163,4161734.38449858,0
2131,313417.517923514,4161734.43535798,0
2132,313417.431825792,4161734.48622233,0
2133,313417.345730843,4161734.53709138,0
2134,313417.259638515,4161734.58796486,0
2135,313417.173548656,4161734.63884252,0
2136,313417.087461112,4161734.6897241,0
2137,313417.001375728,4161734.74060933,0
2138,313416.915292288,4161734.79149785,0
2139,313416.829210537,4161734.84238922,0
2140,313416.74313022,4161734.89328303,0
2141,313416.65705108,4161734.94417882,0
2142,313416.570972864,4161734.99507617,0
2143,313416.484895313,4161735.04597465,0
2144,313416.398818174,4161735.09687383,0
2145,313416.312741271,4161735.14777341,0
2146,313416.226664773,4161735.19867367,0
2147,313416.140588939,4161735.24957505,0
2148,313416.054514026,4161735.30047799,0
2149,313415.968440294,4161735.35138293,0
2150,313415.882368,4161735.4022903,0
2151,313415.796297404,4161735.45320054,0
2152,313415.710228763,4161735.50411408,0
2153,313415.624162302,4161735.55503131,0
2154,313415.538097726,4161735.60595173,0
2155,313415.452034321,4161735.65687413,0
2156,313415.365971363,4161735.70779728,0
2157,313415.279908126,4161735.75871996,0
2158,313415.193843887,4161735.80964094,0
2159,313415.10777792,4161735.86055901,0
2160,313415.0217095,4161735.91147292,0
2161,313414.935637965,4161735.96238157,0
2162,313414.849563242,4161736.01328484,0
2163,313414.763485601,4161736.06418316,0
2164,313414.677405311,4161736.11507701,0
2165,313414.591322643,4161736.16596684,0
2166,313414.505237869,4161736.2168531,0
2167,313414.419151259,4161736.26773626,0
2168,313414.333063084,4161736.31861677,0
2169,313414.246973614,4161736.36949509,0
2170,313414.160883066,4161736.42037159,0
2171,313414.074791499,4161736.47124635,0
2172,313413.988698946,4161736.52211945,0
2173,313413.902605441,4161736.57299094,0
2174,313413.816511017,4161736.62386088,0
2175,313413.730415707,4161736.67472931,0
2176,313413.644319544,4161736.7255963,0
2177,313413.558222562,4161736.77646191,0
2178,313413.472124852,4161736.82732628,0
2179,313413.386026764,4161736.87819001,0
2180,313413.299928728,4161736.92905383,0
2181,313413.21383117,4161736.97991846,0
2182,313413.127734518,4161737.03078462,0
2183,313413.0416392,4161737.08165305,0
2184,313412.955545643,4161737.13252445,0
2185,313412.869454276,4161737.18339955,0
2186,313412.783365457,4161737.23427897,0
2187,313412.697278849,4161737.28516213,0
2188,313412.611193703,4161737.33604776,0
2189,313412.525109266,4161737.3869346,0
2190,313412.439024782,4161737.43782135,0
2191,313412.352939497,4161737.48870675,0
2192,313412.266852657,4161737.53958952,0
2193,313412.180763508,4161737.59046837,0
2194,313412.094671366,4161737.64134217,0
2195,313412.00857644,4161737.69221125,0
2196,313411.922479547,4161737.74307701,0
2197,313411.836381518,4161737.79394084,0
2198,313411.750283186,4161737.84480416,0
2199,313411.664185379,4161737.89566837,0
2200,313411.57808893,4161737.94653488,0
2201,313411.491994668,4161737.99740509,0
2202,313411.405903424,4161738.0482804,0
2203,313411.319815696,4161738.09916166,0
2204,313411.233731119,4161738.15004825,0
2205,313411.147649192,4161738.20093933,0
2206,313411.061569415,4161738.25183405,0
2207,313410.975491287,4161738.30273155,0
2208,313410.889414307,4161738.353631,0
2209,313410.803337975,4161738.40453154,0
2210,313410.71726179,4161738.45543234,0
2211,313410.631185338,4161738.50633268,0
2212,313410.545108383,4161738.55723217,0
2213,313410.459030714,4161738.60813045,0
2214,313410.372952116,4161738.65902716,0
2215,313410.286872376,4161738.70992193,0
2216,313410.200791282,4161738.76081442,0
2217,313410.11470862,4161738.81170425,0
2218,313410.028624178,4161738.86259108,0
2219,313409.942537749,4161738.91347454,0
2220,313409.856449312,4161738.9643546,0
2221,313409.770359032,4161739.01523155,0
2222,313409.684267084,4161739.06610567,0
2223,313409.598173642,4161739.11697727,0
2224,313409.512078882,4161739.16784663,0
2225,313409.425982976,4161739.21871406,0
2226,313409.339886101,4161739.26957985,0
2227,313409.253788429,4161739.32044429,0
2228,313409.167690088,4161739.37130759,0
2229,313409.081591133,4161739.42216985,0
2230,313408.995491607,4161739.47303115,0
2231,313408.909391559,4161739.52389157,0
2232,313408.823291034,4161739.57475117,0
2233,313408.737190079,4161739.62561005,0
2234,313408.651088739,4161739.67646828,0
2235,313408.564987061,4161739.72732593,0
2236,313408.478885071,4161739.77818306,0
2237,313408.392782719,4161739.82903957,0
2238,313408.306679932,4161739.87989535,0
2239,313408.22057664,4161739.93075027,0
2240,313408.134472771,4161739.98160422,0
2241,313408.048368253,4161740.03245707,0
2242,313407.962263017,4161740.0833087,0
2243,313407.876156991,4161740.13415899,0
2244,313407.790050127,4161740.18500786,0
2245,313407.703942489,4161740.23585543,0
2246,313407.617834167,4161740.28670183,0
2247,313407.531725254,4161740.33754723,0
2248,313407.445615841,4161740.38839179,0
2249,313407.35950602,4161740.43923566,0
2250,313407.273395883,4161740.49007899,0
2251,313407.187285522,4161740.54092194,0
2252,313407.101175027,4161740.59176467,0
2253,313407.01506445,4161740.64260725,0
2254,313406.928953791,4161740.6934497,0
2255,313406.842843049,4161740.74429201,0
2256,313406.75673222,4161740.79513417,0
2257,313406.670621304,4161740.84597618,0
2258,313406.584510298,4161740.89681804,0
2259,313406.498399199,4161740.94765974,0
2260,313406.412288006,4161740.99850128,0
2261,313406.326176716,4161741.04934266,0
2262,313406.240065327,4161741.10018387,0
2263,313406.153953837,4161741.15102491,0
2264,313406.067842244,4161741.20186577,0
2265,313405.981730546,4161741.25270646,0
2266,313405.895618739,4161741.30354696,0
2267,313405.809506821,4161741.35438727,0
2268,313405.72339479,4161741.4052274,0
2269,313405.637282641,4161741.45606732,0
2270,313405.551170373,4161741.50690704,0
2271,313405.465057982,4161741.55774656,0
2272,313405.378945465,4161741.60858586,0
2273,313405.292832836,4161741.65942497,0
2274,313405.206720225,4161741.71026411,0
2275,313405.120607816,4161741.7611036,0
2276,313405.034495791,4161741.81194373,0
2277,313404.948384332,4161741.86278483,0
2278,313404.862273623,4161741.91362719,0
2279,313404.776163845,4161741.96447113,0
2280,313404.690055181,4161742.01531696,0
2281,313404.603947815,4161742.06616498,0
2282,313404.517841928,4161742.11701551,0
2283,313404.431737703,4161742.16786885,0
2284,313404.345635323,4161742.21872531,0
2285,313404.25953497,4161742.26958521,0
2286,313404.173436803,4161742.32044881,0
2287,313404.087340703,4161742.3713159,0
2288,313404.001246377,4161742.422186,0
2289,313403.91515353,4161742.4730586,0
2290,313403.829061866,4161742.52393321,0
2291,313403.74297109,4161742.57480932,0
2292,313403.656880906,4161742.62568643,0
2293,313403.570791018,4161742.67656404,0
2294,313403.484701132,4161742.72744165,0
2295,313403.398610998,4161742.77831885,0
2296,313403.312520465,4161742.82919537,0
2297,313403.226429397,4161742.88007098,0
2298,313403.140337659,4161742.93094546,0
2299,313403.054245113,4161742.98181857,0
2300,313402.968151624,4161743.03269009,0
2301,313402.882057054,4161743.08355978,0
2302,313402.795961268,4161743.1344274,0
2303,313402.70986414,4161743.18529276,0
2304,313402.623765719,4161743.23615593,0
2305,313402.537666203,4161743.28701724,0
2306,313402.451565791,4161743.33787704,0
2307,313402.365464685,4161743.38873566,0
2308,313402.279363085,4161743.43959345,0
2309,313402.193261194,4161743.49045074,0
2310,313402.10715921,4161743.54130788,0
2311,313402.021057336,4161743.59216521,0
2312,313401.934955741,4161743.643023,0
2313,313401.848854429,4161743.69388128,0
2314,313401.762753351,4161743.74473995,0
2315,313401.676652458,4161743.79559893,0
2316,313401.590551699,4161743.84645814,0
2317,313401.504451026,4161743.8973175,0
2318,313401.41835039,4161743.94817692,0
2319,313401.332249742,4161743.99903631,0
2320,313401.246149031,4161744.04989561,0
2321,313401.160048209,4161744.10075471,0
2322,313401.073947226,4161744.15161354,0
2323,313400.987846034,4161744.20247202,0
2324,313400.901744582,4161744.25333006,0
2325,313400.815642822,4161744.30418757,0
2326,313400.729540734,4161744.35504453,0
2327,313400.643438359,4161744.40590101,0
2328,313400.557335747,4161744.45675708,0
2329,313400.471232945,4161744.50761283,0
2330,313400.385130003,4161744.55846835,0
2331,313400.29902697,4161744.60932371,0
2332,313400.212923895,4161744.660179,0
2333,313400.126820827,4161744.7110343,0
2334,313400.04071779,4161744.76188965,0
2335,313399.954614779,4161744.81274505,0
2336,313399.868511786,4161744.86360048,0
2337,313399.782408802,4161744.91445592,0
2338,313399.696305819,4161744.96531137,0
2339,313399.610202829,4161745.0161668,0
2340,313399.524099823,4161745.06702221,0
2341,313399.437996793,4161745.11787757,0
2342,313399.351893729,4161745.16873288,0
2343,313399.265790615,4161745.21958811,0
2344,313399.179687427,4161745.2704432,0
2345,313399.09358414,4161745.32129813,0
2346,313399.00748073,4161745.37215286,0
2347,313398.921377172,4161745.42300733,0
2348,313398.835273441,4161745.47386151,0
2349,313398.749169514,4161745.52471535,0
2350,313398.663065366,4161745.57556883,0
2351,313398.576960971,4161745.62642188,0
2352,313398.490856307,4161745.67727448,0
2353,313398.404751348,4161745.72812658,0
2354,313398.31864607,4161745.77897814,0
2355,313398.23254045,4161745.82982912,0
2356,313398.146434491,4161745.88067953,0
2357,313398.060328219,4161745.9315294,0
2358,313397.974221659,4161745.98237879,0
2359,313397.888114836,4161746.03322773,0
2360,313397.802007775,4161746.08407627,0
2361,313397.715900502,4161746.13492446,0
2362,313397.629793042,4161746.18577232,0
2363,313397.54368542,4161746.23661991,0
2364,313397.457577659,4161746.28746727,0
2365,313397.37146977,4161746.3383144,0
2366,313397.285361756,4161746.38916133,0
2367,313397.199253621,4161746.44000805,0
2368,313397.11314537,4161746.49085458,0
2369,313397.027037006,4161746.54170091,0
2370,313396.940928534,4161746.59254706,0
2371,313396.854819958,4161746.64339304,0
2372,313396.768711283,4161746.69423884,0
2373,313396.682602516,4161746.74508449,0
2374,313396.596493688,4161746.79593004,0
2375,313396.510384832,4161746.84677554,0
2376,313396.424275981,4161746.89762105,0
2377,313396.338167171,4161746.94846663,0
2378,313396.252058435,4161746.99931233,0
2379,313396.165949806,4161747.05015822,0
2380,313396.07984132,4161747.10100434,0
2381,313395.993733009,4161747.15185077,0
2382,313395.907624878,4161747.2026975,0
2383,313395.821516884,4161747.25354446,0
2384,313395.73540898,4161747.30439157,0
2385,313395.649301118,4161747.35523875,0
2386,313395.563193249,4161747.40608593,0
2387,313395.477085328,4161747.45693301,0
2388,313395.390977305,4161747.50777992,0
2389,313395.304869133,4161747.55862658,0
2390,313395.218760765,4161747.60947291,0
2391,313395.132652185,4161747.66031887,0
2392,313395.046543408,4161747.71116451,0
2393,313394.960434451,4161747.76200984,0
2394,313394.874325332,4161747.81285489,0
2395,313394.788216067,4161747.8636997,0
2396,313394.702106675,4161747.91454429,0
2397,313394.615997171,4161747.9653887,0
2398,313394.529887574,4161748.01623294,0
2399,313394.443777899,4161748.06707706,0
2400,313394.357668133,4161748.11792101,0
2401,313394.271558234,4161748.16876475,0
2402,313394.185448162,4161748.21960819,0
2403,313394.099337876,4161748.27045127,0
2404,313394.013227334,4161748.32129391,0
2405,313393.927116496,4161748.37213606,0
2406,313393.841005321,4161748.42297763,0
2407,313393.754893766,4161748.47381856,0
2408,313393.668781795,4161748.52465879,0
2409,313393.582669396,4161748.57549828,0
2410,313393.49655657,4161748.62633706,0
2411,313393.41044332,4161748.67717512,0
2412,313393.324329647,4161748.72801246,0
2413,313393.238215553,4161748.77884909,0
2414,313393.152101039,4161748.82968501,0
2415,313393.065986107,4161748.88052022,0
2416,313392.97987076,4161748.93135472,0
2417,313392.893755005,4161748.98218854,0
2418,313392.807638905,4161749.03302177,0
2419,313392.72152255,4161749.08385457,0
2420,313392.635406029,4161749.13468708,0
2421,313392.549289434,4161749.18551948,0
2422,313392.463172853,4161749.23635189,0
2423,313392.377056377,4161749.28718448,0
2424,313392.290940095,4161749.33801741,0
2425,313392.204824098,4161749.38885081,0
2426,313392.118708453,4161749.43968481,0
2427,313392.032593149,4161749.49051939,0
2428,313391.946478155,4161749.5413545,0
2429,313391.860363443,4161749.59219008,0
2430,313391.774248984,4161749.64302609,0
2431,313391.688134747,4161749.69386247,0
2432,313391.602020704,4161749.74469919,0
2433,313391.515906825,4161749.79553618,0
2434,313391.429793081,4161749.8463734,0
2435,313391.343679421,4161749.89721077,0
2436,313391.257565746,4161749.94804811,0
2437,313391.171451955,4161749.99888525,0
2438,313391.085337943,4161750.04972202,0
2439,313390.999223606,4161750.10055824,0
2440,313390.913108841,4161750.15139373,0
2441,313390.826993545,4161750.20222832,0
2442,313390.740877614,4161750.25306184,0
2443,313390.654760948,4161750.30389411,0
2444,313390.568643698,4161750.35472539,0
2445,313390.482526405,4161750.4055566,0
2446,313390.396409649,4161750.45638871,0
2447,313390.310294005,4161750.50722271,0
2448,313390.224180053,4161750.55805958,0
2449,313390.138068369,4161750.60890029,0
2450,313390.051959532,4161750.65974583,0
2451,313389.965854118,4161750.71059716,0
2452,313389.879752705,4161750.76145528,0
2453,313389.793655084,4161750.81231981,0
2454,313389.70755888,4161750.86318676,0
2455,313389.621461349,4161750.91405145,0
2456,313389.535359745,4161750.96490924,0
2457,313389.449251322,4161751.01575548,0
2458,313389.363133335,4161751.06658551,0
2459,313389.27700304,4161751.11739469,0
2460,313389.19085769,4161751.16817836,0
2461,313389.104694598,4161751.21893197,0
2462,313389.018512206,4161751.26965285,0
2463,313388.932309992,4161751.32034006,0
2464,313388.84608747,4161751.37099274,0
2465,313388.759844155,4161751.42161,0
2466,313388.673579561,4161751.47219098,0
2467,313388.587293202,4161751.52273479,0
2468,313388.500984594,4161751.57324057,0
2469,313388.414653251,4161751.62370745,0
2470,313388.328298721,4161751.6741346,0
2471,313388.241921995,4161751.72452369,0
2472,313388.15552601,4161751.77487977,0
2473,313388.069113842,4161751.82520809,0
2474,313387.982688566,4161751.87551391,0
2475,313387.896253257,4161751.92580251,0
2476,313387.809810991,4161751.97607916,0
2477,313387.723364844,4161752.02634912,0
2478,313387.63691789,4161752.07661765,0
2479,313387.55047318,4161752.12688998,0
2480,313387.464033047,4161752.17717013,0
2481,313387.377598999,4161752.2274607,0
2482,313387.2911725,4161752.27776424,0
2483,313387.204755015,4161752.32808329,0
2484,313387.118348007,4161752.37842039,0
2485,313387.03195294,4161752.42877807,0
2486,313386.945571278,4161752.47915889,0
2487,313386.859204485,4161752.52956538,0
2488,313386.772854128,4161752.58000025,0
2489,313386.686523803,4161752.63046957,0
2490,313386.600218968,4161752.68098249,0
2491,313386.513945151,4161752.73154829,0
2492,313386.42770788,4161752.78217623,0
2493,313386.341512681,4161752.83287557,0
2494,313386.255365083,4161752.88365558,0
2495,313386.169270614,4161752.93452554,0
2496,313386.0832348,4161752.9854947,0
2497,313385.997263029,4161753.0365721,0
2498,313385.91135803,4161753.08776206,0
2499,313385.825520153,4161753.13906478,0
2500,313385.739749667,4161753.19048027,0
2501,313385.654046838,4161753.24200855,0
2502,313385.568411932,4161753.29364964,0
2503,313385.482845217,4161753.34540357,0
2504,313385.397346961,4161753.39727037,0
2505,313385.311917429,4161753.44925004,0
2506,313385.226556655,4161753.50134225,0
2507,313385.141262171,4161753.55354273,0
2508,313385.05603,4161753.60584486,0
2509,313384.970856141,4161753.65824197,0
2510,313384.885736597,4161753.7107274,0
2511,313384.800667366,4161753.76329448,0
2512,313384.715644451,4161753.81593655,0
2513,313384.630663851,4161753.86864695,0
2514,313384.545721567,4161753.92141902,0
2515,313384.460813879,4161753.97424655,0
2516,313384.375938935,4161754.0271265,0
2517,313384.291095655,4161754.0800571,0
2518,313384.206282958,4161754.13303659,0
2519,313384.121499765,4161754.18606322,0
2520,313384.036744998,4161754.23913523,0
2521,313383.952017578,4161754.29225086,0
2522,313383.867316424,4161754.34540835,0
2523,313383.782640458,4161754.39860594,0
2524,313383.697988595,4161754.45184188,0
2525,313383.613359701,4161754.50511432,0
2526,313383.528752611,4161754.55842139,0
2527,313383.44416616,4161754.61176124,0
2528,313383.359599184,4161754.66513197,0
2529,313383.275050518,4161754.71853172,0
2530,313383.190518998,4161754.77195863,0
2531,313383.106003458,4161754.82541081,0
2532,313383.021502734,4161754.8788864,0
2533,313382.937015694,4161754.93238358,0
2534,313382.852541446,4161754.98590093,0
2535,313382.768079207,4161755.03943721,0
2536,313382.683628192,4161755.09299118,0
2537,313382.599187618,4161755.14656161,0
2538,313382.514756702,4161755.20014726,0
2539,313382.43033466,4161755.25374688,0
2540,313382.345920708,4161755.30735925,0
2541,313382.261514063,4161755.36098312,0
2542,313382.177113942,4161755.41461725,0
2543,313382.092719613,4161755.46826049,0
2544,313382.008330402,4161755.52191178,0
2545,313381.923945638,4161755.57557007,0
2546,313381.839564652,4161755.6292343,0
2547,313381.755186775,4161755.68290342,0
2548,313381.670811335,4161755.73657636,0
2549,313381.586437663,4161755.79025209,0
2550,313381.50206509,4161755.84392955,0
2551,313381.417692995,4161755.89760775,0
2552,313381.333321092,4161755.95128626,0
2553,313381.248949231,4161756.00496483,0
2554,313381.16457726,4161756.05864323,0
2555,313381.08020503,4161756.11232122,0
2556,313380.995832391,4161756.16599857,0
2557,313380.911459191,4161756.21967503,0
2558,313380.82708528,4161756.27335038,0
2559,313380.742710508,4161756.32702438,0
2560,313380.658334714,4161756.38069677,0
2561,313380.573957583,4161756.43436707,0
2562,313380.489578684,4161756.48803458,0
2563,313380.405197585,4161756.54169863,0
2564,313380.320813851,4161756.59535854,0
2565,313380.23642705,4161756.64901362,0
2566,313380.152036747,4161756.7026632,0
2567,313380.06764251,4161756.75630658,0
2568,313379.983243905,4161756.8099431,0
2569,313379.898840506,4161756.86357206,0
2570,313379.814432046,4161756.91719307,0
2571,313379.730018432,4161756.97080596,0
2572,313379.645599579,4161757.0244106,0
2573,313379.561175398,4161757.07800685,0
2574,313379.476745806,4161757.13159458,0
2575,313379.392310714,4161757.18517364,0
2576,313379.307870039,4161757.23874391,0
2577,313379.223423692,4161757.29230524,0
2578,313379.13897159,4161757.3458575,0
2579,313379.054513658,4161757.39940056,0
2580,313378.970049837,4161757.45293434,0
2581,313378.885580068,4161757.50645874,0
2582,313378.801104293,4161757.55997366,0
2583,313378.716622455,4161757.613479,0
2584,313378.632134493,4161757.66697467,0
2585,313378.547640349,4161757.72046058,0
2586,313378.463139966,4161757.77393663,0
2587,313378.378633285,4161757.82740273,0
2588,313378.294120247,4161757.88085877,0
2589,313378.209600793,4161757.93430466,0
2590,313378.125074866,4161757.98774032,0
2591,313378.040542406,4161758.04116563,0
2592,313377.956003357,4161758.09458052,0
2593,313377.871457808,4161758.14798511,0
2594,313377.786906122,4161758.20137999,0
2595,313377.702348691,4161758.25476576,0
2596,313377.617785908,4161758.30814306,0
2597,313377.533218164,4161758.3615125,0
2598,313377.448645852,4161758.41487471,0
2599,313377.364069364,4161758.46823029,0
2600,313377.279489092,4161758.52157988,0
2601,313377.194905421,4161758.57492407,0
2602,313377.110318542,4161758.62826318,0
2603,313377.025728459,4161758.68159721,0
2604,313376.941135169,4161758.73492615,0
2605,313376.856538668,4161758.78824999,0
2606,313376.771938953,4161758.84156873,0
2607,313376.687336021,4161758.89488237,0
2608,313376.602729867,4161758.94819089,0
2609,313376.51812049,4161759.0014943,0
2610,313376.433507888,4161759.05479259,0
2611,313376.348892152,4161759.1080859,0
2612,313376.26427346,4161759.16137452,0
2613,313376.179651996,4161759.21465874,0
2614,313376.09502794,4161759.26793885,0
2615,313376.010401477,4161759.32121513,0
2616,313375.925772789,4161759.37448787,0
2617,313375.841142058,4161759.42775737,0
2618,313375.756509468,4161759.48102392,0
2619,313375.671875201,4161759.53428781,0
2620,313375.587239439,4161759.58754931,0
2621,313375.502602365,4161759.64080874,0
2622,313375.417964163,4161759.69406636,0
2623,313375.333325013,4161759.74732248,0
2624,313375.248685091,4161759.80057737,0
2625,313375.164044481,4161759.85383117,0
2626,313375.079403228,4161759.90708394,0
2627,313374.994761373,4161759.96033575,0
2628,313374.910118958,4161760.01358668,0
2629,313374.825476026,4161760.06683678,0
2630,313374.740832618,4161760.12008614,0
2631,313374.656188778,4161760.17333481,0
2632,313374.571544547,4161760.22658286,0
2633,313374.486899972,4161760.27983038,0
2634,313374.402255295,4161760.33307773,0
2635,313374.317611018,4161760.38632573,0
2636,313374.232967662,4161760.43957518,0
2637,313374.148325745,4161760.49282692,0
2638,313374.063685789,4161760.54608177,0
2639,313373.979048315,4161760.59934055,0
2640,313373.894413841,4161760.65260409,0
2641,313373.809782889,4161760.70587321,0
2642,313373.725155979,4161760.75914873,0
2643,313373.640533475,4161760.81243124,0
2644,313373.555914934,4161760.86572003,0
2645,313373.471299655,4161760.91901399,0
2646,313373.386686937,4161760.97231204,0
2647,313373.302076078,4161761.02561306,0
2648,313373.217466376,4161761.07891595,0
2649,313373.132857131,4161761.1322196,0
2650,313373.04824764,4161761.1855229,0
2651,313372.963637202,4161761.23882476,0
2652,313372.879025362,4161761.29212446,0
2653,313372.794414202,4161761.34542528,0
2654,313372.709807287,4161761.39873285,0
2655,313372.625208201,4161761.4520528,0
2656,313372.540620529,4161761.5053908,0
2657,313372.456047857,4161761.55875249,0
2658,313372.37149377,4161761.61214354,0
2659,313372.286961851,4161761.66556958,0
2660,313372.202455686,4161761.71903628,0
2661,313372.117978846,4161761.77254926,0
2662,313372.033532973,4161761.82611111,0
2663,313371.949115782,4161761.87971821,0
2664,313371.864724515,4161761.93336619,0
2665,313371.780356411,4161761.98705069,0
2666,313371.696008711,4161762.04076735,0
2667,313371.611678654,4161762.09451178,0
2668,313371.527363482,4161762.14827964,0
2669,313371.443060433,4161762.20206655,0
2670,313371.358766749,4161762.25586814,0
2671,313371.274479397,4161762.30967962,0
2672,313371.190194402,4161762.36349476,0
2673,313371.105907584,4161762.41730698,0
2674,313371.021614765,4161762.47110973,0
2675,313370.937311764,4161762.52489643,0
2676,313370.852994402,4161762.57866054,0
2677,313370.7686585,4161762.63239547,0
2678,313370.684299878,4161762.68609468,0
2679,313370.599914357,4161762.73975159,0
2680,313370.515497924,4161762.79335991,0
2681,313370.431049235,4161762.84691749,0
2682,313370.346569097,4161762.90042553,0
2683,313370.262058378,4161762.95388536,0
2684,313370.177517945,4161763.00729826,0
2685,313370.092948666,4161763.06066554,0
2686,313370.00835141,4161763.11398852,0
2687,313369.923727043,4161763.16726848,0
2688,313369.839076435,4161763.22050674,0
2689,313369.754400451,4161763.2737046,0
2690,313369.669699825,4161763.32686316,0
2691,313369.584974922,4161763.37998296,0
2692,313369.500226044,4161763.43306447,0
2693,313369.415453494,4161763.48610813,0
2694,313369.330657574,4161763.53911439,0
2695,313369.245838587,4161763.59208372,0
2696,313369.160996835,4161763.64501656,0
2697,313369.076132621,4161763.69791336,0
2698,313368.991246248,4161763.75077458,0
2699,313368.906338062,4161763.80360074,0
2700,313368.821408851,4161763.85639309,0
2701,313368.73645966,4161763.90915329,0
2702,313368.651491538,4161763.96188302,0
2703,313368.566505535,4161764.01458393,0
2704,313368.481502699,4161764.06725771,0
2705,313368.396484079,4161764.11990602,0
2706,313368.311450725,4161764.17253054,0
2707,313368.226403685,4161764.22513292,0
2708,313368.141343997,4161764.27771483,0
2709,313368.056272473,4161764.33027757,0
2710,313367.9711897,4161764.38282208,0
2711,313367.886096257,4161764.43534929,0
2712,313367.800992724,4161764.48786015,0
2713,313367.715879678,4161764.54035559,0
2714,313367.630757699,4161764.59283654,0
2715,313367.545627365,4161764.64530393,0
2716,313367.460489256,4161764.69775871,0
2717,313367.375343949,4161764.75020181,0
2718,313367.290191997,4161764.80263411,0
2719,313367.20503369,4161764.85505609,0
2720,313367.119869168,4161764.90746797,0
2721,313367.034698573,4161764.95986998,0
2722,313366.949522044,4161765.01226235,0
2723,313366.864339723,4161765.06464529,0
2724,313366.77915175,4161765.11701905,0
2725,313366.693958264,4161765.16938383,0
2726,313366.608759407,4161765.22173987,0
2727,313366.523555322,4161765.27408741,0
2728,313366.43834632,4161765.32642693,0
2729,313366.353132936,4161765.37875932,0
2730,313366.267915725,4161765.43108548,0
2731,313366.182695238,4161765.48340631,0
2732,313366.09747203,4161765.5357227,0
2733,313366.012246651,4161765.58803556,0
2734,313365.927019657,4161765.64034578,0
2735,313365.841791598,4161765.69265428,0
2736,313365.756563028,4161765.74496194,0
2737,313365.671334335,4161765.7972694,0
2738,313365.586105419,4161765.84957649,0
2739,313365.50087609,4161765.90188291,0
2740,313365.415646159,4161765.95418835,0
2741,313365.330415438,4161766.0064925,0
2742,313365.245183737,4161766.05879505,0
2743,313365.159950867,4161766.1110957,0
2744,313365.074716639,4161766.16339414,0
2745,313364.989480865,4161766.21569005,0
2746,313364.904243371,4161766.26798316,0
2747,313364.81900424,4161766.3202736,0
2748,313364.733763746,4161766.37256182,0
2749,313364.64852217,4161766.42484828,0
2750,313364.563279791,4161766.47713343,0
2751,313364.478036891,4161766.52941773,0
2752,313364.392793749,4161766.58170164,0
2753,313364.307550644,4161766.6339856,0
2754,313364.222307858,4161766.68627009,0
2755,313364.13706567,4161766.73855555,0
2756,313364.051824353,4161766.79084243,0
2757,313363.966584068,4161766.843131,0
2758,313363.881344896,4161766.89542138,0
2759,313363.796106913,4161766.94771369,0
2760,313363.710870196,4161767.00000807,0
2761,313363.625634822,4161767.05230464,0
2762,313363.540400867,4161767.10460352,0
2763,313363.455168409,4161767.15690484,0
2764,313363.369937524,4161767.20920872,0
2765,313363.284708287,4161767.26151529,0
2766,313363.199480712,4161767.31382457,0
2767,313363.11425476,4161767.36613649,0
2768,313363.02903039,4161767.41845099,0
2769,313362.943807559,4161767.47076799,0
2770,313362.858586226,4161767.52308744,0
2771,313362.77336635,4161767.57540926,0
2772,313362.688147887,4161767.62773338,0
2773,313362.602930798,4161767.68005974,0
2774,313362.517715039,4161767.73238827,0
2775,313362.432500589,4161767.78471893,0
2776,313362.347287544,4161767.83705187,0
2777,313362.262076045,4161767.88938734,0
2778,313362.176866233,4161767.94172555,0
2779,313362.09165825,4161767.99406673,0
2780,313362.006452237,4161768.04641113,0
2781,313361.921248336,4161768.09875895,0
2782,313361.836046686,4161768.15111045,0
2783,313361.750847431,4161768.20346584,0
2784,313361.665650711,4161768.25582535,0
2785,313361.580456606,4161768.30818912,0
2786,313361.495264951,4161768.36055687,0
2787,313361.410075522,4161768.41292825,0
2788,313361.324888095,4161768.46530288,0
2789,313361.239702445,4161768.51768041,0
2790,313361.15451835,4161768.57006046,0
2791,313361.069335583,4161768.62244268,0
2792,313360.984153921,4161768.67482669,0
2793,313360.89897314,4161768.72721214,0
2794,313360.813793036,4161768.77959868,0
2795,313360.728613728,4161768.83198653,0
2796,313360.643435586,4161768.88437627,0
2797,313360.558258992,4161768.93676852,0
2798,313360.473084324,4161768.98916391,0
2799,313360.387911962,4161769.04156304,0
2800,313360.302742285,4161769.09396653,0
2801,313360.217575673,4161769.146375,0
2802,313360.132412504,4161769.19878907,0
2803,313360.047253159,4161769.25120935,0
2804,313359.962097877,4161769.30363622,0
2805,313359.876946346,4161769.35606919,0
2806,313359.791798121,4161769.40850753,0
2807,313359.706652756,4161769.46095052,0
2808,313359.621509806,4161769.51339743,0
2809,313359.536368825,4161769.56584754,0
2810,313359.451229368,4161769.61830012,0
2811,313359.366090989,4161769.67075445,0
2812,313359.280953242,4161769.72320981,0
2813,313359.195815689,4161769.77566548,0
2814,313359.110678115,4161769.82812112,0
2815,313359.025540608,4161769.88057686,0
2816,313358.940403271,4161769.93303288,0
2817,313358.855266209,4161769.98548934,0
2818,313358.770129526,4161770.03794642,0
2819,313358.684993329,4161770.09040429,0
2820,313358.59985772,4161770.14286311,0
2821,313358.514722806,4161770.19532306,0
2822,313358.42958869,4161770.2477843,0
2823,313358.344455458,4161770.30024698,0
2824,313358.259323059,4161770.35271101,0
2825,313358.174191378,4161770.40517621,0
2826,313358.089060305,4161770.45764239,0
2827,313358.003929726,4161770.51010938,0
2828,313357.91879953,4161770.56257699,0
2829,313357.833669604,4161770.61504503,0
2830,313357.748539836,4161770.66751333,0
2831,313357.663410113,4161770.71998171,0
2832,313357.578280324,4161770.77244997,0
2833,313357.493150379,4161770.82491799,0
2834,313357.4080203,4161770.87738578,0
2835,313357.322890135,4161770.92985344,0
2836,313357.237759936,4161770.98232104,0
2837,313357.152629754,4161771.03478867,0
2838,313357.067499639,4161771.08725641,0
2839,313356.982369641,4161771.13972434,0
2840,313356.897239812,4161771.19219254,0
2841,313356.812110202,4161771.2446611,0
2842,313356.726980861,4161771.29713009,0
2843,313356.641851756,4161771.34959947,0
2844,313356.556722616,4161771.40206879,0
2845,313356.471593133,4161771.45453756,0
2846,313356.386462997,4161771.50700526,0
2847,313356.3013319,4161771.55947141,0
2848,313356.216199531,4161771.61193549,0
2849,313356.131065581,4161771.664397,0
2850,313356.045929742,4161771.71685545,0
2851,313355.960791703,4161771.76931033,0
2852,313355.875651183,4161771.82176118,0
2853,313355.790508341,4161771.87420826,0
2854,313355.705363703,4161771.92665242,0
2855,313355.620217803,4161771.97909453,0
2856,313355.535071178,4161772.03153547,0
2857,313355.449924362,4161772.0839761,0
2858,313355.364777892,4161772.13641729,0
2859,313355.279632303,4161772.18885992,0
2860,313355.194488129,4161772.24130484,0
2861,313355.109345908,4161772.29375294,0
2862,313355.024206136,4161772.34620502,0
2863,313354.939068459,4161772.39866049,0
2864,313354.853931672,4161772.45111741,0
2865,313354.768794536,4161772.50357377,0
2866,313354.683655809,4161772.55602754,0
2867,313354.598514253,4161772.60847671,0
2868,313354.513368626,4161772.66091927,0
2869,313354.428217689,4161772.7133532,0
2870,313354.343060202,4161772.76577649,0
2871,313354.257894942,4161772.81818715,0
2872,313354.172721445,4161772.87058443,0
2873,313354.087540241,4161772.92296918,0
2874,313354.002351931,4161772.97534238,0
2875,313353.917157111,4161773.02770499,0
2876,313353.831956383,4161773.080058,0
2877,313353.746750346,4161773.13240237,0
2878,313353.661539597,4161773.18473907,0
2879,313353.576324738,4161773.23706908,0
2880,313353.491106366,4161773.28939337,0
2881,313353.405885116,4161773.34171296,0
2882,313353.320661962,4161773.39402944,0
2883,313353.235438069,4161773.44634471,0
2884,313353.150214605,4161773.49866068,0
2885,313353.064992738,4161773.55097924,0
2886,313352.979773636,4161773.60330232,0
2887,313352.894558466,4161773.6556318,0
2888,313352.809348397,4161773.70796959,0
2889,313352.724144596,4161773.76031759,0
2890,313352.63894823,4161773.81267772,0
2891,313352.553759575,4161773.86505042,0
2892,313352.468576024,4161773.91743143,0
2893,313352.38339439,4161773.96981557,0
2894,313352.298211487,4161774.02219762,0
2895,313352.213024127,4161774.07457241,0
2896,313352.127829124,4161774.12693473,0
2897,313352.04262329,4161774.17927938,0
2898,313351.957403441,4161774.23160117,0
2899,313351.872166387,4161774.28389491,0
2900,313351.786909568,4161774.3361564,0
2901,313351.701634611,4161774.38838832,0
2902,313351.616344864,4161774.44059612,0
2903,313351.531043683,4161774.49278528,0
2904,313351.445734421,4161774.54496126,0
2905,313351.360420434,4161774.59712954,0
2906,313351.275105076,4161774.64929559,0
2907,313351.189791702,4161774.70146489,0
2908,313351.104483665,4161774.7536429,0
2909,313351.019184304,4161774.80583507,0
2910,313350.933895579,4161774.8580446,0
2911,313350.848617095,4161774.91027085,0
2912,313350.763348226,4161774.96251278,0
2913,313350.678088348,4161775.01476939,0
2914,313350.592836835,4161775.06703964,0
2915,313350.507593061,4161775.11932252,0
2916,313350.422356402,4161775.171617,0
2917,313350.337126232,4161775.22392207,0
2918,313350.251901925,4161775.2762367,0
2919,313350.166682856,4161775.32855988,0
2920,313350.0814684,4161775.38089057,0
2921,313349.996257932,4161775.43322777,0
2922,313349.911050825,4161775.48557044,0
2923,313349.825846455,4161775.53791756,0
2924,313349.740644197,4161775.59026813,0
2925,313349.655443424,4161775.6426211,0
2926,313349.570243523,4161775.69497549,0
2927,313349.485044185,4161775.74733078,0
2928,313349.399845452,4161775.79968705,0
2929,313349.314647385,4161775.85204439,0
2930,313349.229450042,4161775.90440291,0
2931,313349.144253483,4161775.95676269,0
2932,313349.05905777,4161776.00912385,0
2933,313348.97386296,4161776.06148647,0
2934,313348.888669116,4161776.11385065,0
2935,313348.803476295,4161776.1662165,0
2936,313348.718284559,4161776.21858411,0
2937,313348.633093967,4161776.27095358,0
2938,313348.547904579,4161776.32332501,0
2939,313348.462716456,4161776.3756985,0
2940,313348.377529656,4161776.42807414,0
2941,313348.29234424,4161776.48045204,0
2942,313348.207160268,4161776.53283228,0
2943,313348.121977792,4161776.58521497,0
2944,313348.036796813,4161776.63760009,0
2945,313347.95161731,4161776.68998762,0
2946,313347.866439261,4161776.74237751,0
2947,313347.781262644,4161776.79476973,0
2948,313347.696087438,4161776.84716424,0
2949,313347.61091362,4161776.899561,0
2950,313347.525741169,4161776.95195998,0
2951,313347.440570063,4161777.00436114,0
2952,313347.355400281,4161777.05676445,0
2953,313347.270231806,4161777.10916987,0
2954,313347.185064626,4161777.16157739,0
2955,313347.099898728,4161777.213987,0
2956,313347.014734102,4161777.26639868,0
2957,313346.929570734,4161777.3188124,0
2958,313346.844408614,4161777.37122815,0
2959,313346.759247727,4161777.42364592,0
2960,313346.674088064,4161777.47606569,0
2961,313346.588929611,4161777.52848744,0
2962,313346.503772356,4161777.58091115,0
2963,313346.418616288,4161777.63333681,0
2964,313346.333461395,4161777.68576439,0
2965,313346.248307252,4161777.73819322,0
2966,313346.163151934,4161777.79062014,0
2967,313346.077993166,4161777.84304146,0
2968,313345.992828677,4161777.89545346,0
2969,313345.907656194,4161777.94785244,0
2970,313345.822473444,4161778.00023469,0
2971,313345.737278157,4161778.0525965,0
2972,313345.652068058,4161778.10493418,0
2973,313345.566840875,4161778.15724401,0
2974,313345.481594705,4161778.20952288,0
2975,313345.396330767,4161778.26177279,0
2976,313345.311051852,4161778.31399828,0
2977,313345.225760763,4161778.36620393,0
2978,313345.140460303,4161778.4183943,0
2979,313345.055153276,4161778.47057396,0
2980,313344.969842483,4161778.52274749,0
2981,313344.884530728,4161778.57491945,0
2982,313344.799220814,4161778.62709441,0
2983,313344.713914955,4161778.67927599,0
2984,313344.628613758,4161778.73146516,0
2985,313344.543317554,4161778.78366248,0
2986,313344.458026675,4161778.83586849,0
2987,313344.372741452,4161778.88808373,0
2988,313344.287462218,4161778.94030874,0
2989,313344.202189304,4161778.99254406,0
2990,313344.116923042,4161779.04479025,0
2991,313344.031663764,4161779.09704783,0
2992,313343.946411802,4161779.14931736,0
2993,313343.861167486,4161779.20159937,0
2994,313343.775931151,4161779.25389442,0
2995,313343.690703126,4161779.30620303,0
2996,313343.605483716,4161779.35852572,0
2997,313343.520271639,4161779.41086037,0
2998,313343.435063183,4161779.46320094,0
2999,313343.349854429,4161779.51554101,0
3000,313343.26464146,4161779.56787418,0
3001,313343.179420355,4161779.62019405,0
3002,313343.094187199,4161779.67249422,0
3003,313343.008938071,4161779.72476828,0
3004,313342.923669055,4161779.77700982,0
3005,313342.838376241,4161779.82921247,0
3006,313342.753058271,4161779.88137401,0
3007,313342.667719783,4161779.93350202,0
3008,313342.582366271,4161779.9856055,0
3009,313342.497003232,4161780.03769342,0
3010,313342.41163616,4161780.0897748,0
3011,313342.326270552,4161780.14185862,0
3012,313342.240911903,4161780.19395386,0
3013,313342.155565708,4161780.24606952,0
3014,313342.070236947,4161780.29821375,0
3015,313341.984927503,4161780.35038959,0
3016,313341.899638113,4161780.4025982,0
3017,313341.814369512,4161780.45484073,0
3018,313341.729122433,4161780.50711835,0
3019,313341.643897611,4161780.55943221,0
3020,313341.558695782,4161780.61178346,0
3021,313341.473517678,4161780.66417328,0
3022,313341.388364036,4161780.7166028,0
3023,313341.303234987,4161780.76907222,0
3024,313341.218128518,4161780.82157826,0
3025,313341.133042138,4161780.87411687,0
3026,313341.047973357,4161780.92668402,0
3027,313340.962919685,4161780.97927564,0
3028,313340.87787863,4161781.0318877,0
3029,313340.792847702,4161781.08451615,0
3030,313340.707824412,4161781.13715695,0
3031,313340.622806267,4161781.18980604,0
3032,313340.537791123,4161781.24245995,0
3033,313340.452778704,4161781.29511822,0
3034,313340.367769362,4161781.34778142,0
3035,313340.28276345,4161781.40045015,0
3036,313340.19776132,4161781.45312496,0
3037,313340.112763326,4161781.50580643,0
3038,313340.027769819,4161781.55849514,0
3039,313339.942781153,4161781.61119167,0
3040,313339.857797506,4161781.6638963,0
3041,313339.772818689,4161781.71660872,0
3042,313339.687844461,4161781.76932855,0
3043,313339.602874582,4161781.8220554,0
3044,313339.517908813,4161781.87478887,0
3045,313339.432946913,4161781.92752858,0
3046,313339.347988642,4161781.98027414,0
3047,313339.263033761,4161782.03302515,0
3048,313339.178082028,4161782.08578123,0
3049,313339.093133149,4161782.13854191,0
3050,313339.008186755,4161782.19130658,0
3051,313338.923242475,4161782.24407465,0
3052,313338.838299936,4161782.29684552,0
3053,313338.753358766,4161782.3496186,0
3054,313338.668418593,4161782.40239328,0
3055,313338.583479045,4161782.45516896,0
3056,313338.498539748,4161782.50794505,0
3057,313338.413600371,4161782.56072101,0
3058,313338.328660718,4161782.61349653,0
3059,313338.243720621,4161782.66627133,0
3060,313338.158779915,4161782.71904515,0
3061,313338.073838432,4161782.77181773,0
3062,313337.988896006,4161782.82458879,0
3063,313337.903952471,4161782.87735806,0
3064,313337.81900766,4161782.93012527,0
3065,313337.734061405,4161782.98289017,0
3066,313337.649113528,4161783.03565245,0
3067,313337.564163845,4161783.08841182,0
3068,313337.479212172,4161783.14116799,0
3069,313337.394258328,4161783.19392066,0
3070,313337.309302127,4161783.24666954,0
3071,313337.224343388,4161783.29941433,0
3072,313337.139381926,4161783.35215473,0
3073,313337.054417559,4161783.40489045,0
3074,313336.969450133,4161783.45762125,0
3075,313336.884479531,4161783.51034693,0
3076,313336.799505641,4161783.56306731,0
3077,313336.71452835,4161783.6157822,0
3078,313336.629547543,4161783.66849143,0
3079,313336.544563109,4161783.72119481,0
3080,313336.459574933,4161783.77389215,0
3081,313336.374582903,4161783.82658328,0
3082,313336.289586993,4161783.87926815,0
3083,313336.204587425,4161783.93194711,0
3084,313336.119584466,4161783.9846206,0
3085,313336.034578382,4161784.03728906,0
3086,313335.94956944,4161784.08995289,0
3087,313335.864557907,4161784.14261255,0
3088,313335.779544048,4161784.19526845,0
3089,313335.694528131,4161784.24792103,0
3090,313335.609510421,4161784.30057072,0
3091,313335.524491186,4161784.35321795,0
3092,313335.439470691,4161784.40586314,0
3093,313335.3544492,4161784.45850672,0
3094,313335.269426753,4161784.51114875,0
3095,313335.184403067,4161784.56378879,0
3096,313335.099377831,4161784.61642632,0
3097,313335.014350735,4161784.66906084,0
3098,313334.929321468,4161784.72169185,0
3099,313334.84428972,4161784.77431886,0
3100,313334.75925518,4161784.82694135,0
3101,313334.674217539,4161784.87955884,0
3102,313334.589176626,4161784.93217103,0
3103,313334.504132607,4161784.9847782,0
3104,313334.419085701,4161785.03738071,0
3105,313334.334036124,4161785.0899789,0
3106,313334.248984095,4161785.14257313,0
3107,313334.163929832,4161785.19516374,0
3108,313334.078873552,4161785.24775109,0
3109,313333.993815473,4161785.30033553,0
3110,313333.908755836,4161785.35291745,0
3111,313333.823694966,4161785.40549738,0
3112,313333.738633206,4161785.45807587,0
3113,313333.653570897,4161785.51065346,0
3114,313333.568508384,4161785.56323073,0
3115,313333.483446008,4161785.61580822,0
3116,313333.398384112,4161785.66838648,0
3117,313333.313323038,4161785.72096608,0
3118,313333.228263131,4161785.77354756,0
3119,313333.143204731,4161785.82613147,0
3120,313333.058148182,4161785.87871839,0
3121,313332.973093827,4161785.93130885,0
3122,313332.888041932,4161785.98390329,0
3123,313332.802992115,4161786.03650109,0
3124,313332.717943665,4161786.0891011,0
3125,313332.632895869,4161786.14170217,0
3126,313332.547848012,4161786.19430314,0
3127,313332.46279938,4161786.24690286,0
3128,313332.377749259,4161786.29950017,0
3129,313332.292696936,4161786.35209391,0
3130,313332.207641712,4161786.40468297,0
3131,313332.122583407,4161786.45726704,0
3132,313332.03752248,4161786.50984687,0
3133,313331.952459429,4161786.56242326,0
3134,313331.867394753,4161786.61499703,0
3135,313331.782328948,4161786.66756897,0
3136,313331.697262514,4161786.72013989,0
3137,313331.612195949,4161786.77271061,0
3138,313331.527129746,4161786.82528191,0
3139,313331.44206438,4161786.87785456,0
3140,313331.357000313,4161786.93042932,0
3141,313331.271938008,4161786.98300692,0
3142,313331.186877926,4161787.03558812,0
3143,313331.101820531,4161787.08817366,0
3144,313331.016766284,4161787.1407643,0
3145,313330.93171565,4161787.19336078,0
3146,313330.846669045,4161787.24596377,0
3147,313330.761626113,4161787.2985727,0
3148,313330.676585847,4161787.35118594,0
3149,313330.591547216,4161787.40380183,0
3150,313330.506509191,4161787.45641869,0
3151,313330.421470744,4161787.50903487,0
3152,313330.336430844,4161787.56164871,0
3153,313330.251388462,4161787.61425853,0
3154,313330.166342634,4161787.66686278,0
3155,313330.081293452,4161787.7194616,0
3156,313329.996241866,4161787.77205654,0
3157,313329.911188851,4161787.82464917,0
3158,313329.82613538,4161787.87724107,0
3159,313329.74108243,4161787.9298338,0
3160,313329.656030973,4161787.98242895,0
3161,313329.570981984,4161788.03502809,0
3162,313329.485936268,4161788.08763252,0
3163,313329.400893598,4161788.14024188,0
3164,313329.315853365,4161788.19285517,0
3165,313329.230814957,4161788.24547141,0
3166,313329.145777763,4161788.29808962,0
3167,313329.060741173,4161788.35070881,0
3168,313328.975704575,4161788.40332798,0
3169,313328.890667359,4161788.45594615,0
3170,313328.805628948,4161788.50856238,0
3171,313328.720589128,4161788.56117634,0
3172,313328.635547907,4161788.61378804,0
3173,313328.550505292,4161788.66639748,0
3174,313328.465461295,4161788.71900469,0
3175,313328.380415923,4161788.77160967,0
3176,313328.295369186,4161788.82421246,0
3177,313328.210321094,4161788.87681305,0
3178,313328.125271655,4161788.92941148,0
3179,313328.040220839,4161788.98200768,0
3180,313327.955168544,4161789.03460148,0
3181,313327.870114661,4161789.08719272,0
3182,313327.785059081,4161789.13978121,0
3183,313327.700001695,4161789.19236677,0
3184,313327.614942395,4161789.24494922,0
3185,313327.52988107,4161789.29752839,0
3186,313327.444817675,4161789.35010419,0
3187,313327.359753177,4161789.40267819,0
3188,313327.274689385,4161789.45525333,0
3189,313327.189628131,4161789.50783259,0
3190,313327.104571247,4161789.56041893,0
3191,313327.019520565,4161789.61301532,0
3192,313326.934477917,4161789.66562475,0
3193,313326.849445136,4161789.71825018,0
3194,313326.764424054,4161789.7708946,0
3195,313326.679416729,4161789.8235613,0
3196,313326.594425787,4161789.87625447,0
3197,313326.509453941,4161789.92897841,0
3198,313326.424503903,4161789.98173742,0
3199,313326.339578389,4161790.03453582,0
3200,313326.25468011,4161790.08737791,0
3201,313326.169811781,4161790.140268,0
3202,313326.084976115,4161790.19321038,0
3203,313326.000174971,4161790.24620801,0
3204,313325.915403153,4161790.29925257,0
3205,313325.830651984,4161790.35233018,0
3206,313325.745912763,4161790.40542694,0
3207,313325.661176787,4161790.45852892,0
3208,313325.576435354,4161790.51162223,0
3209,313325.491679764,4161790.56469295,0
3210,313325.406901315,4161790.61772717,0
3211,313325.322092356,4161790.67071265,0
3212,313325.237250533,4161790.72364553,0
3213,313325.152375147,4161790.77652461,0
3214,313325.067465506,4161790.82934868,0
3215,313324.982520912,4161790.88211651,0
3216,313324.897540671,4161790.9348269,0
3217,313324.812524087,4161790.98747863,0
3218,313324.727470466,4161791.0400705,0
3219,313324.642379157,4161791.09260136,0
3220,313324.55725033,4161791.1450714,0
3221,313324.472084855,4161791.19748195,0
3222,313324.386883625,4161791.24983438,0
3223,313324.301647534,4161791.30213005,0
3224,313324.216377475,4161791.35437031,0
3225,313324.13107434,4161791.40655655,0
3226,313324.045739024,4161791.45869011,0
3227,313323.960372419,4161791.51077236,0
3228,313323.87497571,4161791.56280518,0
3229,313323.789550819,4161791.61479167,0
3230,313323.704099785,4161791.66673518,0
3231,313323.618624648,4161791.71863903,0
3232,313323.533127446,4161791.77050654,0
3233,313323.447610218,4161791.82234103,0
3234,313323.362075003,4161791.87414585,0
3235,313323.27652384,4161791.92592431,0
3236,313323.190958494,4161791.97767929,0
3237,313323.105379955,4161792.02941243,0
3238,313323.019789076,4161792.08112514,0
3239,313322.934186714,4161792.13281882,0
3240,313322.848573722,4161792.1844949,0
3241,313322.762950955,4161792.23615477,0
3242,313322.677319266,4161792.28779986,0
3243,313322.591679511,4161792.33943157,0
3244,313322.506032515,4161792.39105126,0
3245,313322.420378836,4161792.44265986,0
3246,313322.334718882,4161792.49425805,0
3247,313322.249053063,4161792.54584649,0
3248,313322.163381785,4161792.59742588,0
3249,313322.077705458,4161792.64899688,0
3250,313321.992024489,4161792.70056016,0
3251,313321.906339287,4161792.75211641,0
3252,313321.820650259,4161792.8036663,0
3253,313321.734957832,4161792.85521053,0
3254,313321.649262464,4161792.90674988,0
3255,313321.563564614,4161792.9582851,0
3256,313321.477864745,4161793.00981695,0
3257,313321.392163318,4161793.06134622,0
3258,313321.306460794,4161793.11287366,0
3259,313321.220757634,4161793.16440005,0
3260,313321.135054296,4161793.21592614,0
3261,313321.04935109,4161793.26745244,0
3262,313320.96364811,4161793.31897913,0
3263,313320.877945434,4161793.37050632,0
3264,313320.792243141,4161793.42203415,0
3265,313320.706541309,4161793.47356274,0
3266,313320.620840017,4161793.52509223,0
3267,313320.535139342,4161793.57662275,0
3268,313320.449439363,4161793.62815443,0
3269,313320.363740187,4161793.67968744,0
3270,313320.278042076,4161793.73122223,0
3271,313320.192345349,4161793.78275931,0
3272,313320.106650322,4161793.83429922,0
3273,313320.020957315,4161793.88584249,0
3274,313319.935266644,4161793.93738965,0
3275,313319.849578627,4161793.98894121,0
3276,313319.763893583,4161794.04049772,0
3277,313319.678211828,4161794.09205969,0
3278,313319.592533611,4161794.14362754,0
3279,313319.506858934,4161794.19520127,0
3280,313319.421187742,4161794.24678079,0
3281,313319.33551998,4161794.29836601,0
3282,313319.249855595,4161794.34995684,0
3283,313319.164194532,4161794.40155318,0
3284,313319.078536736,4161794.45315494,0
3285,313318.992882153,4161794.50476205,0
3286,313318.907230755,4161794.55637443,0
3287,313318.821582562,4161794.60799213,0
3288,313318.735937605,4161794.6596152,0
3289,313318.650295912,4161794.71124369,0
3290,313318.564657511,4161794.76287764,0
3291,313318.479022433,4161794.8145171,0
3292,313318.393390707,4161794.86616211,0
3293,313318.307762361,4161794.91781273,0
3294,313318.222137428,4161794.96946901,0
3295,313318.136516021,4161795.02113114,0
3296,313318.050898331,4161795.07279943,0
3297,313317.96528455,4161795.12447419,0
3298,313317.879674872,4161795.17615575,0
3299,313317.79406949,4161795.22784442,0
3300,313317.708468596,4161795.27954052,0
3301,313317.622872385,4161795.33124438,0
3302,313317.537281049,4161795.38295631,0
3303,313317.451694655,4161795.43467641,0
3304,313317.366112991,4161795.48640434,0
3305,313317.280535809,4161795.53813969,0
3306,313317.194962856,4161795.58988203,0
3307,313317.109393884,4161795.64163096,0
3308,313317.023828641,4161795.69338605,0
3309,313316.938266877,4161795.7451469,0
3310,313316.852708342,4161795.79691308,0
3311,313316.767152804,4161795.84868421,0
3312,313316.681600163,4161795.90046013,0
3313,313316.59605038,4161795.95224078,0
3314,313316.510503418,4161796.00402608,0
3315,313316.424959237,4161796.05581597,0
3316,313316.339417798,4161796.1076104,0
3317,313316.253879063,4161796.15940929,0
3318,313316.168342993,4161796.21121257,0
3319,313316.082809548,4161796.2630202,0
3320,313315.997278665,4161796.31483205,0
3321,313315.911750259,4161796.36664799,0
3322,313315.826224242,4161796.41846788,0
3323,313315.740700527,4161796.47029156,0
3324,313315.65517903,4161796.52211891,0
3325,313315.569659662,4161796.57394977,0
3326,313315.484142339,4161796.625784,0
3327,313315.398626972,4161796.67762146,0
3328,313315.313113452,4161796.72946196,0
3329,313315.22760149,4161796.78130504,0
3330,313315.142090715,4161796.83315007,0
3331,313315.056580756,4161796.88499645,0
3332,313314.97107124,4161796.93684356,0
3333,313314.885561798,4161796.98869079,0
3334,313314.800052056,4161797.04053752,0
3335,313314.714541644,4161797.09238315,0
3336,313314.629030197,4161797.14422708,0
3337,313314.543517639,4161797.19606917,0
3338,313314.45800424,4161797.24790987,0
3339,313314.372490297,4161797.29974968,0
3340,313314.286976103,4161797.35158907,0
3341,313314.201461954,4161797.40342854,0
3342,313314.115948144,4161797.45526856,0
3343,313314.030434967,4161797.50710963,0
3344,313313.94492272,4161797.55895224,0
3345,313313.859411657,4161797.6107968,0
3346,313313.773901802,4161797.66264335,0
3347,313313.688393092,4161797.71449178,0
3348,313313.602885463,4161797.76634201,0
3349,313313.517378852,4161797.8181939,0
3350,313313.431873195,4161797.87004738,0
3351,313313.346368428,4161797.92190232,0
3352,313313.260864489,4161797.97375862,0
3353,313313.175361313,4161798.02561619,0
3354,313313.089858836,4161798.0774749,0
3355,313313.00435699,4161798.12933466,0
3356,313312.918855708,4161798.18119535,0
3357,313312.83335492,4161798.23305685,0
3358,313312.747854558,4161798.28491905,0
3359,313312.662354555,4161798.33678184,0
3360,313312.576854841,4161798.38864512,0
3361,313312.491355349,4161798.44050875,0
3362,313312.40585601,4161798.49237264,0
3363,313312.320356755,4161798.54423667,0
3364,313312.234857518,4161798.59610073,0
3365,313312.149358228,4161798.6479647,0
3366,313312.063858816,4161798.69982847,0
3367,313311.978359181,4161798.75169187,0
3368,313311.8928592,4161798.8035547,0
3369,313311.807358747,4161798.85541675,0
3370,313311.721857699,4161798.90727783,0
3371,313311.636355932,4161798.95913771,0
3372,313311.550853322,4161799.01099621,0
3373,313311.465349744,4161799.06285311,0
3374,313311.379845074,4161799.11470821,0
3375,313311.29433922,4161799.16656136,0
3376,313311.208832263,4161799.21841269,0
3377,313311.123324341,4161799.27026242,0
3378,313311.037815593,4161799.3221108,0
3379,313310.952306159,4161799.37395804,0
3380,313310.866796176,4161799.42580438,0
3381,313310.781285786,4161799.47765005,0
3382,313310.695775125,4161799.52949527,0
3383,313310.610264334,4161799.58134028,0
3384,313310.524753504,4161799.63318522,0
3385,313310.43924263,4161799.68503009,0
3386,313310.353731697,4161799.73687486,0
3387,313310.268220689,4161799.78871951,0
3388,313310.182709588,4161799.840564,0
3389,313310.09719838,4161799.89240832,0
3390,313310.011687048,4161799.94425243,0
3391,313309.926175576,4161799.99609632,0
3392,313309.840663947,4161800.04793994,0
3393,313309.755152146,4161800.09978328,0
3394,313309.669640156,4161800.15162631,0
3395,313309.584127961,4161800.203469,0
3396,313309.498615545,4161800.25531132,0
3397,313309.413102905,4161800.30715328,0
3398,313309.327590123,4161800.358995,0
3399,313309.242077314,4161800.41083668,0
3400,313309.156564595,4161800.4626785,0
3401,313309.071052082,4161800.51452067,0
3402,313308.98553989,4161800.56636336,0
3403,313308.900028137,4161800.61820678,0
3404,313308.814516937,4161800.67005111,0
3405,313308.729006408,4161800.72189655,0
3406,313308.64349658,4161800.77374314,0
3407,313308.557987225,4161800.82559052,0
3408,313308.472478071,4161800.87743823,0
3409,313308.386968841,4161800.92928581,0
3410,313308.301459262,4161800.98113281,0
3411,313308.215949059,4161801.03297879,0
3412,313308.130437958,4161801.08482328,0
3413,313308.044925684,4161801.13666584,0
3414,313307.959411969,4161801.18850602,0
3415,313307.873896752,4161801.24034373,0
3416,313307.78838018,4161801.2921792,0
3417,313307.702862411,4161801.34401269,0
3418,313307.617343602,4161801.39584447,0
3419,313307.531823912,4161801.4476748,0
3420,313307.4463035,4161801.49950393,0
3421,313307.360782521,4161801.55133213,0
3422,313307.275261136,4161801.60315966,0
3423,313307.189739502,4161801.65498678,0
3424,313307.104217787,4161801.70681376,0
3425,313307.018696166,4161801.7586409,0
3426,313306.933174813,4161801.81046848,0
3427,313306.847653903,4161801.86229679,0
3428,313306.762133612,4161801.91412613,0
3429,313306.676614115,4161801.96595677,0
3430,313306.591095586,4161802.01778901,0
3431,313306.5055782,4161802.06962314,0
3432,313306.420062126,4161802.12145943,0
3433,313306.334547438,4161802.17329801,0
3434,313306.249034139,4161802.22513888,0
3435,313306.163522232,4161802.27698204,0
3436,313306.078011719,4161802.32882751,0
3437,313305.992502602,4161802.38067528,0
3438,313305.906994883,4161802.43252535,0
3439,313305.821488565,4161802.48437773,0
3440,313305.735983649,4161802.53623243,0
3441,313305.650480138,4161802.58808944,0
3442,313305.564978034,4161802.63994877,0
3443,313305.479477339,4161802.69181043,0
3444,313305.393978056,4161802.74367441,0
3445,313305.308480148,4161802.79554066,0
3446,313305.222983467,4161802.84740893,0
3447,313305.137487839,4161802.89927894,0
3448,313305.051993092,4161802.9511504,0
3449,313304.966499054,4161803.00302302,0
3450,313304.881005552,4161803.05489654,0
3451,313304.795512414,4161803.10677065,0
3452,313304.710019467,4161803.15864507,0
3453,313304.62452654,4161803.21051953,0
3454,313304.539033508,4161803.26239381,0
3455,313304.453540285,4161803.31426779,0
3456,313304.368046791,4161803.36614131,0
3457,313304.282552943,4161803.41801425,0
3458,313304.197058658,4161803.46988647,0
3459,313304.111563856,4161803.52175783,0
3460,313304.026068454,4161803.57362821,0
3461,313303.940572369,4161803.62549747,0
3462,313303.855075521,4161803.67736547,0
3463,313303.769577827,4161803.72923207,0
3464,313303.684079254,4161803.78109722,0
3465,313303.59858027,4161803.8329617,0
3466,313303.513081624,4161803.88482674,0
3467,313303.427584069,4161803.93669357,0
3468,313303.342088361,4161803.98856345,0
3469,313303.256595253,4161804.0404376,0
3470,313303.171105498,4161804.09231729,0
3471,313303.085619851,4161804.14420374,0
3472,313303.000138673,4161804.19609755,0
3473,313302.914661178,4161804.24799743,0
3474,313302.82918637,4161804.29990174,0
3475,313302.743713255,4161804.35180884,0
3476,313302.658240837,4161804.40371709,0
3477,313302.572768122,4161804.45562484,0
3478,313302.487294114,4161804.50753047,0
3479,313302.401817819,4161804.55943233,0
3480,313302.316338278,4161804.61132884,0
3481,313302.230855255,4161804.66321962,0
3482,313302.145369156,4161804.71510533,0
3483,313302.059880411,4161804.76698668,0
3484,313301.97438945,4161804.81886437,0
3485,313301.888896701,4161804.87073913,0
3486,313301.803402597,4161804.92261165,0
3487,313301.717907565,4161804.97448264,0
3488,313301.632412036,4161805.02635281,0
3489,313301.546916335,4161805.0782227,0
3490,313301.461420557,4161805.13009246,0
3491,313301.375924765,4161805.1819622,0
3492,313301.290429022,4161805.23383202,0
3493,313301.204933391,4161805.28570202,0
3494,313301.119437935,4161805.33757231,0
3495,313301.033942716,4161805.38944299,0
3496,313300.948447798,4161805.44131416,0
3497,313300.862953243,4161805.49318594,0
3498,313300.777459115,4161805.54505842,0
3499,313300.691965475,4161805.5969317,0
3500,313300.606472388,4161805.64880589,0
3501,313300.520979863,4161805.70068101,0
3502,313300.435487759,4161805.75255683,0
3503,313300.349995912,4161805.80443307,0
3504,313300.264504155,4161805.85630945,0
3505,313300.179012325,4161805.90818572,0
3506,313300.093520254,4161805.96006159,0
3507,313300.008027778,4161806.01193679,0
3508,313299.922534731,4161806.06381105,0
3509,313299.837040957,4161806.11568412,0
3510,313299.751546515,4161806.16755608,0
3511,313299.666051662,4161806.21942736,0
3512,313299.580556666,4161806.27129841,0
3513,313299.495061797,4161806.32316967,0
3514,313299.40956732,4161806.37504157,0
3515,313299.324073504,4161806.42691456,0
3516,313299.238580617,4161806.47878909,0
3517,313299.153088926,4161806.53066558,0
3518,313299.067598584,4161806.5825443,0
3519,313298.982109513,4161806.63442511,0
3520,313298.896621601,4161806.68630784,0
3521,313298.81113474,4161806.73819229,0
3522,313298.725648818,4161806.79007829,0
3523,313298.640163726,4161806.84196566,0
3524,313298.554679353,4161806.89385422,0
3525,313298.469195591,4161806.94574377,0
3526,313298.383712328,4161806.99763416,0
3527,313298.298229454,4161807.04952518,0
3528,313298.212746861,4161807.10141667,0
3529,313298.127264436,4161807.15330843,0
3530,313298.041782081,4161807.20520031,0
3531,313297.956299778,4161807.25709227,0
3532,313297.870817555,4161807.30898437,0
3533,313297.785335439,4161807.36087664,0
3534,313297.699853459,4161807.41276914,0
3535,313297.614371643,4161807.4646619,0
3536,313297.528890016,4161807.51655498,0
3537,313297.443408609,4161807.56844842,0
3538,313297.357927447,4161807.62034226,0
3539,313297.272446544,4161807.67223653,0
3540,313297.186965897,4161807.72413122,0
3541,313297.101485505,4161807.77602633,0
3542,313297.016005364,4161807.82792186,0
3543,313296.930525473,4161807.87981779,0
3544,313296.84504583,4161807.93171414,0
3545,313296.759566432,4161807.98361089,0
3546,313296.674087279,4161808.03550804,0
3547,313296.588608382,4161808.08740561,0
3548,313296.503129766,4161808.13930365,0
3549,313296.417651452,4161808.19120218,0
3550,313296.332173464,4161808.24310126,0
3551,313296.246695825,4161808.2950009,0
3552,313296.161218558,4161808.34690116,0
3553,313296.075741686,4161808.39880207,0
3554,313295.990265233,4161808.45070367,0
3555,313295.904789257,4161808.50260605,0
3556,313295.819313839,4161808.55450936,0
3557,313295.73383906,4161808.60641371,0
3558,313295.648365004,4161808.65831926,0
3559,313295.56289175,4161808.71022613,0
3560,313295.477419381,4161808.76213445,0
3561,313295.391947979,4161808.81404437,0
3562,313295.30647761,4161808.86595598,0
3563,313295.221008121,4161808.91786905,0
3564,313295.135539187,4161808.96978303,0
3565,313295.050070481,4161809.02169739,0
3566,313294.964601673,4161809.07361157,0
3567,313294.879132435,4161809.12552505,0
3568,313294.793662439,4161809.17743729,0
3569,313294.708191357,4161809.22934773,0
3570,313294.622718911,4161809.28125593,0
3571,313294.537245322,4161809.33316224,0
3572,313294.451771082,4161809.38506748,0
3573,313294.366296689,4161809.43697248,0
3574,313294.280822639,4161809.48887804,0
3575,313294.19534943,4161809.54078498,0
3576,313294.109877558,4161809.59269412,0
3577,313294.024407521,4161809.64460628,0
3578,313293.938939755,4161809.69652218,0
3579,313293.853474171,4161809.74844168,0
3580,313293.768010397,4161809.80036415,0
3581,313293.682548062,4161809.85228899,0
3582,313293.597086792,4161809.90421559,0
3583,313293.511626214,4161809.95614333,0
3584,313293.426165957,4161810.00807159,0
3585,313293.340705646,4161810.05999976,0
3586,313293.255244995,4161810.11192738,0
3587,313293.169783888,4161810.16385424,0
3588,313293.084322231,4161810.2157802,0
3589,313292.998859933,4161810.26770511,0
3590,313292.913396899,4161810.3196288,0
3591,313292.827933036,4161810.37155113,0
3592,313292.742468252,4161810.42347194,0
3593,313292.657002453,4161810.47539108,0
3594,313292.571535589,4161810.52730847,0
3595,313292.486067722,4161810.5792242,0
3596,313292.40059893,4161810.63113842,0
3597,313292.315129293,4161810.68305124,0
3598,313292.22965889,4161810.7349628,0
3599,313292.144187801,4161810.78687323,0
3600,313292.058716104,4161810.83878266,0
3601,313291.973243879,4161810.89069123,0
3602,313291.887771197,4161810.94259904,0
3603,313291.802298128,4161810.99450621,0
3604,313291.716824739,4161811.04641285,0
3605,313291.631351098,4161811.09831908,0
3606,313291.545877274,4161811.15022501,0
3607,313291.460403334,4161811.20213075,0
3608,313291.374929347,4161811.25403641,0
3609,313291.289455348,4161811.30594205,0
3610,313291.203981215,4161811.35784747,0
3611,313291.11850678,4161811.40975239,0
3612,313291.033031877,4161811.46165654,0
3613,313290.947556338,4161811.51355965,0
3614,313290.862079994,4161811.56546143,0
3615,313290.776602679,4161811.61736161,0
3616,313290.691124225,4161811.66925991,0
3617,313290.605644464,4161811.72115606,0
3618,313290.520163229,4161811.77304978,0
3619,313290.434680352,4161811.8249408,0
3620,313290.34919567,4161811.87682885,0
3621,313290.263709096,4161811.92871377,0
3622,313290.178220614,4161811.98059556,0
3623,313290.092730209,4161812.03247417,0
3624,313290.007237867,4161812.0843496,0
3625,313289.921743573,4161812.1362218,0
3626,313289.836247315,4161812.18809077,0
3627,313289.750749077,4161812.23995648,0
3628,313289.665248877,4161812.29181895,0
3629,313289.579746801,4161812.34367832,0
3630,313289.494242948,4161812.39553477,0
3631,313289.408737413,4161812.44738845,0
3632,313289.323230294,4161812.49923951,0
3633,313289.237721687,4161812.55108812,0
3634,313289.15221169,4161812.60293443,0
3635,313289.066700398,4161812.65477861,0
3636,313288.981187868,4161812.70662075,0
3637,313288.895674074,4161812.75846081,0
3638,313288.810158983,4161812.81029872,0
3639,313288.72464256,4161812.86213444,0
3640,313288.639124771,4161812.9139679,0
3641,313288.553605582,4161812.96579905,0
3642,313288.468084958,4161813.01762784,0
3643,313288.382562866,4161813.0694542,0
3644,313288.297039271,4161813.12127808,0
3645,313288.211514139,4161813.17309942,0
3646,313288.125987438,4161813.22491818,0
3647,313288.040459213,4161813.27673442,0
3648,313287.954929596,4161813.32854836,0
3649,313287.869398723,4161813.38036023,0
3650,313287.783866729,4161813.43217025,0
3651,313287.698333752,4161813.48397865,0
3652,313287.612799926,4161813.53578564,0
3653,313287.527265389,4161813.58759146,0
3654,313287.441730259,4161813.6393963,0
3655,313287.356194534,4161813.69120016,0
3656,313287.270658162,4161813.74300295,0
3657,313287.185121089,4161813.79480458,0
3658,313287.099583261,4161813.84660497,0
3659,313287.014044625,4161813.89840402,0
3660,313286.928505129,4161813.95020165,0
3661,313286.842964717,4161814.00199777,0
3662,313286.757423339,4161814.0537923,0
3663,313286.671880938,4161814.10558513,0
3664,313286.586337464,4161814.15737619,0
3665,313286.500792919,4161814.20916548,0
3666,313286.415247521,4161814.26095337,0
3667,313286.329701532,4161814.31274027,0
3668,313286.244155216,4161814.36452664,0
3669,313286.158608836,4161814.4163129,0
3670,313286.073062656,4161814.4680995,0
3671,313285.987516938,4161814.51988685,0
3672,313285.901971925,4161814.57167537,0
3673,313285.816427593,4161814.62346501,0
3674,313285.73088375,4161814.67525547,0
3675,313285.6453402,4161814.7270464,0
3676,313285.55979675,4161814.7788375,0
3677,313285.474253203,4161814.83062845,0
3678,313285.388709365,4161814.88241891,0
3679,313285.303165049,4161814.93420858,0
3680,313285.217620226,4161814.98599741,0
3681,313285.13207501,4161815.03778559,0
3682,313285.046529517,4161815.08957332,0
3683,313284.960983867,4161815.14136079,0
3684,313284.875438177,4161815.19314819,0
3685,313284.789892566,4161815.24493572,0
3686,313284.704347153,4161815.29672358,0
3687,313284.618802054,4161815.34851196,0
3688,313284.533257388,4161815.40030105,0
3689,313284.447713273,4161815.45209105,0
3690,313284.362169823,4161815.50388215,0
3691,313284.276627045,4161815.55567436,0
3692,313284.191084857,4161815.60746755,0
3693,313284.105543169,4161815.65926156,0
3694,313284.020001895,4161815.71105625,0
3695,313283.934460944,4161815.76285149,0
3696,313283.848920231,4161815.81464711,0
3697,313283.763379669,4161815.86644298,0
3698,313283.677839251,4161815.91823909,0
3699,313283.592299076,4161815.9700356,0
3700,313283.50675925,4161816.02183268,0
3701,313283.421219879,4161816.07363052,0
3702,313283.335681069,4161816.12542928,0
3703,313283.250142924,4161816.17722915,0
3704,313283.164605544,4161816.22903027,0
3705,313283.079068967,4161816.28083273,0
3706,313282.9935332,4161816.33263652,0
3707,313282.907998252,4161816.38444166,0
3708,313282.82246413,4161816.43624816,0
3709,313282.736930841,4161816.48805604,0
3710,313282.651398395,4161816.53986531,0
3711,313282.565866797,4161816.59167599,0
3712,313282.480336015,4161816.643488,0
3713,313282.394805965,4161816.69530123,0
3714,313282.309276562,4161816.74711553,0
3715,313282.223747717,4161816.79893075,0
3716,313282.138219346,4161816.85074674,0
3717,313282.05269136,4161816.90256338,0
3718,313281.967163679,4161816.95438052,0
3719,313281.881636271,4161817.0061981,0
3720,313281.796109144,4161817.05801616,0
3721,313281.710582305,4161817.10983468,0
3722,313281.625055762,4161817.1616537,0
3723,313281.539529521,4161817.21347322,0
3724,313281.45400359,4161817.26529324,0
3725,313281.368477976,4161817.31711379,0
3726,313281.282952707,4161817.36893491,0
3727,313281.197427847,4161817.4207567,0
3728,313281.111903464,4161817.47257929,0
3729,313281.026379626,4161817.52440277,0
3730,313280.940856401,4161817.57622726,0
3731,313280.855333857,4161817.62805288,0
3732,313280.769812061,4161817.67987973,0
3733,313280.684291038,4161817.73170785,0
3734,313280.598770761,4161817.78353721,0
3735,313280.513251199,4161817.83536774,0
3736,313280.427732319,4161817.88719941,0
3737,313280.342214092,4161817.93903214,0
3738,313280.256696485,4161817.99086591,0
3739,313280.171179467,4161818.04270064,0
3740,313280.085662984,4161818.09453626,0
3741,313280.000146967,4161818.14637264,0
3742,313279.914631344,4161818.19820968,0
3743,313279.829116044,4161818.25004725,0
3744,313279.743600996,4161818.30188523,0
3745,313279.658086128,4161818.35372351,0
3746,313279.572571408,4161818.40556204,0
3747,313279.487056905,4161818.45740092,0
3748,313279.40154271,4161818.50924031,0
3749,313279.316028912,4161818.56108036,0
3750,313279.230515599,4161818.6129212,0
3751,313279.145002862,4161818.664763,0
3752,313279.05949079,4161818.71660589,0
3753,313278.973979431,4161818.76844996,0
3754,313278.888468741,4161818.82029513,0
3755,313278.802958661,4161818.87214131,0
3756,313278.717449132,4161818.9239884,0
3757,313278.631940094,4161818.9758363,0
3758,313278.54643149,4161819.02768491,0
3759,313278.460923259,4161819.07953414,0
3760,313278.375415317,4161819.13138384,0
3761,313278.289907563,4161819.18323385,0
3762,313278.204399897,4161819.23508401,0
3763,313278.118892217,4161819.28693415,0
3764,313278.033384424,4161819.3387841,0
3765,313277.947876415,4161819.39063369,0
3766,313277.862368109,4161819.4424828,0
3767,313277.776859597,4161819.49433156,0
3768,313277.691351064,4161819.54618029,0
3769,313277.605842699,4161819.5980293,0
3770,313277.520334689,4161819.64987889,0
3771,313277.43482722,4161819.70172938,0
3772,313277.349320481,4161819.75358106,0
3773,313277.263814578,4161819.80543413,0
3774,313277.178309389,4161819.85728838,0
3775,313277.092804744,4161819.90914352,0
3776,313277.007300478,4161819.96099928,0
3777,313276.921796423,4161820.0128554,0
3778,313276.836292411,4161820.06471158,0
3779,313276.750788279,4161820.11656757,0
3780,313276.665283976,4161820.16842328,0
3781,313276.579779588,4161820.22027884,0
3782,313276.49427521,4161820.27213442,0
3783,313276.408770939,4161820.32399018,0
3784,313276.32326687,4161820.37584627,0
3785,313276.237763097,4161820.42770285,0
3786,313276.152259675,4161820.47956001,0
3787,313276.06675652,4161820.53141761,0
3788,313275.98125352,4161820.58327546,0
3789,313275.895750564,4161820.63513339,0
3790,313275.810247537,4161820.6869912,0
3791,313275.72474433,4161820.73884871,0
3792,313275.639240837,4161820.79070575,0
3793,313275.553737073,4161820.84256234,0
3794,313275.468233146,4161820.89441867,0
3795,313275.382729163,4161820.9462749,0
3796,313275.297225233,4161820.99813122,0
3797,313275.211721465,4161821.04998781,0
3798,313275.126217966,4161821.10184484,0
3799,313275.040714804,4161821.15370243,0
3800,313274.95521194,4161821.20556051,0
3801,313274.869709323,4161821.25741899,0
3802,313274.784206898,4161821.30927779,0
3803,313274.698704612,4161821.36113682,0
3804,313274.613202412,4161821.412996,0
3805,313274.527700241,4161821.46485522,0
3806,313274.442198007,4161821.51671433,0
3807,313274.356695584,4161821.56857314,0
3808,313274.271192845,4161821.62043142,0
3809,313274.185689664,4161821.67228898,0
3810,313274.100185915,4161821.7241456,0
3811,313274.014681472,4161821.77600107,0
3812,313273.929176359,4161821.82785544,0
3813,313273.843670866,4161821.87970918,0
3814,313273.758165307,4161821.93156282,0
3815,313273.67266,4161821.98341687,0
3816,313273.587155261,4161822.03527185,0
3817,313273.501651404,4161822.08712829,0
3818,313273.416148654,4161822.13898656,0
3819,313273.330646672,4161822.19084609,0
3820,313273.245144912,4161822.24270599,0
3821,313273.159642824,4161822.29456535,0
3822,313273.074139861,4161822.34642326,0
3823,313272.988635475,4161822.39827883,0
3824,313272.903129181,4161822.45013125,0
3825,313272.817621107,4161822.50198074,0
3826,313272.732111738,4161822.55382809,0
3827,313272.646601562,4161822.60567411,0
3828,313272.561091069,4161822.65751961,0
3829,313272.475580745,4161822.70936539,0
3830,313272.390071069,4161822.76121223,0
3831,313272.304562161,4161822.81306034,0
3832,313272.219053725,4161822.86490923,0
3833,313272.133545441,4161822.91675837,0
3834,313272.048036988,4161822.96860723,0
3835,313271.962528046,4161823.02045529,0
3836,313271.877018297,4161823.07230201,0
3837,313271.791507553,4161823.12414709,0
3838,313271.705995896,4161823.17599067,0
3839,313271.620483441,4161823.22783293,0
3840,313271.534970306,4161823.27967407,0
3841,313271.449456604,4161823.33151428,0
3842,313271.363942453,4161823.38335374,0
3843,313271.278427915,4161823.43519257,0
3844,313271.192912845,4161823.48703052,0
3845,313271.107397042,4161823.53886726,0
3846,313271.021880307,4161823.59070246,0
3847,313270.936362441,4161823.64253579,0
3848,313270.850843242,4161823.69436692,0
3849,313270.765322627,4161823.74619571,0
3850,313270.679800865,4161823.79802261,0
3851,313270.594278288,4161823.84984816,0
3852,313270.508755232,4161823.90167293,0
3853,313270.423232032,4161823.95349747,0
3854,313270.33770902,4161824.00532234,0
3855,313270.252186376,4161824.05714782,0
3856,313270.166663557,4161824.10897302,0
3857,313270.081139808,4161824.16079668,0
3858,313269.995614378,4161824.21261753,0
3859,313269.910086512,4161824.26443434,0
3860,313269.824555458,4161824.31624583,0
3861,313269.739021134,4161824.36805187,0
3862,313269.653485394,4161824.41985557,0
3863,313269.567950437,4161824.47166059,0
3864,313269.482418466,4161824.52347062,0
3865,313269.396891682,4161824.57528933,0
3866,313269.311372285,4161824.62712041,0
3867,313269.225860709,4161824.67896458,0
3868,313269.14034683,4161824.73080502,0
3869,313269.054816627,4161824.78261837,0
3870,313268.969256069,4161824.83438131,0
3871,313268.883651128,4161824.8860705,0
3872,313268.797987776,4161824.93766258,0
3873,313268.712254944,4161824.98913914,0
3874,313268.626457512,4161825.0405082,0
3875,313268.540605701,4161825.09178667,0
3876,313268.454709735,4161825.14299145,0
3877,313268.368779838,4161825.19413943,0
3878,313268.282826237,4161825.24524753,0
3879,313268.196859324,4161825.29633301,0
3880,313268.1108901,4161825.34741436,0
3881,313268.024929699,4161825.39851038,0
3882,313267.938989254,4161825.44963988,0
3883,313267.853079901,4161825.50082163,0
3884,313267.767212748,4161825.55207439,0
3885,313267.681396879,4161825.6034133,0
3886,313267.595637907,4161825.65484734,0
3887,313267.509941107,4161825.70638488,0
3888,313267.424311752,4161825.75803429,0
3889,313267.338755114,4161825.80980395,0
3890,313267.253276413,4161825.86170213,0
3891,313267.16787767,4161825.91373182,0
3892,313267.082555962,4161825.96588786,0
3893,313266.997307946,4161826.01816436,0
3894,313266.912130278,4161826.07055545,0
3895,313266.827019614,4161826.12305526,0
3896,313266.74197246,4161826.17565768,0
3897,313266.656983658,4161826.22835418,0
3898,313266.57204703,4161826.2811347,0
3899,313266.487156384,4161826.33398917,0
3900,313266.402305526,4161826.38690751,0
3901,313266.317488263,4161826.43987967,0
3902,313266.232699317,4161826.49289707,0
3903,313266.147935858,4161826.54595515,0
3904,313266.063195467,4161826.59905005,0
3905,313265.978475723,4161826.65217789,0
3906,313265.893774207,4161826.70533478,0
3907,313265.80908856,4161826.75851695,0
3908,313265.724417458,4161826.81172227,0
3909,313265.639760424,4161826.86494997,0
3910,313265.555117007,4161826.91819933,0
3911,313265.470486756,4161826.9714696,0
3912,313265.385869219,4161827.02476007,0
3913,313265.301263724,4161827.07806964,0
3914,313265.216668611,4161827.13139568,0
3915,313265.132081946,4161827.18473513,0
3916,313265.047501794,4161827.2380849,0
3917,313264.96292622,4161827.29144193,0
3918,313264.878353355,4161827.34480326,0
3919,313264.793782447,4161827.39816769,0
3920,313264.709213676,4161827.4515355,0
3921,313264.624647252,4161827.50490702,0
3922,313264.540083386,4161827.5582826,0
3923,313264.455522287,4161827.61166256,0
3924,313264.370963872,4161827.66504678,0
3925,313264.286406984,4161827.71843341,0
3926,313264.201850219,4161827.77182024,0
3927,313264.117292172,4161827.82520504,0
3928,313264.032731439,4161827.87858558,0
3929,313263.948166638,4161827.93195968,0
3930,313263.863596949,4161827.98532604,0
3931,313263.779022143,4161828.03868429,0
3932,313263.69444202,4161828.0920341,0
3933,313263.60985638,4161828.14537517,0
3934,313263.525265021,4161828.19870717,0
3935,313263.440667842,4161828.25202994,0
3936,313263.356065027,4161828.30534376,0
3937,313263.271456813,4161828.35864902,0
3938,313263.186843436,4161828.41194608,0
3939,313263.102225132,4161828.46523532,0
3940,313263.017602092,4161828.51851704,0
3941,313262.932974208,4161828.57179106,0
3942,313262.848341259,4161828.62505704,0
3943,313262.763703021,4161828.67831461,0
3944,313262.67905927,4161828.73156342,0
3945,313262.594409787,4161828.78480311,0
3946,313262.509754557,4161828.83803366,0
3947,313262.425093826,4161828.89125547,0
3948,313262.340427861,4161828.94446895,0
3949,313262.255756928,4161828.99767453,0
3950,313262.171081291,4161829.05087262,0
3951,313262.08640088,4161829.10406312,0
3952,313262.001714945,4161829.15724482,0
3953,313261.917022649,4161829.21041639,0
3954,313261.832323159,4161829.26357649,0
3955,313261.747615639,4161829.31672379,0
3956,313261.662899647,4161829.36985758,0
3957,313261.578176652,4161829.42298022,0
3958,313261.49344871,4161829.47609496,0
3959,313261.408717871,4161829.52920508,0
3960,313261.323986189,4161829.58231387,0
3961,313261.239255474,4161829.63542419,0
3962,313261.154525498,4161829.68853568,0
3963,313261.069795025,4161829.74164639,0
3964,313260.985062811,4161829.79475432,0
3965,313260.900327612,4161829.84785748,0
3966,313260.815588212,4161829.90095394,0
3967,313260.730843915,4161829.95404259,0
3968,313260.646094495,4161830.00712305,0
3969,313260.561339742,4161830.06019501,0
3970,313260.476579445,4161830.1132581,0
3971,313260.391813408,4161830.16631203,0
3972,313260.307041803,4161830.21935706,0
3973,313260.222265223,4161830.27239413,0
3974,313260.137484284,4161830.32542424,0
3975,313260.052699601,4161830.37844837,0
3976,313259.967911793,4161830.4314675,0
3977,313259.88312174,4161830.48448303,0
3978,313259.798330895,4161830.5374973,0
3979,313259.713540788,4161830.59051275,0
3980,313259.628752946,4161830.64353182,0
3981,313259.543968898,4161830.69655695,0
3982,313259.459189607,4161830.7495897,0
3983,313259.374414628,4161830.80262933,0
3984,313259.289643298,4161830.8556748,0
3985,313259.204874952,4161830.90872504,0
3986,313259.120108928,4161830.96177899,0
3987,313259.035344612,4161831.01483566,0
3988,313258.950581825,4161831.06789478,0
3989,313258.865820614,4161831.12095642,0
3990,313258.78106103,4161831.17402065,0
3991,313258.696303125,4161831.22708757,0
3992,313258.611546948,4161831.28015724,0
3993,313258.526792549,4161831.33322976,0
3994,313258.44203998,4161831.3863052,0
3995,313258.357289298,4161831.43938365,0
3996,313258.272540649,4161831.49246534,0
3997,313258.187794232,4161831.5455506,0
3998,313258.103050247,4161831.59863975,0
3999,313258.018308895,4161831.65173309,0
4000,313257.933570359,4161831.70483093,0
4001,313257.848834431,4161831.75793293,0
4002,313257.764100486,4161831.8110381,0
4003,313257.679367883,4161831.8641454,0
4004,313257.594635977,4161831.91725382,0
4005,313257.509904128,4161831.97036233,0
4006,313257.425171807,4161832.02347009,0
4007,313257.340438985,4161832.07657704,0
4008,313257.255705769,4161832.12968337,0
4009,313257.170972268,4161832.18278925,0
4010,313257.086238587,4161832.23589483,0
4011,313257.001504834,4161832.2890003,0
4012,313256.916771116,4161832.34210583,0
4013,313256.832037541,4161832.39521159,0
4014,313256.747304197,4161832.44831771,0
4015,313256.662571082,4161832.5014242,0
4016,313256.577838165,4161832.55453101,0
4017,313256.493105416,4161832.60763808,0
4018,313256.408372802,4161832.66074537,0
4019,313256.323640293,4161832.71385283,0
4020,313256.238907857,4161832.7669604,0
4021,313256.154175458,4161832.82006803,0
4022,313256.069443061,4161832.87317566,0
4023,313255.98471063,4161832.92628325,0
4024,313255.899978131,4161832.97939072,0
4025,313255.815245493,4161833.03249797,0
4026,313255.730512508,4161833.08560466,0
4027,313255.645778931,4161833.13871042,0
4028,313255.561044518,4161833.19181483,0
4029,313255.476309026,4161833.24491753,0
4030,313255.391572209,4161833.29801812,0
4031,313255.3068337,4161833.351116,0
4032,313255.222092874,4161833.40421019,0
4033,313255.137349071,4161833.45729962,0
4034,313255.052601631,4161833.51038325,0
4035,313254.967849895,4161833.56346001,0
4036,313254.883093249,4161833.61652894,0
4037,313254.798331861,4161833.66959029,0
4038,313254.713566553,4161833.72264538,0
4039,313254.628798168,4161833.77569555,0
4040,313254.544027548,4161833.82874216,0
4041,313254.459255535,4161833.88178654,0
4042,313254.374482633,4161833.93482949,0
4043,313254.2897085,4161833.98787048,0
4044,313254.204932664,4161834.04090875,0
4045,313254.12015465,4161834.09394353,0
4046,313254.035373985,4161834.14697408,0
4047,313253.950590205,4161834.19999964,0
4048,313253.865803144,4161834.25301996,0
4049,313253.781013038,4161834.30603541,0
4050,313253.696220145,4161834.35904641,0
4051,313253.611424729,4161834.41205336,0
4052,313253.526627048,4161834.4650567,0
4053,313253.441827402,4161834.51805689,0
4054,313253.357026274,4161834.57105471,0
4055,313253.272224209,4161834.62405102,0
4056,313253.18742175,4161834.67704671,0
4057,313253.102619441,4161834.73004264,0
4058,313253.017817794,4161834.78303963,0
4059,313252.933016771,4161834.83603761,0
4060,313252.84821587,4161834.8890358,0
4061,313252.763414574,4161834.94203334,0
4062,313252.678612364,4161834.99502943,0
4063,313252.593808725,4161835.04802323,0
4064,313252.509003362,4161835.10101427,0
4065,313252.42419706,4161835.15400381,0
4066,313252.33939093,4161835.20699362,0
4067,313252.254586084,4161835.25998549,0
4068,313252.169783635,4161835.31298119,0
4069,313252.084984607,4161835.36598237,0
4070,313252.000188224,4161835.41898779,0
4071,313251.915392016,4161835.47199348,0
4072,313251.830593443,4161835.52499539,0
4073,313251.745789966,4161835.57798945,0
4074,313251.660979048,4161835.63097159,0
4075,313251.576159284,4161835.68393957,0
4076,313251.491332828,4161835.73689684,0
4077,313251.406502531,4161835.78984796,0
4078,313251.321671244,4161835.84279749,0
4079,313251.236841819,4161835.89575001,0
4080,313251.152016525,4161835.94870914,0
4081,313251.067195219,4161836.00167466,0
4082,313250.982377128,4161836.05464533,0
4083,313250.89756148,4161836.1076199,0
4084,313250.812747503,4161836.16059716,0
4085,313250.72793447,4161836.21357592,0
4086,313250.643122205,4161836.26655591,0
4087,313250.558310893,4161836.31953743,0
4088,313250.473500728,4161836.37252079,0
4089,313250.388691902,4161836.42550629,0
4090,313250.303884592,4161836.47849421,0
4091,313250.219078609,4161836.53148426,0
4092,313250.134273407,4161836.58447556,0
4093,313250.049468426,4161836.63746721,0
4094,313249.964663105,4161836.69045832,0
4095,313249.879856884,4161836.74344799,0
4096,313249.795049264,4161836.79643542,0
4097,313249.710239949,4161836.84942013,0
4098,313249.625428684,4161836.90240173,0
4099,313249.540615215,4161836.9553798,0
4100,313249.455799288,4161837.00835393,0
4101,313249.370980648,4161837.06132371,0
4102,313249.28615904,4161837.11428875,0
4103,313249.201334273,4161837.16724873,0
4104,313249.116506947,4161837.2202046,0
4105,313249.0316782,4161837.2731582,0
4106,313248.946849183,4161837.32611137,0
4107,313248.862021047,4161837.37906595,0
4108,313248.777194943,4161837.43202379,0
4109,313248.692372019,4161837.48498671,0
4110,313248.607553428,4161837.53795657,0
4111,313248.522740172,4161837.59093498,0
4112,313248.437932,4161837.64392152,0
4113,313248.353128029,4161837.69691479,0
4114,313248.268327372,4161837.74991337,0
4115,313248.183529142,4161837.80291582,0
4116,313248.098732461,4161837.85592076,0
4117,313248.013936755,4161837.90892725,0
4118,313247.929141816,4161837.96193497,0
4119,313247.844347456,4161838.01494361,0
4120,313247.759553488,4161838.06795288,0
4121,313247.674759716,4161838.12096247,0
4122,313247.589965563,4161838.17397145,0
4123,313247.505169892,4161838.226978,0
4124,313247.420371525,4161838.27998024,0
4125,313247.335569284,4161838.33297628,0
4126,313247.250761991,4161838.38596423,0
4127,313247.165949214,4161838.4389434,0
4128,313247.081132404,4161838.49191611,0
4129,313246.996313306,4161838.54488517,0
4130,313246.911493669,4161838.59785336,0
4131,313246.826675237,4161838.65082348,0
4132,313246.741859521,4161838.70379795,0
4133,313246.657047222,4161838.75677789,0
4134,313246.572238865,4161838.80976414,0
4135,313246.487434976,4161838.86275754,0
4136,313246.402636079,4161838.91575893,0
4137,313246.317842463,4161838.96876877,0
4138,313246.233052935,4161839.02178515,0
4139,313246.148265734,4161839.07480525,0
4140,313246.063479097,4161839.12782625,0
4141,313245.978691264,4161839.18084533,0
4142,313245.89390047,4161839.23385968,0
4143,313245.809104954,4161839.28686647,0
4144,313245.724303007,4161839.33986297,0
4145,313245.639494327,4161839.3928487,0
4146,313245.554680135,4161839.4458256,0
4147,313245.469861731,4161839.49879577,0
4148,313245.385040412,4161839.55176127,0
4149,313245.300217477,4161839.60472418,0
4150,313245.215394223,4161839.65768659,0
4151,313245.130571948,4161839.71065056,0
4152,313245.0457517,4161839.76361778,0
4153,313244.960933177,4161839.81658775,0
4154,313244.876115619,4161839.86955927,0
4155,313244.791298268,4161839.92253112,0
4156,313244.706480368,4161839.97550209,0
4157,313244.621661158,4161840.02847097,0
4158,313244.536839881,4161840.08143653,0
4159,313244.452015888,4161840.13439774,0
4160,313244.367189506,4161840.18735513,0
4161,313244.28236158,4161840.24031004,0
4162,313244.197532957,4161840.29326384,0
4163,313244.112704488,4161840.34621788,0
4164,313244.027877019,4161840.39917353,0
4165,313243.943051402,4161840.45213215,0
4166,313243.858228452,4161840.50509503,0
4167,313243.773408191,4161840.55806222,0
4168,313243.68858978,4161840.61103237,0
4169,313243.60377234,4161840.66400408,0
4170,313243.518954992,4161840.71697594,0
4171,313243.434136856,4161840.76994653,0
4172,313243.349317053,4161840.82291446,0
4173,313243.264494709,4161840.87587831,0
4174,313243.179669283,4161840.92883723,0
4175,313243.094840773,4161840.98179121,0
4176,313243.010009227,4161841.03474033,0
4177,313242.92517469,4161841.08768466,0
4178,313242.84033721,4161841.14062427,0
4179,313242.755496833,4161841.19355923,0
4180,313242.670653606,4161841.24648963,0
4181,313242.585807703,4161841.29941573,0
4182,313242.500959735,4161841.35233852,0
4183,313242.416110407,4161841.40525914,0
4184,313242.331260426,4161841.45817871,0
4185,313242.246410498,4161841.51109836,0
4186,313242.161561328,4161841.56401923,0
4187,313242.076713618,4161841.61694244,0
4188,313241.991867652,4161841.66986846,0
4189,313241.907022904,4161841.72279642,0
4190,313241.822178753,4161841.77572534,0
4191,313241.737334581,4161841.82865423,0
4192,313241.652489767,4161841.88158208,0
4193,313241.567643693,4161841.9345079,0
4194,313241.482795741,4161841.9874307,0
4195,313241.397945427,4161842.04034971,0
4196,313241.313092519,4161842.09326456,0
4197,313241.228236814,4161842.14617493,0
4198,313241.143378105,4161842.19908049,0
4199,313241.058516187,4161842.25198093,0
4200,313240.973650856,4161842.30487592,0
4201,313240.888781943,4161842.3577652,0
4202,313240.803910338,4161842.41065019,0
4203,313240.719038139,4161842.46353423,0
4204,313240.634167508,4161842.51642075,0
4205,313240.549300607,4161842.5693132,0
4206,313240.4644396,4161842.62221502,0
4207,313240.379586649,4161842.67512965,0
4208,313240.294743543,4161842.72805994,0
4209,313240.209906967,4161842.78100063,0
4210,313240.125069918,4161842.83394058,0
4211,313240.040225308,4161842.88686853,0
4212,313239.95536605,4161842.93977323,0
4213,313239.870485057,4161842.99264341,0
4214,313239.785575243,4161843.04546781,0
4215,313239.700634457,4161843.09824302,0
4216,313239.6156818,4161843.15099936,0
4217,313239.530742096,4161843.20377627,0
4218,313239.445840166,4161843.25661317,0
4219,313239.361000833,4161843.30954948,0
4220,313239.276248919,4161843.36262464,0
4221,313239.191609152,4161843.41587792,0
4222,313239.107088879,4161843.469321,0
4223,313239.022657896,4161843.52290599,0
4224,313238.938281105,4161843.57657722,0
4225,313238.853923407,4161843.63027903,0
4226,313238.769549703,4161843.68395573,0
4227,313238.685124894,4161843.73755167,0
4228,313238.600614159,4161843.79101161,0
4229,313238.515998749,4161843.84430566,0
4230,313238.431284481,4161843.89744266,0
4231,313238.346479245,4161843.95043472,0
4232,313238.261590931,4161844.00329395,0
4233,313238.176627431,4161844.05603246,0
4234,313238.091596633,4161844.10866235,0
4235,313238.006506392,4161844.1611957,0
4236,313237.921363713,4161844.21364353,0
4237,313237.836174728,4161844.26601582,0
4238,313237.750945527,4161844.3183225,0
4239,313237.665682204,4161844.37057348,0
4240,313237.580390851,4161844.4227787,0
4241,313237.495077559,4161844.47494807,0
4242,313237.409748277,4161844.5270913,0
4243,313237.324406119,4161844.57921344,0
4244,313237.239051595,4161844.63131534,0
4245,313237.153685122,4161844.68339765,0
4246,313237.068307115,4161844.73546105,0
4247,313236.98291799,4161844.78750622,0
4248,313236.897518162,4161844.83953383,0
4249,313236.812108047,4161844.89154454,0
4250,313236.726688064,4161844.94353904,0
4251,313236.641258639,4161844.99551802,0
4252,313236.555820198,4161845.04748218,0
4253,313236.470373167,4161845.09943221,0
4254,313236.384917971,4161845.15136881,0
4255,313236.299455037,4161845.20329268,0
4256,313236.213984793,4161845.25520451,0
4257,313236.128508067,4161845.30710565,0
4258,313236.043026447,4161845.35899874,0
4259,313235.957541615,4161845.41088654,0
4260,313235.872055248,4161845.4627718,0
4261,313235.786569025,4161845.51465731,0
4262,313235.701084626,4161845.56654582,0
4263,313235.615603727,4161845.61844011,0
4264,313235.530127692,4161845.6703424,0
4265,313235.444657106,4161845.72225367,0
4266,313235.359192437,4161845.77417468,0
4267,313235.273734155,4161845.8261062,0
4268,313235.188282726,4161845.87804899,0
4269,313235.102838619,4161845.93000383,0
4270,313235.017402287,4161845.98197144,0
4271,313234.931973218,4161846.03395099,0
4272,313234.846549388,4161846.08593916,0
4273,313234.761128641,4161846.13793239,0
4274,313234.675708821,4161846.18992715,0
4275,313234.590287772,4161846.24191988,0
4276,313234.504863339,4161846.29390706,0
4277,313234.419433403,4161846.34588519,0
4278,313234.3339978,4161846.397854,0
4279,313234.248559176,4161846.44981786,0
4280,313234.163120396,4161846.50178145,0
4281,313234.077684326,4161846.5537495,0
4282,313233.992253831,4161846.60572671,0
4283,313233.906831775,4161846.65771779,0
4284,313233.821420721,4161846.70972695,0
4285,313233.736020934,4161846.76175462,0
4286,313233.650631636,4161846.81379951,0
4287,313233.565252042,4161846.86586032,0
4288,313233.479881368,4161846.91793574,0
4289,313233.394518829,4161846.97002449,0
4290,313233.309163643,4161847.02212525,0
4291,313233.223814846,4161847.07423644,0
4292,313233.138470866,4161847.12635552,0
4293,313233.053129999,4161847.1784797,0
4294,313232.967790542,4161847.23060623,0
4295,313232.88245079,4161847.28273234,0
4296,313232.797109041,4161847.33485526,0
4297,313232.711763224,4161847.38697162,0
4298,313232.626408385,4161847.43907323,0
4299,313232.541038206,4161847.49114967,0
4300,313232.45564636,4161847.54319048,0
4301,313232.37022652,4161847.59518519,0
4302,313232.28477236,4161847.64712336,0
4303,313232.199277591,4161847.69899459,0
4304,313232.113740073,4161847.75079532,0
4305,313232.028165479,4161847.80253489,0
4306,313231.942560346,4161847.85422405,0
4307,313231.85693121,4161847.90587355,0
4308,313231.771284608,4161847.95749413,0
4309,313231.685627078,4161848.00909657,0
4310,313231.599963851,4161848.06068946,0
4311,313231.514295701,4161848.11227409,0
4312,313231.42862245,4161848.16385018,0
4313,313231.342943917,4161848.21541747,0
4314,313231.257259925,4161848.26697566,0
4315,313231.171570294,4161848.31852448,0
4316,313231.085875004,4161848.37006391,0
4317,313231.000176252,4161848.42159762,0
4318,313230.914477882,4161848.47313198,0
4319,313230.828783775,4161848.52467343,0
4320,313230.743097811,4161848.57622842,0
4321,313230.657423871,4161848.62780339,0
4322,313230.57176546,4161848.67940415,0
4323,313230.486119653,4161848.73102585,0
4324,313230.400478137,4161848.78265467,0
4325,313230.314832427,4161848.83427652,0
4326,313230.229174043,4161848.8858773,0
4327,313230.143494501,4161848.93744292,0
4328,313230.057785423,4161848.98895946,0
4329,313229.972042167,4161849.04041917,0
4330,313229.886264824,4161849.09182209,0
4331,313229.800453788,4161849.14316877,0
4332,313229.714609452,4161849.19445977,0
4333,313229.628732208,4161849.24569563,0
4334,313229.542822589,4161849.29687713,0
4335,313229.456885271,4161849.34801207,0
4336,313229.370929711,4161849.39911634,0
4337,313229.284965629,4161849.45020627,0
4338,313229.199002746,4161849.50129817,0
4339,313229.113050783,4161849.55240839,0
4340,313229.027119339,4161849.60355304,0
4341,313228.941212745,4161849.65473942,0
4342,313228.855328212,4161849.70596284,0
4343,313228.769462441,4161849.7572178,0
4344,313228.683612135,4161849.80849876,0
4345,313228.597773995,4161849.8598002,0
4346,313228.511945558,4161849.91111799,0
4347,313228.426128684,4161849.96245512,0
4348,313228.34032664,4161850.01381693,0
4349,313228.254542691,4161850.06520875,0
4350,313228.168780103,4161850.11663591,0
4351,313228.083042141,4161850.16810373,0
4352,313227.997330931,4161850.21961577,0
4353,313227.911645336,4161850.27117043,0
4354,313227.825983637,4161850.32276523,0
4355,313227.740344115,4161850.37439767,0
4356,313227.65472505,4161850.42606525,0
4357,313227.569126959,4161850.47776906,0
4358,313227.483573352,4161850.5295469,0
4359,313227.398101256,4161850.58145818,0
4360,313227.312747871,4161850.63356258,0
4361,313227.227550397,4161850.68591977,0
4362,313227.142545688,4161850.73858889,0
4363,313227.057738828,4161850.79157755,0
4364,313226.973078034,4161850.84480125,0
4365,313226.888505621,4161850.89816588,0
4366,313226.803963902,4161850.95157737,0
4367,313226.71939523,4161851.00494169,0
4368,313226.634763401,4161851.05820067,0
4369,313226.550089225,4161851.11139154,0
4370,313226.465402883,4161851.16456717,0
4371,313226.380734557,4161851.21778047,0
4372,313226.296114431,4161851.27108431,0
4373,313226.211558195,4161851.32450656,0
4374,313226.126994757,4161851.37792517,0
4375,313226.04232086,4161851.43116255,0
4376,313225.957433193,4161851.48404098,0
4377,313225.872228445,4161851.53638278,0
4378,313225.786603304,4161851.58801026,0
4379,313225.700454757,4161851.6387462,0
4380,313225.613732831,4161851.68850248,0
4381,313225.526501449,4161851.73738216,0
4382,313225.438839275,4161851.78551308,0
4383,313225.350824977,4161851.83302309,0
4384,313225.262537219,4161851.88004,0
4385,313225.174054669,4161851.92669166,0
4386,313225.085455305,4161851.97310492,0
4387,313224.996791256,4161852.01936966,0
4388,313224.908081542,4161852.06552844,0
4389,313224.819343015,4161852.11162069,0
4390,313224.730592527,4161852.15768587,0
4391,313224.641846844,4161852.20376318,0
4392,313224.553118667,4161852.24988049,0
4393,313224.464414991,4161852.29604979,0
4394,313224.375742387,4161852.34228184,0
4395,313224.287107424,4161852.38858744,0
4396,313224.198516671,4161852.43497738,0
4397,313224.109975676,4161852.48146075,0
4398,313224.021485034,4161852.5280385,0
4399,313223.933043844,4161852.57470913,0
4400,313223.844651203,4161852.6214711,0
4401,313223.756306211,4161852.66832292,0
4402,313223.668007817,4161852.71526275,0
4403,313223.579753633,4161852.76228601,0
4404,313223.491540572,4161852.80938669,0
4405,313223.403365539,4161852.85655873,0
4406,313223.315225442,4161852.90379609,0
4407,313223.227117187,4161852.95109274,0
4408,313223.139037938,4161852.9984432,0
4409,313223.050985514,4161853.04584338,0
4410,313222.962957835,4161853.09328943,0
4411,313222.874952824,4161853.1407775,0
4412,313222.786968402,4161853.18830374,0
4413,313222.699002455,4161853.23586421,0
4414,313222.611052435,4161853.28345417,0
4415,313222.523115497,4161853.33106831,0
4416,313222.435188794,4161853.37870129,0
4417,313222.347269477,4161853.42634779,0
4418,313222.259354696,4161853.47400248,0
4419,313222.17144131,4161853.52165955,0
4420,313222.083525022,4161853.56931121,0
4421,313221.99560125,4161853.6169492,0
4422,313221.907665414,4161853.66456526,0
4423,313221.81971293,4161853.71215112,0
4424,313221.731739466,4161853.75969898,0
4425,313221.643753242,4161853.80722383,0
4426,313221.555780705,4161853.85477384,0
4427,313221.467849736,4161853.90239974,0
4428,313221.379988214,4161853.95015229,0
4429,313221.29222402,4161853.99808224,0
4430,313221.204581912,4161854.04623464,0
4431,313221.11705271,4161854.09459279,0
4432,313221.029606404,4161854.14310202,0
4433,313220.942212682,4161854.19170714,0
4434,313220.854841232,4161854.24035296,0
4435,313220.76746195,4161854.28898465,0
4436,313220.680059786,4161854.33757469,0
4437,313220.592644647,4161854.38614076,0
4438,313220.50522879,4161854.43470484,0
4439,313220.41782447,4161854.48328888,0
4440,313220.330443941,4161854.53191484,0
4441,313220.243094789,4161854.58059642,0
4442,313220.155761895,4161854.62930724,0
4443,313220.06842326,4161854.67800871,0
4444,313219.981056881,4161854.72666229,0
4445,313219.893640755,4161854.7752294,0
4446,313219.806152985,4161854.82367143,0
4447,313219.718572894,4161854.87194925,0
4448,313219.630880583,4161854.92002335,0
4449,313219.543056168,4161854.96785424,0
4450,313219.455079767,4161855.01540242,0
4451,313219.366931493,4161855.0626284,0
4452,313219.278591464,4161855.10949267,0
4453,313219.190039795,4161855.15595574,0
4454,313219.101256772,4161855.20197828,0
4455,313219.012226778,4161855.24752471,0
4456,313218.922938393,4161855.29256333,0
4457,313218.833380389,4161855.33706262,0
4458,313218.743541535,4161855.38099106,0
4459,313218.653410762,4161855.42431745,0
4460,313218.562986216,4161855.46702946,0
4461,313218.472280169,4161855.50914371,0
4462,313218.381306088,4161855.55067925,0
4463,313218.290077437,4161855.59165515,0
4464,313218.198607684,4161855.63209046,0
4465,313218.106910295,4161855.67200424,0
4466,313218.014998566,4161855.71141557,0
4467,313217.922883668,4161855.75034376,0
4468,313217.830575327,4161855.78880828,0
4469,313217.738083246,4161855.82682862,0
4470,313217.645417125,4161855.86442426,0
4471,313217.552586645,4161855.9016146,0
4472,313217.45960096,4161855.93841743,0
4473,313217.366468679,4161855.97484882,0
4474,313217.273198388,4161856.01092476,0
4475,313217.179798668,4161856.04666125,0
4476,313217.086278104,4161856.08207429,0
4477,313216.992645279,4161856.11717986,0
4478,313216.89890991,4161856.15199922,0
4479,313216.805086802,4161856.18657718,0
4480,313216.711192191,4161856.22096523,0
4481,313216.617242315,4161856.2552148,0
4482,313216.523253409,4161856.28937736,0
4483,313216.42924171,4161856.32350438,0
4484,313216.33521816,4161856.35763019,0
4485,313216.241147184,4161856.39163874,0
4486,313216.146969065,4161856.42533592,0
4487,313216.052623882,4161856.45852697,0
4488,313215.958051714,4161856.49101712,0
4489,313215.86319264,4161856.52261159,0
4490,313215.767987084,4161856.55311673,0
4491,313215.672415804,4161856.58246675,0
4492,313215.576537042,4161856.6108416,0
4493,313215.480417823,4161856.63844907,0
4494,313215.384125171,4161856.66549695,0
4495,313215.287726112,4161856.69219304,0
4496,313215.191287671,4161856.71874513,0
4497,313215.094870196,4161856.74534109,0
4498,313214.998491356,4161856.7720414,0
4499,313214.902152031,4161856.79885645,0
4500,313214.805853059,4161856.8257965,0
4501,313214.709595278,4161856.85287181,0
4502,313214.613379526,4161856.88009264,0
4503,313214.517206626,4161856.90746916,0
4504,313214.421076055,4161856.93500372,0
4505,313214.324984914,4161856.96268488,0
4506,313214.228930061,4161856.99049978,0
4507,313214.132908352,4161857.01843558,0
4508,313214.036916656,4161857.04647945,0
4509,313213.940958874,4161857.07464132,0
4510,313213.845058451,4161857.10299433,0
4511,313213.749242204,4161857.13162254,0
4512,313213.653536948,4161857.16060999,0
4513,313213.5579695,4161857.19004072,0
4514,313213.462558128,4161857.21997176,0
4515,313213.367280329,4161857.25033109,0
4516,313213.272101448,4161857.28100828,0
4517,313213.176986832,4161857.31189287,0
4518,313213.081901823,4161857.34287443,0
4519,313212.986812185,4161857.37384366,0
4520,313212.891686762,4161857.40469983,0
4521,313212.796495766,4161857.43534602,0
4522,313212.701209418,4161857.46568531,0
4523,313212.60579794,4161857.4956208,0
4524,313212.510231867,4161857.52505657,0
4525,313212.414500555,4161857.55395584,0
4526,313212.318622478,4161857.58237338,0
4527,313212.222618608,4161857.61037177,0
4528,313212.12650992,4161857.63801362,0
4529,313212.030317384,4161857.66536152,0
4530,313211.934059236,4161857.69247064,0
4531,313211.837743551,4161857.71936855,0
4532,313211.741376046,4161857.74607641,0
4533,313211.644962436,4161857.77261539,0
4534,313211.54850844,4161857.79900665,0
4535,313211.452019733,4161857.8252712,0
4536,313211.355500156,4161857.85142305,0
4537,313211.258950987,4161857.87746637,0
4538,313211.162373315,4161857.90340465,0
4539,313211.065768227,4161857.92924135,0
4540,313210.969136813,4161857.95497995,0
4541,313210.872481352,4161857.98062839,0
4542,313210.775814047,4161858.00623205,0
4543,313210.679152025,4161858.03185483,0
4544,313210.582512449,4161858.05756077,0
4545,313210.48591248,4161858.08341393,0
4546,313210.389369281,4161858.10947835,0
4547,313210.292896937,4161858.13580598,0
4548,313210.196497561,4161858.16240176,0
4549,313210.100170357,4161858.18925921,0
4550,313210.00391453,4161858.21637182,0
4551,313209.907729283,4161858.24373311,0
4552,313209.811613803,4161858.27133653,0
4553,313209.715563136,4161858.29916241,0
4554,313209.619562769,4161858.32716074,0
4555,313209.523596851,4161858.35527729,0
4556,313209.427649528,4161858.3834578,0
4557,313209.331704946,4161858.41164803,0
4558,313209.235747252,4161858.43979374,0
4559,313209.139762522,4161858.4678471,0
4560,313209.043742621,4161858.4957796,0
4561,313208.9476805,4161858.52356635,0
4562,313208.85156911,4161858.55118243,0
4563,313208.755401402,4161858.57860296,0
4564,313208.659170331,4161858.60580297,0
4565,313208.562869012,4161858.63275553,0
4566,313208.466490725,4161858.6594316,0
4567,313208.370028761,4161858.68580203,0
4568,313208.273476412,4161858.71183769,0
4569,313208.176826968,4161858.73750941,0
4570,313208.08007451,4161858.7627909,0
4571,313207.983219832,4161858.78767985,0
4572,313207.886267103,4161858.81218608,0
4573,313207.789220522,4161858.83631951,0
4574,313207.692084286,4161858.86009002,0
4575,313207.594862591,4161858.88350754,0
4576,313207.497559397,4161858.90658176,0
4577,313207.400177896,4161858.92932172,0
4578,313207.302721126,4161858.95173634,0
4579,313207.205192124,4161858.97383452,0
4580,313207.107593926,4161858.99562518,0
4581,313207.009929509,4161859.01711698,0
4582,313206.912200843,4161859.03831438,0
4583,313206.81440906,4161859.0592184,0
4584,313206.71655527,4161859.07982994,0
4585,313206.618640583,4161859.10014991,0
4586,313206.520666107,4161859.12017922,0
4587,313206.422633049,4161859.13991947,0
4588,313206.324542803,4161859.15937365,0
4589,313206.226396785,4161859.17854488,0
4590,313206.128196411,4161859.19743629,0
4591,313206.029943095,4161859.21605103,0
4592,313205.931638371,4161859.2343928,0
4593,313205.833284244,4161859.25246762,0
4594,313205.73488284,4161859.27028211,0
4595,313205.636436285,4161859.28784288,0
4596,313205.537946703,4161859.30515655,0
4597,313205.439416421,4161859.32223183,0
4598,313205.34084882,4161859.3390884,0
4599,313205.242247624,4161859.35574952,0
4600,313205.143616557,4161859.37223847,0
4601,313205.044959344,4161859.38857853,0
4602,313204.94627971,4161859.40479295,0
4603,313204.847581189,4161859.42090367,0
4604,313204.748859295,4161859.43687569,0
4605,313204.650098726,4161859.45259726,0
4606,313204.551283413,4161859.46795121,0
4607,313204.452397291,4161859.48282038,0
4608,313204.353424449,4161859.49708863,0
4609,313204.254357945,4161859.51069824,0
4610,313204.155204432,4161859.5236801,0
4611,313204.055971698,4161859.53607252,0
4612,313203.956667532,4161859.54791378,0
4613,313203.857299721,4161859.55924219,0
4614,313203.757876056,4161859.57009603,0
4615,313203.658403932,4161859.58050949,0
4616,313203.558885974,4161859.59046685,0
4617,313203.45932163,4161859.5999191,0
4618,313203.35971029,4161859.60881665,0
4619,313203.260051344,4161859.61710992,0
4620,313203.160344182,4161859.62474931,0
4621,313203.060588194,4161859.63168523,0
4622,313202.960783865,4161859.63788626,0
4623,313202.860937682,4161859.64342068,0
4624,313202.761058175,4161859.6483907,0
4625,313202.661153878,4161859.65289859,0
4626,313202.561233323,4161859.65704659,0
4627,313202.461304581,4161859.66093352,0
4628,313202.3613712,4161859.66462477,0
4629,313202.261434185,4161859.6681669,0
4630,313202.161494515,4161859.67160627,0
4631,313202.061553165,4161859.67498923,0
4632,313201.96161111,4161859.67836185,0
4633,313201.861669187,4161859.68175671,0
4634,313201.761728036,4161859.68518738,0
4635,313201.661788284,4161859.68866594,0
4636,313201.561850559,4161859.6922045,0
4637,313201.461915487,4161859.69581515,0
4638,313201.361983526,4161859.69950631,0
4639,313201.262054384,4161859.70327011,0
4640,313201.162127566,4161859.7070942,0
4641,313201.062202573,4161859.71096623,0
4642,313200.96227891,4161859.71487386,0
4643,313200.862356079,4161859.71880472,0
4644,313200.762433706,4161859.72274913,0
4645,313200.662511871,4161859.72670724,0
4646,313200.562590759,4161859.73068156,0
4647,313200.462670558,4161859.73467455,0
4648,313200.362751455,4161859.73868871,0
4649,313200.262833639,4161859.74272714,0
4650,313200.162917356,4161859.74679956,0
4651,313200.063002877,4161859.75091962,0
4652,313199.96309048,4161859.75510107,0
4653,313199.863180436,4161859.75935761,0
4654,313199.763273024,4161859.76370299,0
4655,313199.663369383,4161859.76816055,0
4656,313199.563473089,4161859.7727806,0
4657,313199.46358814,4161859.77761813,0
4658,313199.363718534,4161859.78272816,0
4659,313199.263868271,4161859.7881657,0
4660,313199.164041214,4161859.79398385,0
4661,313199.064236855,4161859.80017399,0
4662,313198.964449459,4161859.80665367,0
4663,313198.864672982,4161859.81333611,0
4664,313198.764901383,4161859.82013452,0
4665,313198.665128618,4161859.82696211,0
4666,313198.565348768,4161859.83372779,0
4667,313198.465556712,4161859.84031263,0
4668,313198.365747649,4161859.8465867,0
4669,313198.265916774,4161859.85241999,0
4670,313198.166059285,4161859.85768255,0
4671,313198.066170394,4161859.86224471,0
4672,313197.966248487,4161859.86604575,0
4673,313197.866299059,4161859.86917938,0
4674,313197.76632857,4161859.87176026,0
4675,313197.666343481,4161859.87390311,0
4676,313197.566350253,4161859.87572259,0
4677,313197.46635527,4161859.87733223,0
4678,313197.366361941,4161859.87880088,0
4679,313197.266369819,4161859.88013947,0
4680,313197.166378205,4161859.88135509,0
4681,313197.066386395,4161859.88245482,0
4682,313196.966393689,4161859.88344578,0
4683,313196.866399402,4161859.88433547,0
4684,313196.766403438,4161859.8851478,0
4685,313196.666406452,4161859.88592742,0
4686,313196.566409149,4161859.88672034,0
4687,313196.466412232,4161859.88757255,0
4688,313196.366416405,4161859.88853005,0
4689,313196.266422359,4161859.8896379,0
4690,313196.166430409,4161859.89091228,0
4691,313196.066440435,4161859.89233593,0
4692,313195.966452292,4161859.8938897,0
4693,313195.866465837,4161859.89555444,0
4694,313195.766480923,4161859.89731101,0
4695,313195.666497404,4161859.89914035,0
4696,313195.56651506,4161859.90102541,0
4697,313195.466533589,4161859.9029515,0
4698,313195.366552687,4161859.90490405,0
4699,313195.266572045,4161859.90686849,0
4700,313195.166591359,4161859.90883025,0
4701,313195.066610327,4161859.91077504,0
4702,313194.96662875,4161859.91269265,0
4703,313194.866646501,4161859.91457597,0
4704,313194.766663456,4161859.916418,0
4705,313194.666679489,4161859.9182117,0
4706,313194.566694476,4161859.91995005,0
4707,313194.466708293,4161859.92162534,0
4708,313194.366720809,4161859.92322331,0
4709,313194.266731891,4161859.92472618,0
4710,313194.166741405,4161859.92611615,0
4711,313194.066749218,4161859.92737541,0
4712,313193.966755197,4161859.92848614,0
4713,313193.866759262,4161859.92943114,0
4714,313193.766761664,4161859.93019689,0
4715,313193.666762781,4161859.93077129,0
4716,313193.566762988,4161859.93114224,0
4717,313193.466762664,4161859.93129763,0
4718,313193.366762189,4161859.93122548,0
4719,313193.266762052,4161859.9309178,0
4720,313193.166762871,4161859.9303713,0
4721,313193.066765273,4161859.92958296,0
4722,313192.966769882,4161859.92854976,0
4723,313192.866777325,4161859.92726867,0
4724,313192.766788269,4161859.92573589,0
4725,313192.666803517,4161859.92394501,0
4726,313192.566823899,4161859.92188908,0
4727,313192.466850246,4161859.91956118,0
4728,313192.366883388,4161859.91695435,0
4729,313192.266924188,4161859.91406195,0
4730,313192.166973719,4161859.91087903,0
4731,313192.067033137,4161859.90740138,0
4732,313191.967103599,4161859.90362476,0
4733,313191.867186262,4161859.89954496,0
4734,313191.76728221,4161859.89515865,0
4735,313191.667391928,4161859.89047018,0
4736,313191.567515599,4161859.88548768,0
4737,313191.467653405,4161859.88021936,0
4738,313191.367805527,4161859.87467339,0
4739,313191.267972147,4161859.86885795,0
4740,313191.168153447,4161859.86278123,0
4741,313191.068350389,4161859.85644237,0
4742,313190.968566551,4161859.84981034,0
4743,313190.868806052,4161859.84284782,0
4744,313190.769073012,4161859.8355175,0
4745,313190.669371553,4161859.82778205,0
4746,313190.569705793,4161859.81960415,0
4747,313190.470079782,4161859.81094789,0
4748,313190.370496303,4161859.80180189,0
4749,313190.270957069,4161859.79217554,0
4750,313190.171463761,4161859.7820789,0
4751,313190.072018057,4161859.77152203,0
4752,313189.972621636,4161859.76051499,0
4753,313189.873276178,4161859.7490678,0
4754,313189.77398324,4161859.73718631,0
4755,313189.674744157,4161859.72486847,0
4756,313189.575560237,4161859.71211137,0
4757,313189.476432788,4161859.69891209,0
4758,313189.377363119,4161859.6852677,0
4759,313189.278352539,4161859.6711753,0
4760,313189.179402634,4161859.65663086,0
4761,313189.080521633,4161859.64160434,0
4762,313188.981724548,4161859.62603909,0
4763,313188.883026696,4161859.60987727,0
4764,313188.784443394,4161859.59306104,0
4765,313188.685989959,4161859.57553255,0
4766,313188.587681707,4161859.55723395,0
4767,313188.489531935,4161859.53811704,0
4768,313188.391533767,4161859.51822954,0
4769,313188.29366873,4161859.49767436,0
4770,313188.195918216,4161859.47655506,0
4771,313188.098263617,4161859.45497521,0
4772,313188.000686323,4161859.43303837,0
4773,313187.903167724,4161859.41084809,0
4774,313187.805690451,4161859.38849871,0
4775,313187.708243256,4161859.36603876,0
4776,313187.610816787,4161859.34350269,0
4777,313187.513401692,4161859.3209249,0
4778,313187.415988619,4161859.29833982,0
4779,313187.318568244,4161859.27578205,0
4780,313187.22113162,4161859.25328908,0
4781,313187.123670075,4161859.23090042,0
4782,313187.026174944,4161859.20865563,0
4783,313186.928637561,4161859.18659429,0
4784,313186.831049261,4161859.16475597,0
4785,313186.733402156,4161859.14317836,0
4786,313186.635690877,4161859.12189313,0
4787,313186.537910562,4161859.10093072,0
4788,313186.440056349,4161859.08032157,0
4789,313186.342123377,4161859.06009613,0
4790,313186.244107652,4161859.04028029,0
4791,313186.146016649,4161859.02083964,0
4792,313186.047865951,4161859.00169719,0
4793,313185.94967131,4161858.98277506,0
4794,313185.851448481,4161858.96399533,0
4795,313185.753213215,4161858.94528013,0
4796,313185.654979915,4161858.92655793,0
4797,313185.556756828,4161858.90778626,0
4798,313185.458550457,4161858.88893087,0
4799,313185.360367306,4161858.8699575,0
4800,313185.262213878,4161858.85083193,0
4801,313185.164096659,4161858.83151999,0
4802,313185.066021111,4161858.81199465,0
4803,313184.967991006,4161858.79224049,0
4804,313184.87000996,4161858.77224319,0
4805,313184.772081589,4161858.75198843,0
4806,313184.67420951,4161858.73146187,0
4807,313184.576397405,4161858.71064903,0
4808,313184.4786501,4161858.68953247,0
4809,313184.380973374,4161858.66809231,0
4810,313184.283373038,4161858.6463086,0
4811,313184.1858549,4161858.62416136,0
4812,313184.088424771,4161858.60163065,0
4813,313183.991088245,4161858.57869764,0
4814,313183.893848913,4161858.55535417,0
4815,313183.796709265,4161858.53159794,0
4816,313183.699671779,4161858.50742669,0
4817,313183.602738936,4161858.48283818,0
4818,313183.505913216,4161858.45783014,0
4819,313183.409197266,4161858.4323999,0
4820,313183.312594564,4161858.40654271,0
4821,313183.216108836,4161858.3802532,0
4822,313183.119743809,4161858.353526,0
4823,313183.023503209,4161858.32635573,0
4824,313182.927390762,4161858.29873702,0
4825,313182.831408534,4161858.27066985,0
4826,313182.735553377,4161858.24217104,0
4827,313182.639821124,4161858.21326065,0
4828,313182.544207609,4161858.18395878,0
4829,313182.448708665,4161858.15428551,0
4830,313182.353320122,4161858.12426093,0
4831,313182.258037372,4161858.09390483,0
4832,313182.162855048,4161858.06323651,0
4833,313182.067767701,4161858.03227524,0
4834,313181.972769884,4161858.00104027,0
4835,313181.877856151,4161857.96955084,0
4836,313181.783021118,4161857.93782595,0
4837,313181.68826033,4161857.90588073,0
4838,313181.593570042,4161857.87372737,0
4839,313181.498946525,4161857.84137799,0
4840,313181.404386048,4161857.80884471,0
4841,313181.309884886,4161857.77613963,0
4842,313181.215439938,4161857.74327289,0
4843,313181.121049572,4161857.71024988,0
4844,313181.026712368,4161857.67707538,0
4845,313180.932426904,4161857.64375411,0
4846,313180.838191759,4161857.61029083,0
4847,313180.744005618,4161857.57668999,0
4848,313180.649868122,4161857.54295319,0
4849,313180.555779428,4161857.50908055,0
4850,313180.461739698,4161857.47507216,0
4851,313180.367749091,4161857.44092812,0
4852,313180.273807991,4161857.40664792,0
4853,313180.179919928,4161857.3722227,0
4854,313180.086090784,4161857.3376373,0
4855,313179.992326496,4161857.30287646,0
4856,313179.898633003,4161857.26792487,0
4857,313179.805016216,4161857.23276736,0
4858,313179.711481542,4161857.197391,0
4859,313179.618033911,4161857.16178494,0
4860,313179.524678236,4161857.12593842,0
4861,313179.43141943,4161857.08984068,0
4862,313179.338262404,4161857.05348096,0
4863,313179.245212072,4161857.01684849,0
4864,313179.152273062,4161856.97993343,0
4865,313179.059448625,4161856.94273032,0
4866,313178.966741599,4161856.90523506,0
4867,313178.87415482,4161856.86744351,0
4868,313178.781691124,4161856.82935157,0
4869,313178.689353349,4161856.79095511,0
4870,313178.597144331,4161856.75225002,0
4871,313178.505066916,4161856.71323216,0
4872,313178.413125859,4161856.67389351,0
4873,313178.321330121,4161856.63421751,0
4874,313178.229689227,4161856.59418647,0
4875,313178.1382127,4161856.55378269,0
4876,313178.046910062,4161856.51298846,0
4877,313177.955790837,4161856.47178609,0
4878,313177.864863111,4161856.43016151,0
4879,313177.774130123,4161856.38811297,0
4880,313177.683594086,4161856.34564129,0
4881,313177.593257217,4161856.30274728,0
4882,313177.503121731,4161856.25943177,0
4883,313177.413189833,4161856.21569561,0
4884,313177.323463005,4161856.17154087,0
4885,313177.233941502,4161856.12697172,0
4886,313177.144625459,4161856.08199254,0
4887,313177.055515011,4161856.0366077,0
4888,313176.966610295,4161855.9908216,0
4889,313176.877911712,4161855.94463797,0
4890,313176.789420999,4161855.89805744,0
4891,313176.701140306,4161855.85107969,0
4892,313176.613071784,4161855.80370435,0
4893,313176.525217586,4161855.7559311,0
4894,313176.437580191,4161855.70775907,0
4895,313176.350169749,4161855.65917544,0
4896,313176.263004161,4161855.61015527,0
4897,313176.176101667,4161855.56067312,0
4898,313176.089480511,4161855.51070352,0
4899,313176.003158278,4161855.46022209,0
4900,313175.917133819,4161855.40923509,0
4901,313175.831384968,4161855.35778319,0
4902,313175.745888442,4161855.30590887,0
4903,313175.66062096,4161855.25365463,0
4904,313175.57555924,4161855.20106294,0
4905,313175.490680674,4161855.14817522,0
4906,313175.405987067,4161855.09499354,0
4907,313175.321510935,4161855.04147053,0
4908,313175.237286749,4161854.98755566,0
4909,313175.15334898,4161854.9331984,0
4910,313175.069732099,4161854.87834823,0
4911,313174.986470575,4161854.82295484,0
4912,313174.903598818,4161854.76697434,0
4913,313174.821151178,4161854.71037015,0
4914,313174.739161998,4161854.65310609,0
4915,313174.657665621,4161854.595146,0
4916,313174.576695725,4161854.5364546,0
4917,313174.496263777,4161854.4770272,0
4918,313174.416354354,4161854.4168961,0
4919,313174.336950417,4161854.35609581,0
4920,313174.25803493,4161854.29466084,0
4921,313174.179591166,4161854.23262531,0
4922,313174.10161924,4161854.17000068,0
4923,313174.024144422,4161854.10676462,0
4924,313173.947194036,4161854.04289202,0
4925,313173.870795407,4161853.97835781,0
4926,313173.794975874,4161853.91313689,0
4927,313173.719764564,4161853.84720698,0
4928,313173.645194063,4161853.78055114,0
4929,313173.57129735,4161853.71315305,0
4930,313173.498107404,4161853.64499637,0
4931,313173.425657205,4161853.57606479,0
4932,313173.353965077,4161853.50635563,0
4933,313173.28292954,4161853.4359778,0
4934,313173.212390559,4161853.36509476,0
4935,313173.142187703,4161853.29387034,0
4936,313173.07216054,4161853.22246836,0
4937,313173.002148735,4161853.15105256,0
4938,313172.932032584,4161853.07974488,0
4939,313172.861795909,4161853.00856088,0
4940,313172.791438776,4161852.93749941,0
4941,313172.720961252,4161852.86655929,0
4942,313172.650363404,4161852.79573939,0
4943,313172.579645405,4161852.72503849,0
4944,313172.508809424,4161852.65445428,0
4945,313172.437859426,4161852.58398347,0
4946,313172.366799434,4161852.51362273,0
4947,313172.295633477,4161852.44336873,0
4948,313172.22436558,4161852.37321816,0
4949,313172.152999907,4161852.30316753,0
4950,313172.081544207,4161852.2332093,0
4951,313172.010010062,4161852.16333163,0
4952,313171.938409242,4161852.09352242,0
4953,313171.866753519,4161852.02376962,0
4954,313171.79505466,4161851.95406116,0
4955,313171.723324431,4161851.88438495,0
4956,313171.651571953,4161851.81473165,0
4957,313171.579799833,4161851.74509859,0
4958,313171.508009692,4161851.6754841,0
4959,313171.436203146,4161851.60588652,0
4960,313171.364381816,4161851.5363042,0
4961,313171.292547321,4161851.46673547,0
4962,313171.220701522,4161851.39717842,0
4963,313171.148847543,4161851.32762983,0
4964,313171.076988923,4161851.25808604,0
4965,313171.005129201,4161851.18854339,0
4966,313170.933271915,4161851.11899822,0
4967,313170.861420604,4161851.04944689,0
4968,313170.789578799,4161850.97988573,0
4969,313170.717749166,4161850.91031201,0
4970,313170.64593265,4161850.84072474,0
4971,313170.574129995,4161850.77112316,0
4972,313170.502341942,4161850.70150652,0
4973,313170.430569237,4161850.63187404,0
4974,313170.358813187,4161850.56222439,0
4975,313170.287076277,4161850.49255503,0
4976,313170.215361143,4161850.42286327,0
4977,313170.143670418,4161850.35314641,0
4978,313170.072006738,4161850.28340175,0
4979,313170.000371951,4161850.21362742,0
4980,313169.928764764,4161850.14382475,0
4981,313169.857183099,4161850.0739959,0
4982,313169.785624879,4161850.00414302,0
4983,313169.714088025,4161849.93426825,0
4984,313169.642570603,4161849.86437361,0
4985,313169.571071633,4161849.7944601,0
4986,313169.499590529,4161849.72452832,0
4987,313169.428126709,4161849.65457889,0
4988,313169.356679587,4161849.5846124,0
4989,313169.285248569,4161849.51462947,0
4990,313169.213832766,4161849.44463102,0
4991,313169.142430967,4161849.37461828,0
4992,313169.071041945,4161849.30459251,0
4993,313168.999664474,4161849.23455496,0
4994,313168.928297326,4161849.1645069,0
4995,313168.856939301,4161849.09444955,0
4996,313168.785589293,4161849.02438403,0
4997,313168.714246215,4161848.95431146,0
4998,313168.642908981,4161848.88423294,0
4999,313168.571576504,4161848.81414958,0
5000,313168.500247707,4161848.74406247,0
5001,313168.428921747,4161848.67397247,0
5002,313168.357598051,4161848.60388017,0
5003,313168.28627606,4161848.53378614,0
5004,313168.214955216,4161848.46369094,0
5005,313168.143634958,4161848.39359514,0
5006,313168.072314745,4161848.3234993,0
5007,313168.000994162,4161848.25340383,0
5008,313167.929672861,4161848.18330909,0
5009,313167.858350493,4161848.11321544,0
5010,313167.787026707,4161848.04312324,0
5011,313167.715701156,4161847.97303282,0
5012,313167.644373499,4161847.90294456,0
5013,313167.573043441,4161847.83285873,0
5014,313167.501710705,4161847.76277563,0
5015,313167.430375011,4161847.69269554,0
5016,313167.359036081,4161847.62261875,0
5017,313167.287693637,4161847.55254553,0
5018,313167.216347537,4161847.48247604,0
5019,313167.144997951,4161847.4124101,0
5020,313167.073645089,4161847.34234749,0
5021,313167.002289162,4161847.272288,0
5022,313166.930930381,4161847.20223142,0
5023,313166.859568957,4161847.13217753,0
5024,313166.788205092,4161847.06212612,0
5025,313166.716838966,4161846.99207702,0
5026,313166.645470757,4161846.92203004,0
5027,313166.574100639,4161846.85198501,0
5028,313166.502728791,4161846.78194174,0
5029,313166.431355389,4161846.71190007,0
5030,313166.359980465,4161846.64185996,0
5031,313166.288603682,4161846.57182175,0
5032,313166.217224643,4161846.50178583,0
5033,313166.14584295,4161846.4317526,0
5034,313166.074458207,4161846.36172245,0
5035,313166.003070016,4161846.2916958,0
5036,313165.931678146,4161846.22167286,0
5037,313165.86028338,4161846.15165287,0
5038,313165.788886881,4161846.08163465,0
5039,313165.717489819,4161846.01161706,0
5040,313165.646093358,4161845.94159894,0
5041,313165.574698665,4161845.87157912,0
5042,313165.503306553,4161845.80155679,0
5043,313165.431915603,4161845.73153334,0
5044,313165.360523522,4161845.66151099,0
5045,313165.289128016,4161845.59149199,0
5046,313165.217726792,4161845.52147858,0
5047,313165.146317554,4161845.451473,0
5048,313165.074898218,4161845.38147727,0
5049,313165.003478451,4161845.31148163,0
5050,313164.932085743,4161845.24145846,0
5051,313164.860749067,4161845.17137863,0
5052,313164.7894974,4161845.10121303,0
5053,313164.718359716,4161845.03093252,0
5054,313164.647364992,4161844.96050799,0
5055,313164.576532628,4161844.88991998,0
5056,313164.505844598,4161844.81918682,0
5057,313164.435273721,4161844.74833608,0
5058,313164.364792822,4161844.67739534,0
5059,313164.294374723,4161844.60639215,0
5060,313164.223992245,4161844.5353541,0
5061,313164.15361833,4161844.46430861,0
5062,313164.083231229,4161844.39327733,0
5063,313164.012816496,4161844.32227386,0
5064,313163.94236022,4161844.25131126,0
5065,313163.871848489,4161844.18040257,0
5066,313163.801267391,4161844.10956083,0
5067,313163.730603015,4161844.03879909,0
5068,313163.659836115,4161843.96813646,0
5069,313163.588925998,4161843.89761652,0
5070,313163.517826582,4161843.82728894,0
5071,313163.446491784,4161843.75720345,0
5072,313163.374875523,4161843.68740973,0
5073,313163.302931716,4161843.61795749,0
5074,313163.230614756,4161843.54889593,0
5075,313163.157912891,4161843.48023869,0
5076,313163.084870153,4161843.41194085,0
5077,313163.011535784,4161843.34395198,0
5078,313162.937959025,4161843.2762217,0
5079,313162.86418912,4161843.20869958,0
5080,313162.790275309,4161843.14133522,0
5081,313162.716262105,4161843.07408293,0
5082,313162.642166571,4161843.0069244,0
5083,313162.567995889,4161842.93985118,0
5084,313162.493757227,4161842.87285483,0
5085,313162.419457753,4161842.8059269,0
5086,313162.345104636,4161842.73905896,0
5087,313162.270705044,4161842.67224257,0
5088,313162.196266115,4161842.60546937,0
5089,313162.121794758,4161842.53873165,0
5090,313162.047297788,4161842.47202195,0
5091,313161.972782018,4161842.40533283,0
5092,313161.898254262,4161842.33865684,0
5093,313161.823721331,4161842.27198654,0
5094,313161.749190038,4161842.20531448,0
5095,313161.674666205,4161842.13863428,0
5096,313161.600152874,4161842.07194253,0
5097,313161.525652604,4161842.00523634,0
5098,313161.451167953,4161841.93851283,0
5099,313161.37670148,4161841.8717691,0
5100,313161.302255745,4161841.80500228,0
5101,313161.227833306,4161841.73820946,0
5102,313161.153436279,4161841.67138827,0
5103,313161.079065019,4161841.60453833,0
5104,313161.004719445,4161841.53765978,0
5105,313160.930399475,4161841.47075275,0
5106,313160.856105027,4161841.40381735,0
5107,313160.78183602,4161841.33685372,0
5108,313160.70759237,4161841.26986198,0
5109,313160.63337391,4161841.20284236,0
5110,313160.559180283,4161841.13579526,0
5111,313160.48501111,4161841.06872112,0
5112,313160.410866015,4161841.00162038,0
5113,313160.336744616,4161840.93449346,0
5114,313160.262646537,4161840.86734081,0
5115,313160.188571398,4161840.80016286,0
5116,313160.11451878,4161840.73296009,0
5117,313160.040487927,4161840.66573335,0
5118,313159.966477915,4161840.59848366,0
5119,313159.892487819,4161840.53121205,0
5120,313159.818516714,4161840.46391956,0
5121,313159.744563675,4161840.39660721,0
5122,313159.670627777,4161840.32927603,0
5123,313159.596708115,4161840.26192704,0
5124,313159.522804029,4161840.19456096,0
5125,313159.448915014,4161840.12717836,0
5126,313159.375040571,4161840.05977977,0
5127,313159.3011802,4161839.99236577,0
5128,313159.227333403,4161839.92493691,0
5129,313159.153499678,4161839.85749373,0
5130,313159.079678524,4161839.79003679,0
5131,313159.005869274,4161839.72256684,0
5132,313158.932070956,4161839.65508492,0
5133,313158.858282567,4161839.58759215,0
5134,313158.784503106,4161839.52008962,0
5135,313158.710731569,4161839.45257842,0
5136,313158.636966955,4161839.38505967,0
5137,313158.563208261,4161839.31753444,0
5138,313158.489454541,4161839.25000379,0
5139,313158.41570508,4161839.18246849,0
5140,313158.341959222,4161839.11492925,0
5141,313158.26821631,4161839.0473868,0
5142,313158.194475688,4161838.97984185,0
5143,313158.120736635,4161838.91229518,0
5144,313158.046998131,4161838.84474791,0
5145,313157.973259071,4161838.77720125,0
5146,313157.899518349,4161838.7096564,0
5147,313157.825774861,4161838.64211458,0
5148,313157.752027499,4161838.57457699,0
5149,313157.678275159,4161838.50704483,0
5150,313157.604516745,4161838.43951931,0
5151,313157.530751944,4161838.37200077,0
5152,313157.456981839,4161838.30448801,0
5153,313157.383207654,4161838.23697972,0
5154,313157.309430612,4161838.16947455,0
5155,313157.235651939,4161838.10197116,0
5156,313157.16187262,4161838.03446847,0
5157,313157.088092683,4161837.96696646,0
5158,313157.014311912,4161837.89946537,0
5159,313156.940530092,4161837.83196542,0
5160,313156.86674701,4161837.76446685,0
5161,313156.79296245,4161837.69696989,0
5162,313156.719176198,4161837.62947479,0
5163,313156.64538804,4161837.56198177,0
5164,313156.571597759,4161837.49449107,0
5165,313156.497805143,4161837.42700293,0
5166,313156.424010025,4161837.35951752,0
5167,313156.350212484,4161837.29203476,0
5168,313156.276412674,4161837.22455448,0
5169,313156.20261075,4161837.15707652,0
5170,313156.128806867,4161837.08960069,0
5171,313156.055001147,4161837.02212687,0
5172,313155.98119324,4161836.95465545,0
5173,313155.907382428,4161836.8871872,0
5174,313155.83356798,4161836.81972293,0
5175,313155.759749165,4161836.75226345,0
5176,313155.685925258,4161836.68480954,0
5177,313155.612095952,4161836.61736154,0
5178,313155.538261819,4161836.54991882,0
5179,313155.464423541,4161836.48248064,0
5180,313155.390581798,4161836.41504624,0
5181,313155.316737271,4161836.34761489,0
5182,313155.242890333,4161836.28018616,0
5183,313155.169040153,4161836.21276098,0
5184,313155.095185607,4161836.14534059,0
5185,313155.021325569,4161836.07792624,0
5186,313154.947458916,4161836.01051917,0
5187,313154.873584613,4161835.94312052,0
5188,313154.799704303,4161835.87572849,0
5189,313154.725822722,4161835.80833783,0
5190,313154.651944776,4161835.74094312,0
5191,313154.578075373,4161835.67353896,0
5192,313154.504219431,4161835.60611989,0
5193,313154.430384892,4161835.53867726,0
5194,313154.356586623,4161835.47119498,0
5195,313154.282840456,4161835.40365592,0
5196,313154.209162225,4161835.33604298,0
5197,313154.13556776,4161835.26833902,0
5198,313154.062067223,4161835.20053311,0
5199,313153.988650509,4161835.13263627,0
5200,313153.915302992,4161835.06466447,0
5201,313153.842010048,4161834.99663367,0
5202,313153.76875705,4161834.92855981,0
5203,313153.695529537,4161834.86045869,0
5204,313153.6223186,4161834.79233997,0
5205,313153.549122125,4161834.72420582,0
5206,313153.475938407,4161834.65605799,0
5207,313153.402765745,4161834.5878982,0
5208,313153.329602434,4161834.5197282,0
5209,313153.256444236,4161834.45155246,0
5210,313153.183266294,4161834.38339786,0
5211,313153.11003373,4161834.31530213,0
5212,313153.036711596,4161834.24730309,0
5213,313152.963264946,4161834.17943857,0
5214,313152.889660404,4161834.11174474,0
5215,313152.815882863,4161834.04423882,0
5216,313152.741929027,4161833.97692573,0
5217,313152.667795797,4161833.90981022,0
5218,313152.593480076,4161833.842897,0
5219,313152.518978764,4161833.7761908,0
5220,313152.444291189,4161833.70969355,0
5221,313152.369426802,4161833.64339546,0
5222,313152.294397692,4161833.57728369,0
5223,313152.219215946,4161833.5113454,0
5224,313152.143893653,4161833.44556774,0
5225,313152.068442914,4161833.37993784,0
5226,313151.992876069,4161833.31444203,0
5227,313151.917205656,4161833.24906603,0
5228,313151.841444219,4161833.18379551,0
5229,313151.765604302,4161833.11861615,0
5230,313151.689698445,4161833.05351365,0
5231,313151.613737451,4161832.98847561,0
5232,313151.537728083,4161832.9234942,0
5233,313151.46167653,4161832.85856218,0
5234,313151.385588978,4161832.79367234,0
5235,313151.309471615,4161832.72881747,0
5236,313151.233330622,4161832.66399035,0
5237,313151.157171305,4161832.59918478,0
5238,313151.080997234,4161832.53439658,0
5239,313151.004811773,4161832.46962177,0
5240,313150.928618289,4161832.40485641,0
5241,313150.852420145,4161832.34009652,0
5242,313150.776220611,4161832.27533828,0
5243,313150.700021345,4161832.21057971,0
5244,313150.62382268,4161832.14582044,0
5245,313150.547624908,4161832.08106012,0
5246,313150.471428321,4161832.0162984,0
5247,313150.395233226,4161831.95153492,0
5248,313150.31904057,4161831.88676856,0
5249,313150.242852188,4161831.82199718,0
5250,313150.16666998,4161831.75721855,0
5251,313150.090495846,4161831.69243042,0
5252,313150.014331684,4161831.62763057,0
5253,313149.938179389,4161831.56281679,0
5254,313149.8620401,4161831.49798772,0
5255,313149.785913456,4161831.4331438,0
5256,313149.709798919,4161831.36828566,0
5257,313149.633695951,4161831.30341394,0
5258,313149.557604014,4161831.23852928,0
5259,313149.481522662,4161831.1736322,0
5260,313149.405452621,4161831.10872186,0
5261,313149.329395411,4161831.04379649,0
5262,313149.25335257,4161830.9788543,0
5263,313149.177325634,4161830.9138935,0
5264,313149.101316141,4161830.8489123,0
5265,313149.025325508,4161830.78390905,0
5266,313148.949353467,4161830.71888406,0
5267,313148.873398511,4161830.65383911,0
5268,313148.797459105,4161830.588776,0
5269,313148.72153371,4161830.52369653,0
5270,313148.645620791,4161830.45860251,0
5271,313148.569719162,4161830.39349533,0
5272,313148.493829047,4161830.32837473,0
5273,313148.417951023,4161830.26324005,0
5274,313148.34208567,4161830.19809062,0
5275,313148.266233566,4161830.13292576,0
5276,313148.190395287,4161830.06774482,0
5277,313148.11457107,4161830.00254751,0
5278,313148.038760325,4161829.93733455,0
5279,313147.962962337,4161829.87210674,0
5280,313147.887176394,4161829.80686495,0
5281,313147.811401782,4161829.74160999,0
5282,313147.735637792,4161829.67634269,0
5283,313147.659883955,4161829.61106362,0
5284,313147.584140184,4161829.54577287,0
5285,313147.508406425,4161829.48047051,0
5286,313147.432682622,4161829.4151566,0
5287,313147.356968722,4161829.34983122,0
5288,313147.281264666,4161829.28449443,0
5289,313147.205570029,4161829.21914673,0
5290,313147.129883643,4161829.15378948,0
5291,313147.054204256,4161829.08842411,0
5292,313146.978530611,4161829.0230521,0
5293,313146.902861455,4161828.95767489,0
5294,313146.827195537,4161828.89229394,0
5295,313146.751532158,4161828.82691004,0
5296,313146.675871706,4161828.76152276,0
5297,313146.600214694,4161828.69613151,0
5298,313146.524561634,4161828.63073568,0
5299,313146.448913042,4161828.56533468,0
5300,313146.373269413,4161828.49992794,0
5301,313146.297630689,4161828.43451553,0
5302,313146.221996122,4161828.36909832,0
5303,313146.146364919,4161828.30367721,0
5304,313146.07073629,4161828.23825313,0
5305,313145.995109444,4161828.17282698,0
5306,313145.919483589,4161828.10739969,0
5307,313145.843858085,4161828.041972,0
5308,313145.768232826,4161827.97654402,0
5309,313145.692607819,4161827.91111575,0
5310,313145.616983074,4161827.84568718,0
5311,313145.541358599,4161827.7802583,0
5312,313145.465734403,4161827.71482909,0
5313,313145.390110406,4161827.64939966,0
5314,313145.314486056,4161827.58397063,0
5315,313145.238860639,4161827.51854283,0
5316,313145.163233443,4161827.45311709,0
5317,313145.087603756,4161827.38769423,0
5318,313145.011970865,4161827.32227508,0
5319,313144.936334208,4161827.25686029,0
5320,313144.860693987,4161827.19144961,0
5321,313144.785050645,4161827.12604255,0
5322,313144.709404623,4161827.06063858,0
5323,313144.633756364,4161826.99523719,0
5324,313144.558106311,4161826.92983788,0
5325,313144.482454853,4161826.86444018,0
5326,313144.406801536,4161826.79904463,0
5327,313144.331145201,4161826.73365257,0
5328,313144.255484674,4161826.66826537,0
5329,313144.179818777,4161826.6028844,0
5330,313144.104146334,4161826.53751102,0
5331,313144.028466236,4161826.47214653,0
5332,313143.952778604,4161826.40679079,0
5333,313143.877084629,4161826.3414424,0
5334,313143.801385537,4161826.27609994,0
5335,313143.725682553,4161826.210762,0
5336,313143.649976903,4161826.14542713,0
5337,313143.574269813,4161826.08009393,0
5338,313143.498562509,4161826.01476095,0
5339,313143.422856216,4161825.94942678,0
5340,313143.34715216,4161825.88408998,0
5341,313143.271451566,4161825.81874915,0
5342,313143.195755662,4161825.75340284,0
5343,313143.120065671,4161825.68804963,0
5344,313143.044382821,4161825.6226881,0
5345,313142.968708257,4161825.55731691,0
5346,313142.893037814,4161825.49194092,0
5347,313142.817358725,4161825.42657499,0
5348,313142.741657441,4161825.36123487,0
5349,313142.665920413,4161825.29593636,0
5350,313142.590134091,4161825.23069522,0
5351,313142.514285417,4161825.16552664,0
5352,313142.43837566,4161825.10042915,0
5353,313142.362422344,4161825.03538234,0
5354,313142.286443871,4161824.97036479,0
5355,313142.210458644,4161824.90535505,0
5356,313142.134485065,4161824.8403317,0
5357,313142.058541536,4161824.77527332,0
5358,313141.982643447,4161824.71016198,0
5359,313141.90679109,4161824.64499738,0
5360,313141.83098004,4161824.57978471,0
5361,313141.755205867,4161824.51452918,0
5362,313141.679464143,4161824.44923597,0
5363,313141.603750455,4161824.38391028,0
5364,313141.528061126,4161824.3185564,0
5365,313141.452393503,4161824.2531774,0
5366,313141.376745007,4161824.18777628,0
5367,313141.301113062,4161824.12235602,0
5368,313141.22549509,4161824.05691961,0
5369,313141.149888514,4161823.99147003,0
5370,313141.074290804,4161823.92601021,0
5371,313140.998700454,4161823.8605419,0
5372,313140.923116945,4161823.79506569,0
5373,313140.847539795,4161823.72958215,0
5374,313140.771968524,4161823.66409182,0
5375,313140.696402653,4161823.59859526,0
5376,313140.620841702,4161823.53309303,0
5377,313140.545285195,4161823.46758567,0
5378,313140.469732667,4161823.40207373,0
5379,313140.394183653,4161823.33655773,0
5380,313140.318637686,4161823.27103821,0
5381,313140.243094302,4161823.20551571,0
5382,313140.167553036,4161823.13999078,0
5383,313140.092013421,4161823.07446394,0
5384,313140.016474992,4161823.00893573,0
5385,313139.940937284,4161822.94340669,0
5386,313139.865399876,4161822.8778773,0
5387,313139.789862774,4161822.81234757,0
5388,313139.714326213,4161822.74681721,0
5389,313139.638790432,4161822.68128595,0
5390,313139.563255668,4161822.61575352,0
5391,313139.487722161,4161822.55021964,0
5392,313139.412190148,4161822.48468404,0
5393,313139.33665961,4161822.41914674,0
5394,313139.261129796,4161822.35360861,0
5395,313139.185599827,4161822.28807065,0
5396,313139.110068825,4161822.22253388,0
5397,313139.034535912,4161822.15699932,0
5398,313138.959000207,4161822.09146797,0
5399,313138.883460891,4161822.02594079,0
5400,313138.807917983,4161821.96041775,0
5401,313138.732372143,4161821.89489809,0
5402,313138.656824042,4161821.82938103,0
5403,313138.581274355,4161821.76386581,0
5404,313138.505723755,4161821.69835163,0
5405,313138.430172913,4161821.63283774,0
5406,313138.354622262,4161821.56732362,0
5407,313138.279071722,4161821.50180938,0
5408,313138.203521151,4161821.43629517,0
5409,313138.127970406,4161821.37078117,0
5410,313138.052419344,4161821.30526753,0
5411,313137.976867823,4161821.23975442,0
5412,313137.9013157,4161821.174242,0
5413,313137.825762851,4161821.10873042,0
5414,313137.750209169,4161821.0432198,0
5415,313137.674654545,4161820.97771027,0
5416,313137.599098871,4161820.91220195,0
5417,313137.523542039,4161820.84669496,0
5418,313137.447983942,4161820.78118944,0
5419,313137.372424471,4161820.7156855,0
5420,313137.296863515,4161820.65018327,0
5421,313137.221300963,4161820.58468288,0
5422,313137.145736705,4161820.51918446,0
5423,313137.07017063,4161820.45368814,0
5424,313136.994602625,4161820.38819404,0
5425,313136.919032583,4161820.3227023,0
5426,313136.843460485,4161820.25721292,0
5427,313136.767886449,4161820.19172578,0
5428,313136.692310602,4161820.12624074,0
5429,313136.616733073,4161820.06075763,0
5430,313136.541153991,4161819.99527632,0
5431,313136.465573484,4161819.92979665,0
5432,313136.389991683,4161819.86431848,0
5433,313136.314408743,4161819.79884163,0
5434,313136.238824825,4161819.7333659,0
5435,313136.163240089,4161819.66789112,0
5436,313136.087654697,4161819.60241709,0
5437,313136.012068811,4161819.53694362,0
5438,313135.936482592,4161819.47147054,0
5439,313135.860896042,4161819.40599783,0
5440,313135.785308441,4161819.34052633,0
5441,313135.709718864,4161819.27505711,0
5442,313135.634126384,4161819.20959126,0
5443,313135.558530078,4161819.14412984,0
5444,313135.482929019,4161819.07867392,0
5445,313135.40732235,4161819.01322452,0
5446,313135.331711307,4161818.94778018,0
5447,313135.256099576,4161818.88233664,0
5448,313135.180490981,4161818.81688946,0
5449,313135.104889349,4161818.75143419,0
5450,313135.029298502,4161818.68596642,0
5451,313134.953722267,4161818.62048168,0
5452,313134.878163679,4161818.55497648,0
5453,313134.802615857,4161818.48945878,0
5454,313134.727065159,4161818.42394442,0
5455,313134.651497809,4161818.35844938,0
5456,313134.575900034,4161818.29298965,0
5457,313134.50025806,4161818.22758119,0
5458,313134.424558113,4161818.16224,0
5459,313134.348789537,4161818.09697844,0
5460,313134.272959331,4161818.03178838,0
5461,313134.197080705,4161817.96665449,0
5462,313134.121166873,4161817.90156144,0
5463,313134.045231052,4161817.83649388,0
5464,313133.969286457,4161817.77143648,0
5465,313133.893346305,4161817.70637389,0
5466,313133.817422432,4161817.64129239,0
5467,313133.741519786,4161817.57618622,0
5468,313133.665641163,4161817.51105215,0
5469,313133.58978936,4161817.44588693,0
5470,313133.513967173,4161817.38068731,0
5471,313133.438177397,4161817.31545005,0
5472,313133.362422828,4161817.25017191,0
5473,313133.286705195,4161817.18485089,0
5474,313133.211023192,4161817.11948855,0
5475,313133.135374979,4161817.05408705,0
5476,313133.059758715,4161816.98864857,0
5477,313132.98417256,4161816.9231753,0
5478,313132.908614672,4161816.8576694,0
5479,313132.833083212,4161816.79213306,0
5480,313132.757576356,4161816.72656841,0
5481,313132.682092331,4161816.66097751,0
5482,313132.606629376,4161816.59536239,0
5483,313132.531185729,4161816.52972507,0
5484,313132.455759626,4161816.4640676,0
5485,313132.380349307,4161816.39839199,0
5486,313132.304953015,4161816.33270027,0
5487,313132.229569743,4161816.2669936,0
5488,313132.154199857,4161816.20127159,0
5489,313132.078843871,4161816.13553363,0
5490,313132.0035023,4161816.06977917,0
5491,313131.928175658,4161816.00400761,0
5492,313131.85286446,4161815.93821837,0
5493,313131.777569215,4161815.87241088,0
5494,313131.702289391,4161815.80658576,0
5495,313131.627022178,4161815.74074621,0
5496,313131.551764462,4161815.67489581,0
5497,313131.476513133,4161815.60903809,0
5498,313131.401265079,4161815.54317664,0
5499,313131.326017188,4161815.47731499,0
5500,313131.25076635,4161815.41145671,0
5501,313131.175509993,4161815.34560474,0
5502,313131.100246738,4161815.27976065,0
5503,313131.024975366,4161815.21392585,0
5504,313130.949694659,4161815.14810172,0
5505,313130.874403399,4161815.08228967,0
5506,313130.799100368,4161815.01649108,0
5507,313130.723784371,4161814.95070733,0
5508,313130.648454656,4161814.88493928,0
5509,313130.573110872,4161814.81918735,0
5510,313130.49775268,4161814.75345192,0
5511,313130.422379743,4161814.68773341,0
5512,313130.346991723,4161814.6220322,0
5513,313130.271588283,4161814.5563487,0
5514,313130.196169092,4161814.49068328,0
5515,313130.120735301,4161814.42503465,0
5516,313130.045291177,4161814.35939789,0
5517,313129.969841383,4161814.29376764,0
5518,313129.894390581,4161814.22813856,0
5519,313129.818943435,4161814.16250527,0
5520,313129.743504608,4161814.09686242,0
5521,313129.668078762,4161814.03120466,0
5522,313129.592668192,4161813.96552935,0
5523,313129.517267775,4161813.89984237,0
5524,313129.441870942,4161813.83415127,0
5525,313129.366471123,4161813.76846361,0
5526,313129.291061746,4161813.70278693,0
5527,313129.215636243,4161813.63712879,0
5528,313129.140188044,4161813.57149673,0
5529,313129.064712385,4161813.50589623,0
5530,313128.989209567,4161813.44032698,0
5531,313128.913680779,4161813.37478762,0
5532,313128.838127204,4161813.30927681,0
5533,313128.762550031,4161813.24379323,0
5534,313128.686950444,4161813.17833552,0
5535,313128.611329631,4161813.11290234,0
5536,313128.535689168,4161813.04749191,0
5537,313128.460033782,4161812.98209876,0
5538,313128.384369718,4161812.91671565,0
5539,313128.30870323,4161812.85133537,0
5540,313128.233040571,4161812.78595065,0
5541,313128.157387998,4161812.72055427,0
5542,313128.081751763,4161812.65513899,0
5543,313128.006137746,4161812.58969799,0
5544,313127.930548546,4161812.52422831,0
5545,313127.854985052,4161812.45872895,0
5546,313127.779448144,4161812.39319892,0
5547,313127.703938698,4161812.32763725,0
5548,313127.628457591,4161812.26204296,0
5549,313127.553005701,4161812.19641507,0
5550,313127.47758391,4161812.13075259,0
5551,313127.402193253,4161812.06505437,0
5552,313127.326834951,4161811.99931905,0
5553,313127.251510234,4161811.93354524,0
5554,313127.176220335,4161811.86773156,0
5555,313127.100966485,4161811.80187664,0
5556,313127.025749915,4161811.73597909,0
5557,313126.95057187,4161811.67003752,0
5558,313126.875434783,4161811.60404923,0
5559,313126.800343238,4161811.5380091,0
5560,313126.725302044,4161811.4719118,0
5561,313126.650316013,4161811.40575197,0
5562,313126.575389954,4161811.33952426,0
5563,313126.500528679,4161811.27322332,0
5564,313126.425736997,4161811.20684381,0
5565,313126.351019417,4161811.14038075,0
5566,313126.276379397,4161811.07383051,0
5567,313126.201820168,4161811.00718973,0
5568,313126.127344963,4161810.94045507,0
5569,313126.052957013,4161810.87362317,0
5570,313125.97865955,4161810.80669069,0
5571,313125.904455806,4161810.73965426,0
5572,313125.830348703,4161810.67251091,0
5573,313125.756339469,4161810.6052596,0
5574,313125.682428749,4161810.5379,0
5575,313125.608617186,4161810.47043176,0
5576,313125.534905428,4161810.40285454,0
5577,313125.461294117,4161810.33516799,0
5578,313125.3877839,4161810.26737177,0
5579,313125.314375299,4161810.19946567,0
5580,313125.241066125,4161810.13145232,0
5581,313125.167851518,4161810.06333716,0
5582,313125.094726506,4161809.99512575,0
5583,313125.021686117,4161809.92682365,0
5584,313124.948725379,4161809.85843643,0
5585,313124.87583932,4161809.78996964,0
5586,313124.803022969,4161809.72142884,0
5587,313124.730271306,4161809.65281958,0
5588,313124.657579211,4161809.58414731,0
5589,313124.58494155,4161809.51541752,0
5590,313124.512353186,4161809.44663567,0
5591,313124.439808986,4161809.37780724,0
5592,313124.367303813,4161809.30893768,0
5593,313124.294832535,4161809.24003246,0
5594,313124.222390936,4161809.17109608,0
5595,313124.149977056,4161809.1021306,0
5596,313124.077589278,4161809.03313774,0
5597,313124.005225984,4161808.96411921,0
5598,313123.932885556,4161808.89507671,0
5599,313123.860566378,4161808.82601196,0
5600,313123.788266831,4161808.75692666,0
5601,313123.715985268,4161808.68782256,0
5602,313123.643719711,4161808.61870172,0
5603,313123.571467976,4161808.54956644,0
5604,313123.499227874,4161808.48041901,0
5605,313123.42699722,4161808.4112617,0
5606,313123.354773825,4161808.3420968,0
5607,313123.282555501,4161808.27292661,0
5608,313123.210340066,4161808.20375341,0
5609,313123.138125651,4161808.13457914,0
5610,313123.065910973,4161808.06540515,0
5611,313122.993694811,4161807.99623271,0
5612,313122.921475944,4161807.9270631,0
5613,313122.84925315,4161807.85789759,0
5614,313122.777025208,4161807.78873746,0
5615,313122.704790897,4161807.71958398,0
5616,313122.632549091,4161807.65043832,0
5617,313122.560299206,4161807.58130111,0
5618,313122.488040847,4161807.51217275,0
5619,313122.415773619,4161807.44305365,0
5620,313122.343497128,4161807.37394425,0
5621,313122.271210978,4161807.30484495,0
5622,313122.198914775,4161807.23575616,0
5623,313122.126608124,4161807.16667831,0
5624,313122.054290667,4161807.09761177,0
5625,313121.98196211,4161807.02855685,0
5626,313121.909622166,4161806.95951387,0
5627,313121.837270547,4161806.89048311,0
5628,313121.764906968,4161806.8214649,0
5629,313121.692531141,4161806.75245954,0
5630,313121.620142778,4161806.68346732,0
5631,313121.547741702,4161806.61448845,0
5632,313121.475328277,4161806.54552254,0
5633,313121.402903042,4161806.47656903,0
5634,313121.330466536,4161806.40762737,0
5635,313121.258019296,4161806.33869698,0
5636,313121.185561861,4161806.2697773,0
5637,313121.113094768,4161806.20086778,0
5638,313121.040618551,4161806.13196786,0
5639,313120.968133511,4161806.06307722,0
5640,313120.895639652,4161805.99419586,0
5641,313120.823136957,4161805.9253238,0
5642,313120.75062541,4161805.85646107,0
5643,313120.678104994,4161805.78760768,0
5644,313120.605575695,4161805.71876364,0
5645,313120.533037495,4161805.64992898,0
5646,313120.460490397,4161805.5811037,0
5647,313120.387934481,4161805.51228772,0
5648,313120.315369846,4161805.44348093,0
5649,313120.24279659,4161805.37468323,0
5650,313120.170214814,4161805.30589452,0
5651,313120.097624615,4161805.23711469,0
5652,313120.025026092,4161805.16834366,0
5653,313119.952419346,4161805.09958131,0
5654,313119.87980459,4161805.03082742,0
5655,313119.807182394,4161804.96208139,0
5656,313119.734553397,4161804.89334254,0
5657,313119.661918237,4161804.82461021,0
5658,313119.58927755,4161804.75588371,0
5659,313119.516631976,4161804.68716238,0
5660,313119.443982151,4161804.61844555,0
5661,313119.371328667,4161804.54973258,0
5662,313119.298671833,4161804.48102316,0
5663,313119.226011857,4161804.41231706,0
5664,313119.153348947,4161804.34361407,0
5665,313119.080683309,4161804.27491396,0
5666,313119.00801515,4161804.20621651,0
5667,313118.935344678,4161804.13752152,0
5668,313118.862672101,4161804.06882875,0
5669,313118.789997591,4161804.00013803,0
5670,313118.717321187,4161803.93144931,0
5671,313118.644642894,4161803.86276259,0
5672,313118.571962716,4161803.79407787,0
5673,313118.499280656,4161803.72539513,0
5674,313118.42659672,4161803.65671438,0
5675,313118.35391091,4161803.58803561,0
5676,313118.281223233,4161803.51935881,0
5677,313118.208533968,4161803.45068369,0
5678,313118.135843991,4161803.38200932,0
5679,313118.063154262,4161803.31333469,0
5680,313117.990465737,4161803.24465879,0
5681,313117.917779374,4161803.17598061,0
5682,313117.845096131,4161803.10729914,0
5683,313117.772416965,4161803.03861336,0
5684,313117.699742507,4161802.96992262,0
5685,313117.627071296,4161802.90122844,0
5686,313117.554401054,4161802.83253324,0
5687,313117.481729498,4161802.76383942,0
5688,313117.409054348,4161802.69514939,0
5689,313117.336373322,4161802.62646555,0
5690,313117.263684138,4161802.55779031,0
5691,313117.190984517,4161802.48912607,0
5692,313117.118272037,4161802.4204754,0
5693,313117.045543341,4161802.35184188,0
5694,313116.972794678,4161802.28322953,0
5695,313116.900022293,4161802.21464238,0
5696,313116.827222435,4161802.14608444,0
5697,313116.754391351,4161802.07755975,0
5698,313116.681525288,4161802.00907231,0
5699,313116.608620493,4161801.94062615,0
5700,313116.535674276,4161801.87222416,0
5701,313116.462688908,4161801.80386393,0
5702,313116.389668104,4161801.73554149,0
5703,313116.316615578,4161801.6672529,0
5704,313116.243535045,4161801.5989942,0
5705,313116.170430222,4161801.53076143,0
5706,313116.097304822,4161801.46255063,0
5707,313116.024163006,4161801.39435737,0
5708,313115.951014075,4161801.32617173,0
5709,313115.877870646,4161801.25798023,0
5710,313115.80474539,4161801.18976934,0
5711,313115.731650979,4161801.12152553,0
5712,313115.658600083,4161801.05323526,0
5713,313115.585605374,4161800.98488502,0
5714,313115.512679523,4161800.91646125,0
5715,313115.439834825,4161800.84795086,0
5716,313115.367077413,4161800.77934747,0
5717,313115.294408406,4161800.71065024,0
5718,313115.221828773,4161800.64185849,0
5719,313115.149339486,4161800.5729715,0
5720,313115.076941515,4161800.50398861,0
5721,313115.004635831,4161800.43490911,0
5722,313114.932423405,4161800.36573233,0
5723,313114.860304478,4161800.29645829,0
5724,313114.788274014,4161800.22709238,0
5725,313114.716324652,4161800.15764234,0
5726,313114.644449021,4161800.08811589,0
5727,313114.572639749,4161800.01852077,0
5728,313114.500889463,4161799.94886473,0
5729,313114.429190793,4161799.87915551,0
5730,313114.357536367,4161799.80940083,0
5731,313114.285919352,4161799.73960787,0
5732,313114.214336918,4161799.66977959,0
5733,313114.142788042,4161799.59991704,0
5734,313114.07127171,4161799.53002125,0
5735,313113.999786907,4161799.46009328,0
5736,313113.92833262,4161799.39013417,0
5737,313113.856907832,4161799.32014496,0
5738,313113.785511527,4161799.25012669,0
5739,313113.714142238,4161799.18008087,0
5740,313113.642797563,4161799.11000996,0
5741,313113.571474983,4161799.03991652,0
5742,313113.500171981,4161798.96980315,0
5743,313113.428886039,4161798.8996724,0
5744,313113.357614638,4161798.82952685,0
5745,313113.28635526,4161798.75936908,0
5746,313113.215105388,4161798.68920167,0
5747,313113.143862725,4161798.61902695,0
5748,313113.072626077,4161798.54884615,0
5749,313113.001394589,4161798.47866013,0
5750,313112.930167409,4161798.40846974,0
5751,313112.858943682,4161798.33827587,0
5752,313112.787722556,4161798.26807936,0
5753,313112.716503177,4161798.19788108,0
5754,313112.64528469,4161798.1276819,0
5755,313112.574066244,4161798.05748269,0
5756,313112.502846984,4161797.98728429,0
5757,313112.431626057,4161797.91708759,0
5758,313112.360402613,4161797.84689343,0
5759,313112.289175887,4161797.7767026,0
5760,313112.217945211,4161797.70651577,0
5761,313112.146709917,4161797.63633363,0
5762,313112.075469343,4161797.56615684,0
5763,313112.00422282,4161797.4959861,0
5764,313111.932969686,4161797.42582206,0
5765,313111.861709273,4161797.35566542,0
5766,313111.79044092,4161797.28551684,0
5767,313111.719164191,4161797.21537677,0
5768,313111.647879043,4161797.14524526,0
5769,313111.576585469,4161797.07512231,0
5770,313111.505283462,4161797.00500794,0
5771,313111.433973016,4161796.93490215,0
5772,313111.362654125,4161796.86480494,0
5773,313111.291326782,4161796.79471634,0
5774,313111.219990981,4161796.72463635,0
5775,313111.148646715,4161796.65456497,0
5776,313111.077293979,4161796.58450222,0
5777,313111.005932765,4161796.51444811,0
5778,313110.934563067,4161796.44440263,0
5779,313110.863184811,4161796.37436588,0
5780,313110.791797714,4161796.30433815,0
5781,313110.720401452,4161796.23431975,0
5782,313110.648995703,4161796.16431104,0
5783,313110.577580144,4161796.09431234,0
5784,313110.506154452,4161796.02432397,0
5785,313110.434718304,4161795.95434628,0
5786,313110.363271384,4161795.88437959,0
5787,313110.29181371,4161795.81442389,0
5788,313110.220345801,4161795.74447864,0
5789,313110.148868217,4161795.67454327,0
5790,313110.077381517,4161795.60461721,0
5791,313110.005886262,4161795.53469991,0
5792,313109.934383011,4161795.46479078,0
5793,313109.862872323,4161795.39488926,0
5794,313109.791354758,4161795.32499477,0
5795,313109.719830816,4161795.25510681,0
5796,313109.648300813,4161795.18522506,0
5797,313109.576765032,4161795.11534923,0
5798,313109.505223757,4161795.04547902,0
5799,313109.433677269,4161794.97561415,0
5800,313109.362125852,4161794.90575432,0
5801,313109.290569789,4161794.83589926,0
5802,313109.219009362,4161794.76604867,0
5803,313109.1474448,4161794.69620231,0
5804,313109.075876204,4161794.62636009,0
5805,313109.004303656,4161794.55652191,0
5806,313108.932727236,4161794.48668771,0
5807,313108.861147029,4161794.41685738,0
5808,313108.789563114,4161794.34703086,0
5809,313108.717975574,4161794.27720805,0
5810,313108.646384491,4161794.20738888,0
5811,313108.574789954,4161794.13757325,0
5812,313108.503192126,4161794.06776099,0
5813,313108.431591208,4161793.99795191,0
5814,313108.359987403,4161793.92814578,0
5815,313108.288380913,4161793.85834241,0
5816,313108.21677194,4161793.78854158,0
5817,313108.145160686,4161793.7187431,0
5818,313108.073547355,4161793.64894675,0
5819,313108.001932146,4161793.57915232,0
5820,313107.930315247,4161793.50935963,0
5821,313107.858696832,4161793.43956849,0
5822,313107.787077072,4161793.36977874,0
5823,313107.715456142,4161793.29999018,0
5824,313107.643834212,4161793.23020265,0
5825,313107.572211457,4161793.16041597,0
5826,313107.500588049,4161793.09062996,0
5827,313107.42896416,4161793.02084444,0
5828,313107.357339947,4161792.95105926,0
5829,313107.285715555,4161792.88127425,0
5830,313107.214091123,4161792.81148929,0
5831,313107.142466794,4161792.74170423,0
5832,313107.070842709,4161792.67191891,0
5833,313106.99921901,4161792.6021332,0
5834,313106.927595838,4161792.53234694,0
5835,313106.855973334,4161792.46256001,0
5836,313106.784351614,4161792.39277226,0
5837,313106.712730689,4161792.3229837,0
5838,313106.641110541,4161792.25319434,0
5839,313106.569491154,4161792.18340421,0
5840,313106.497872511,4161792.1136133,0
5841,313106.426254596,4161792.04382165,0
5842,313106.354637392,4161791.97402928,0
5843,313106.283020881,4161791.90423619,0
5844,313106.211405032,4161791.83444242,0
5845,313106.139789695,4161791.76464812,0
5846,313106.068174665,4161791.69485351,0
5847,313105.996559743,4161791.62505879,0
5848,313105.924944723,4161791.55526417,0
5849,313105.853329404,4161791.48546986,0
5850,313105.781713584,4161791.41567606,0
5851,313105.710097059,4161791.34588299,0
5852,313105.638479643,4161791.27609083,0
5853,313105.566861378,4161791.20629954,0
5854,313105.495242482,4161791.1365089,0
5855,313105.423623178,4161791.06671867,0
5856,313105.352003689,4161790.99692864,0
5857,313105.280384236,4161790.92713857,0
5858,313105.208765043,4161790.85734823,0
5859,313105.137146333,4161790.7875574,0
5860,313105.065528326,4161790.71776584,0
5861,313104.993911123,4161790.64797346,0
5862,313104.922294627,4161790.57818036,0
5863,313104.850678724,4161790.50838664,0
5864,313104.779063299,4161790.43859244,0
5865,313104.707448238,4161790.36879786,0
5866,313104.635833426,4161790.29900303,0
5867,313104.564218749,4161790.22920806,0
5868,313104.492604091,4161790.15941307,0
5869,313104.420989366,4161790.08961815,0
5870,313104.349374689,4161790.01982317,0
5871,313104.277760273,4161789.95002793,0
5872,313104.206146334,4161789.88023221,0
5873,313104.134533083,4161789.81043577,0
5874,313104.062920736,4161789.74063841,0
5875,313103.991309506,4161789.6708399,0
5876,313103.919699606,4161789.60104003,0
5877,313103.848091229,4161789.53123859,0
5878,313103.776484321,4161789.46143565,0
5879,313103.704878679,4161789.39163141,0
5880,313103.633274096,4161789.32182608,0
5881,313103.561670366,4161789.25201988,0
5882,313103.490067284,4161789.18221301,0
5883,313103.418464642,4161789.1124057,0
5884,313103.346862234,4161789.04259814,0
5885,313103.275259855,4161788.97279055,0
5886,313103.203657347,4161788.90298309,0
5887,313103.132054773,4161788.83317571,0
5888,313103.060452256,4161788.76336826,0
5889,313102.988849922,4161788.69356063,0
5890,313102.917247894,4161788.62375268,0
5891,313102.845646297,4161788.55394429,0
5892,313102.774045254,4161788.48413533,0
5893,313102.702444892,4161788.41432567,0
5894,313102.630845326,4161788.3445152,0
5895,313102.559246576,4161788.27470389,0
5896,313102.487648585,4161788.2048918,0
5897,313102.416051295,4161788.135079,0
5898,313102.344454647,4161788.06526553,0
5899,313102.272858584,4161787.99545146,0
5900,313102.201263046,4161787.92563686,0
5901,313102.129667976,4161787.85582178,0
5902,313102.058073318,4161787.78600627,0
5903,313101.98647905,4161787.71619036,0
5904,313101.914885156,4161787.64637407,0
5905,313101.843291626,4161787.57655741,0
5906,313101.771698444,4161787.50674039,0
5907,313101.7001056,4161787.43692302,0
5908,313101.628513078,4161787.36710533,0
5909,313101.556920867,4161787.29728731,0
5910,313101.485328953,4161787.22746899,0
5911,313101.41373733,4161787.15765037,0
5912,313101.342146029,4161787.08783142,0
5913,313101.270555096,4161787.0180121,0
5914,313101.198964574,4161786.94819235,0
5915,313101.127374507,4161786.87837213,0
5916,313101.055784941,4161786.80855141,0
5917,313100.984195918,4161786.73873012,0
5918,313100.912607483,4161786.66890823,0
5919,313100.841019666,4161786.59908571,0
5920,313100.769432429,4161786.5292626,0
5921,313100.697845718,4161786.45943894,0
5922,313100.626259477,4161786.3896148,0
5923,313100.554673651,4161786.31979024,0
5924,313100.483088185,4161786.24996531,0
5925,313100.411503025,4161786.18014007,0
5926,313100.339918114,4161786.11031457,0
5927,313100.268333401,4161786.04048886,0
5928,313100.196748875,4161785.97066297,0
5929,313100.125164561,4161785.90083685,0
5930,313100.053580485,4161785.8310105,0
5931,313099.981996671,4161785.76118387,0
5932,313099.910413145,4161785.69135695,0
5933,313099.838829934,4161785.62152971,0
5934,313099.767247062,4161785.55170212,0
5935,313099.695664556,4161785.48187415,0
5936,313099.624082433,4161785.41204579,0
5937,313099.552500707,4161785.34221703,0
5938,313099.48091939,4161785.27238784,0
5939,313099.409338496,4161785.20255822,0
5940,313099.337758036,4161785.13272816,0
5941,313099.266178024,4161785.06289764,0
5942,313099.194598471,4161784.99306665,0
5943,313099.123019391,4161784.92323517,0
5944,313099.051440774,4161784.85340321,0
5945,313098.979862573,4161784.78357084,0
5946,313098.908284733,4161784.71373809,0
5947,313098.836707205,4161784.64390502,0
5948,313098.765129935,4161784.57407169,0
5949,313098.69355287,4161784.50423814,0
5950,313098.62197596,4161784.43440444,0
5951,313098.550399149,4161784.36457064,0
5952,313098.47882235,4161784.29473682,0
5953,313098.40724545,4161784.22490311,0
5954,313098.335668336,4161784.15506961,0
5955,313098.264090895,4161784.08523646,0
5956,313098.192513012,4161784.01540375,0
5957,313098.120934574,4161783.94557162,0
5958,313098.049355469,4161783.87574016,0
5959,313097.977775587,4161783.80590951,0
5960,313097.906194973,4161783.7360796,0
5961,313097.834613836,4161783.66625023,0
5962,313097.763032395,4161783.59642117,0
5963,313097.691450868,4161783.52659221,0
5964,313097.619869474,4161783.4567631,0
5965,313097.548288431,4161783.38693363,0
5966,313097.476707957,4161783.31710359,0
5967,313097.405128265,4161783.24727273,0
5968,313097.333549424,4161783.17744101,0
5969,313097.261971344,4161783.10760851,0
5970,313097.190393931,4161783.03777532,0
5971,313097.118817089,4161782.96794155,0
5972,313097.047240723,4161782.89810729,0
5973,313096.975664736,4161782.82827264,0
5974,313096.904089035,4161782.7584377,0
5975,313096.832513521,4161782.68860257,0
5976,313096.760938072,4161782.61876737,0
5977,313096.689362553,4161782.54893224,0
5978,313096.617786829,4161782.47909732,0
5979,313096.546210764,4161782.40926275,0
5980,313096.474634223,4161782.33942867,0
5981,313096.403057071,4161782.26959522,0
5982,313096.331479172,4161782.19976253,0
5983,313096.259900399,4161782.12993074,0
5984,313096.188320764,4161782.06009983,0
5985,313096.116740418,4161781.99026965,0
5986,313096.045159513,4161781.92044004,0
5987,313095.973578205,4161781.85061085,0
5988,313095.901996647,4161781.78078191,0
5989,313095.830414993,4161781.71095307,0
5990,313095.758833397,4161781.64112417,0
5991,313095.687252005,4161781.57129506,0
5992,313095.615670888,4161781.50146567,0
5993,313095.544090085,4161781.43163596,0
5994,313095.472509631,4161781.36180589,0
5995,313095.400929563,4161781.29197543,0
5996,313095.329349917,4161781.22214453,0
5997,313095.257770729,4161781.15231316,0
5998,313095.186192035,4161781.08248129,0
5999,313095.114613797,4161781.01264895,0
6000,313095.043035892,4161780.94281627,0
6001,313094.971458186,4161780.87298338,0
6002,313094.899880551,4161780.80315042,0
6003,313094.828302853,4161780.73331753,0
6004,313094.756724963,4161780.66348483,0
6005,313094.685146749,4161780.59365246,0
6006,313094.613568082,4161780.52382056,0
6007,313094.541988953,4161780.45398913,0
6008,313094.470409542,4161780.38415799,0
6009,313094.398830048,4161780.31432694,0
6010,313094.327250665,4161780.24449578,0
6011,313094.25567159,4161780.17466429,0
6012,313094.184093021,4161780.10483229,0
6013,313094.112515154,4161780.03499957,0
6014,313094.040938175,4161779.96516594,0
6015,313093.969362152,4161779.89533133,0
6016,313093.897787083,4161779.82549574,0
6017,313093.82621296,4161779.75565918,0
6018,313093.754639778,4161779.68582166,0
6019,313093.683067532,4161779.61598317,0
6020,313093.611496215,4161779.54614374,0
6021,313093.539925821,4161779.47630336,0
6022,313093.46835628,4161779.4064621,0
6023,313093.396787428,4161779.33662014,0
6024,313093.325219095,4161779.26677765,0
6025,313093.25365111,4161779.1969348,0
6026,313093.182083301,4161779.12709177,0
6027,313093.110515497,4161779.05724874,0
6028,313093.038947528,4161778.98740587,0
6029,313092.967379233,4161778.91756334,0
6030,313092.89581061,4161778.84772115,0
6031,313092.824241778,4161778.77787917,0
6032,313092.752672859,4161778.70803728,0
6033,313092.681103975,4161778.63819535,0
6034,313092.60953525,4161778.56835326,0
6035,313092.537966805,4161778.49851088,0
6036,313092.466398763,4161778.42866809,0
6037,313092.39483123,4161778.35882478,0
6038,313092.323264222,4161778.28898093,0
6039,313092.251697719,4161778.21913656,0
6040,313092.180131703,4161778.14929169,0
6041,313092.108566153,4161778.07944635,0
6042,313092.037001051,4161778.00960055,0
6043,313091.965436378,4161777.93975431,0
6044,313091.893872111,4161777.86990765,0
6045,313091.822308123,4161777.8000607,0
6046,313091.750744134,4161777.73021376,0
6047,313091.679179859,4161777.66036711,0
6048,313091.60761501,4161777.59052105,0
6049,313091.5360493,4161777.52067587,0
6050,313091.464482441,4161777.45083186,0
6051,313091.392914146,4161777.38098933,0
6052,313091.32134415,4161777.31114855,0
6053,313091.24977259,4161777.24130936,0
6054,313091.178199945,4161777.17147129,0
6055,313091.106626704,4161777.10163382,0
6056,313091.035053359,4161777.03179647,0
6057,313090.9634804,4161776.96195872,0
6058,313090.891908317,4161776.89212007,0
6059,313090.820337601,4161776.82228002,0
6060,313090.74876867,4161776.75243814,0
6061,313090.67720131,4161776.68259465,0
6062,313090.605634979,4161776.6127501,0
6063,313090.534069132,4161776.54290506,0
6064,313090.462503224,4161776.47306009,0
6065,313090.39093671,4161776.40321573,0
6066,313090.319369044,4161776.33337256,0
6067,313090.247799688,4161776.26353111,0
6068,313090.176228377,4161776.19369167,0
6069,313090.104655269,4161776.12385407,0
6070,313090.033080558,4161776.05401812,0
6071,313089.961504437,4161775.98418361,0
6072,313089.8899271,4161775.91435034,0
6073,313089.818348739,4161775.84451813,0
6074,313089.746769547,4161775.77468676,0
6075,313089.675189717,4161775.70485605,0
6076,313089.60360938,4161775.63502586,0
6077,313089.532028599,4161775.56519613,0
6078,313089.460447433,4161775.49536679,0
6079,313089.388865941,4161775.42553779,0
6080,313089.317284183,4161775.35570905,0
6081,313089.245702216,4161775.28588053,0
6082,313089.174120101,4161775.21605217,0
6083,313089.102537896,4161775.14622389,0
6084,313089.0309556,4161775.07639571,0
6085,313088.959373137,4161775.0065677,0
6086,313088.887790421,4161774.93673995,0
6087,313088.816207366,4161774.86691255,0
6088,313088.744623889,4161774.79708558,0
6089,313088.673039904,4161774.72725913,0
6090,313088.601455326,4161774.65743329,0
6091,313088.529870071,4161774.58760814,0
6092,313088.458284059,4161774.51778377,0
6093,313088.386697211,4161774.44796025,0
6094,313088.315109449,4161774.37813767,0
6095,313088.243520696,4161774.30831611,0
6096,313088.171930872,4161774.23849565,0
6097,313088.100339899,4161774.16867636,0
6098,313088.028747699,4161774.09885834,0
6099,313087.957154209,4161774.02904163,0
6100,313087.885559478,4161773.9592262,0
6101,313087.813963605,4161773.88941194,0
6102,313087.742366689,4161773.81959875,0
6103,313087.670768828,4161773.74978653,0
6104,313087.59917012,4161773.67997517,0
6105,313087.527570664,4161773.61016459,0
6106,313087.455970559,4161773.54035467,0
6107,313087.384369899,4161773.47054532,0
6108,313087.312768748,4161773.40073647,0
6109,313087.241167156,4161773.33092807,0
6110,313087.169565174,4161773.26112008,0
6111,313087.097962853,4161773.19131243,0
6112,313087.026360244,4161773.12150508,0
6113,313086.954757398,4161773.05169797,0
6114,313086.883154363,4161772.98189106,0
6115,313086.811551109,4161772.91208436,0
6116,313086.739947472,4161772.84227807,0
6117,313086.668343273,4161772.77247235,0
6118,313086.596738334,4161772.70266738,0
6119,313086.525132477,4161772.63286336,0
6120,313086.453525525,4161772.56306047,0
6121,313086.3819173,4161772.49325888,0
6122,313086.310307625,4161772.42345877,0
6123,313086.238696487,4161772.35366017,0
6124,313086.167084213,4161772.28386273,0
6125,313086.095471167,4161772.21406609,0
6126,313086.023857716,4161772.14426986,0
6127,313085.952244225,4161772.07447367,0
6128,313085.88063106,4161772.00467715,0
6129,313085.809018587,4161771.93487991,0
6130,313085.737407172,4161771.8650816,0
6131,313085.665797002,4161771.795282,0
6132,313085.59418784,4161771.72548137,0
6133,313085.522579383,4161771.65568002,0
6134,313085.450971329,4161771.58587825,0
6135,313085.379363376,4161771.51607638,0
6136,313085.307755221,4161771.44627472,0
6137,313085.236146562,4161771.37647357,0
6138,313085.164537098,4161771.30667325,0
6139,313085.092926552,4161771.23687404,0
6140,313085.021314985,4161771.16707588,0
6141,313084.949702694,4161771.09727846,0
6142,313084.878089977,4161771.02748148,0
6143,313084.806477136,4161770.95768462,0
6144,313084.734864471,4161770.88788759,0
6145,313084.663252283,4161770.81809006,0
6146,313084.591640871,4161770.74829174,0
6147,313084.520030442,4161770.67849241,0
6148,313084.44842087,4161770.6086922,0
6149,313084.376811956,4161770.53889132,0
6150,313084.3052035,4161770.46908996,0
6151,313084.233595301,4161770.39928834,0
6152,313084.161987162,4161770.32948667,0
6153,313084.090378881,4161770.25968513,0
6154,313084.01877026,4161770.18988395,0
6155,313083.947161151,4161770.12008326,0
6156,313083.875551772,4161770.05028286,0
6157,313083.803942494,4161769.98048234,0
6158,313083.73233369,4161769.91068135,0
6159,313083.660725731,4161769.84087948,0
6160,313083.58911899,4161769.77107637,0
6161,313083.517513839,4161769.70127163,0
6162,313083.445910648,4161769.63146487,0
6163,313083.374309592,4161769.56165593,0
6164,313083.302710469,4161769.491845,0
6165,313083.231113036,4161769.42203234,0
6166,313083.159517047,4161769.3522182,0
6167,313083.08792226,4161769.28240283,0
6168,313083.01632843,4161769.21258647,0
6169,313082.944735313,4161769.14276938,0
6170,313082.873142666,4161769.07295181,0
6171,313082.801550237,4161769.00313402,0
6172,313082.729957706,4161768.93331633,0
6173,313082.658364707,4161768.86349912,0
6174,313082.586770875,4161768.79368276,0
6175,313082.515175845,4161768.72386764,0
6176,313082.443579251,4161768.65405411,0
6177,313082.371980729,4161768.58424257,0
6178,313082.300379914,4161768.51443339,0
6179,313082.228776531,4161768.44462683,0
6180,313082.157170756,4161768.37482274,0
6181,313082.085562898,4161768.30502078,0
6182,313082.013953268,4161768.23522063,0
6183,313081.942342177,4161768.16542198,0
6184,313081.870729935,4161768.09562451,0
6185,313081.799116852,4161768.02582789,0
6186,313081.72750324,4161767.95603181,0
6187,313081.655889437,4161767.88623591,0
6188,313081.584275829,4161767.81643982,0
6189,313081.512662803,4161767.74664313,0
6190,313081.441050746,4161767.67684546,0
6191,313081.369440047,4161767.6070464,0
6192,313081.297831093,4161767.53724558,0
6193,313081.226224272,4161767.46744259,0
6194,313081.154619948,4161767.39763706,0
6195,313081.083017677,4161767.32782946,0
6196,313081.011416052,4161767.25802119,0
6197,313080.939813611,4161767.18821374,0
6198,313080.868208892,4161767.1184086,0
6199,313080.796600433,4161767.04860724,0
6200,313080.72498677,4161766.97881114,0
6201,313080.653366443,4161766.90902179,0
6202,313080.581738374,4161766.83924028,0
6203,313080.510105671,4161766.76946343,0
6204,313080.438473999,4161766.69968549,0
6205,313080.366849058,4161766.62990064,0
6206,313080.295236551,4161766.56010309,0
6207,313080.223642179,4161766.49028703,0
6208,313080.152071643,4161766.42044666,0
6209,313080.080530644,4161766.35057617,0
6210,313080.009024884,4161766.28066977,0
6211,313079.937560064,4161766.21072164,0
6212,313079.866141886,4161766.14072598,0
6213,313079.794775962,4161766.07067708,0
6214,313079.723463596,4161766.00057362,0
6215,313079.65219992,4161765.93042055,0
6216,313079.580979593,4161765.86022334,0
6217,313079.509797273,4161765.78998741,0
6218,313079.438647619,4161765.71971823,0
6219,313079.367525288,4161765.64942123,0
6220,313079.296424939,4161765.57910186,0
6221,313079.225341225,4161765.50876558,0
6222,313079.154268069,4161765.43841858,0
6223,313079.083197889,4161765.36806857,0
6224,313079.012122919,4161765.29772345,0
6225,313078.94103539,4161765.22739112,0
6226,313078.869927536,4161765.15707949,0
6227,313078.798791591,4161765.08679646,0
6228,313078.727619786,4161765.01654993,0
6229,313078.656404355,4161764.94634781,0
6230,313078.585137532,4161764.87619799,0
6231,313078.513811548,4161764.80610837,0
6232,313078.442418638,4161764.73608687,0
6233,313078.37095169,4161764.66614073,0
6234,313078.299408373,4161764.59627249,0
6235,313078.227788457,4161764.52648259,0
6236,313078.156091727,4161764.45677149,0
6237,313078.084317963,4161764.38713961,0
6238,313078.012466949,4161764.31758741,0
6239,313077.940538467,4161764.24811533,0
6240,313077.86853238,4161764.17872372,0
6241,313077.796449428,4161764.109412,0
6242,313077.724290878,4161764.04017901,0
6243,313077.652058007,4161763.97102358,0
6244,313077.579752091,4161763.90194456,0
6245,313077.507374406,4161763.83294077,0
6246,313077.434926228,4161763.76401107,0
6247,313077.362408834,4161763.69515427,0
6248,313077.289823872,4161763.62636881,0
6249,313077.217174767,4161763.55765115,0
6250,313077.144465472,4161763.48899715,0
6251,313077.071699939,4161763.42040268,0
6252,313076.998882119,4161763.35186363,0
6253,313076.926015965,4161763.28337587,0
6254,313076.853105429,4161763.21493526,0
6255,313076.780154464,4161763.14653768,0
6256,313076.707167022,4161763.078179,0
6257,313076.634147054,4161763.00985511,0
6258,313076.561098502,4161762.94156187,0
6259,313076.488024209,4161762.87329631,0
6260,313076.414924977,4161762.80505759,0
6261,313076.341801389,4161762.73684506,0
6262,313076.268654028,4161762.66865809,0
6263,313076.195483476,4161762.60049606,0
6264,313076.122290316,4161762.53235834,0
6265,313076.04907513,4161762.46424428,0
6266,313075.975838529,4161762.39615325,0
6267,313075.902581517,4161762.32808415,0
6268,313075.829305383,4161762.26003561,0
6269,313075.756011426,4161762.19200623,0
6270,313075.682700944,4161762.12399464,0
6271,313075.609375236,4161762.05599944,0
6272,313075.536035598,4161761.98801925,0
6273,313075.46268333,4161761.92005267,0
6274,313075.389319729,4161761.85209832,0
6275,313075.315946092,4161761.7841548,0
6276,313075.242563719,4161761.71622074,0
6277,313075.169173853,4161761.6482948,0
6278,313075.095777354,4161761.58037604,0
6279,313075.022374903,4161761.51246374,0
6280,313074.948967183,4161761.44455714,0
6281,313074.875554878,4161761.37665551,0
6282,313074.80213867,4161761.30875811,0
6283,313074.728719241,4161761.24086418,0
6284,313074.655297218,4161761.17297305,0
6285,313074.581873041,4161761.10508425,0
6286,313074.50844711,4161761.03719734,0
6287,313074.435019827,4161760.96931189,0
6288,313074.361591592,4161760.90142747,0
6289,313074.288162805,4161760.83354364,0
6290,313074.214733868,4161760.76565997,0
6291,313074.14130519,4161760.69777603,0
6292,313074.067877347,4161760.62989118,0
6293,313073.994451058,4161760.56200466,0
6294,313073.921027052,4161760.49411567,0
6295,313073.847606054,4161760.42622342,0
6296,313073.77418879,4161760.35832714,0
6297,313073.700775986,4161760.29042603,0
6298,313073.627368223,4161760.22251948,0
6299,313073.553965501,4161760.15460748,0
6300,313073.480567682,4161760.08669017,0
6301,313073.407174627,4161760.01876772,0
6302,313073.333786196,4161759.95084027,0
6303,313073.260402249,4161759.88290797,0
6304,313073.187022648,4161759.81497098,0
6305,313073.11364727,4161759.74702943,0
6306,313073.040276341,4161759.67908307,0
6307,313072.966910399,4161759.61113133,0
6308,313072.893549989,4161759.54317362,0
6309,313072.82019566,4161759.47520934,0
6310,313072.74684796,4161759.40723792,0
6311,313072.673507435,4161759.33925875,0
6312,313072.600174569,4161759.27127132,0
6313,313072.526849267,4161759.20327573,0
6314,313072.453531128,4161759.13527242,0
6315,313072.380219749,4161759.06726181,0
6316,313072.306914726,4161758.99924436,0
6317,313072.233615656,4161758.93122049,0
6318,313072.160322136,4161758.86319064,0
6319,313072.087033784,4161758.79515522,0
6320,313072.013750585,4161758.72711425,0
6321,313071.940472824,4161758.65906743,0
6322,313071.867200795,4161758.59101444,0
6323,313071.793934791,4161758.52295496,0
6324,313071.720675106,4161758.45488868,0
6325,313071.64742195,4161758.38681537,0
6326,313071.574175126,4161758.31873525,0
6327,313071.500934313,4161758.25064866,0
6328,313071.42769919,4161758.18255595,0
6329,313071.354469435,4161758.11445747,0
6330,313071.281244728,4161758.04635356,0
6331,313071.208024793,4161757.97824452,0
6332,313071.134809543,4161757.91013044,0
6333,313071.061598937,4161757.84201138,0
6334,313070.988392936,4161757.77388736,0
6335,313070.9151915,4161757.70575844,0
6336,313070.841994588,4161757.63762466,0
6337,313070.768802161,4161757.56948606,0
6338,313070.695614169,4161757.50134269,0
6339,313070.62243046,4161757.43319473,0
6340,313070.549250819,4161757.3650424,0
6341,313070.47607503,4161757.29688593,0
6342,313070.402902876,4161757.22872556,0
6343,313070.329734142,4161757.16056152,0
6344,313070.256568612,4161757.09239404,0
6345,313070.183406081,4161757.02422334,0
6346,313070.110246407,4161756.95604958,0
6347,313070.037089463,4161756.88787288,0
6348,313069.963935123,4161756.8196934,0
6349,313069.890783262,4161756.75151125,0
6350,313069.817633754,4161756.68332658,0
6351,313069.744486473,4161756.61513952,0
6352,313069.67134129,4161756.5469502,0
6353,313069.598198067,4161756.47875879,0
6354,313069.525056664,4161756.41056542,0
6355,313069.451916943,4161756.34237025,0
6356,313069.378778764,4161756.27417343,0
6357,313069.305641987,4161756.2059751,0
6358,313069.232506474,4161756.13777542,0
6359,313069.159372106,4161756.06957451,0
6360,313069.086238783,4161756.00137248,0
6361,313069.013106407,4161755.93316943,0
6362,313068.939974879,4161755.86496547,0
6363,313068.866844101,4161755.79676071,0
6364,313068.793713972,4161755.72855526,0
6365,313068.720584396,4161755.66034921,0
6366,313068.647455276,4161755.59214267,0
6367,313068.574326518,4161755.52393574,0
6368,313068.501198029,4161755.45572853,0
6369,313068.428069714,4161755.38752113,0
6370,313068.35494148,4161755.31931364,0
6371,313068.281813232,4161755.25110617,0
6372,313068.208684889,4161755.1828988,0
6373,313068.135556436,4161755.11469154,0
6374,313068.062427873,4161755.04648441,0
6375,313067.989299201,4161754.97827739,0
6376,313067.916170422,4161754.91007049,0
6377,313067.843041537,4161754.8418637,0
6378,313067.769912542,4161754.77365703,0
6379,313067.696783283,4161754.70545064,0
6380,313067.62365344,4161754.63724488,0
6381,313067.550522688,4161754.56904009,0
6382,313067.477390701,4161754.50083662,0
6383,313067.404257152,4161754.43263483,0
6384,313067.331121715,4161754.36443507,0
6385,313067.257984105,4161754.29623763,0
6386,313067.184844216,4161754.22804264,0
6387,313067.111701986,4161754.15985016,0
6388,313067.038557353,4161754.09166026,0
6389,313066.965410255,4161754.02347301,0
6390,313066.892260629,4161753.95528846,0
6391,313066.819108428,4161753.88710668,0
6392,313066.745953971,4161753.81892732,0
6393,313066.672797969,4161753.75074961,0
6394,313066.599641152,4161753.68257278,0
6395,313066.52648425,4161753.61439604,0
6396,313066.453327994,4161753.54621861,0
6397,313066.380173113,4161753.4780397,0
6398,313066.307020242,4161753.40985864,0
6399,313066.233869436,4161753.34167536,0
6400,313066.16072054,4161753.27349003,0
6401,313066.087573397,4161753.20530282,0
6402,313066.014427854,4161753.13711389,0
6403,313065.941283754,4161753.06892342,0
6404,313065.868140941,4161753.00073157,0
6405,313065.794999279,4161752.93253849,0
6406,313065.721858664,4161752.86434428,0
6407,313065.648718997,4161752.79614906,0
6408,313065.575580181,4161752.72795292,0
6409,313065.502442116,4161752.65975597,0
6410,313065.429304704,4161752.59155831,0
6411,313065.356167818,4161752.52336009,0
6412,313065.283031137,4161752.45516164,0
6413,313065.209894262,4161752.3869634,0
6414,313065.136756793,4161752.31876581,0
6415,313065.063618329,4161752.25056929,0
6416,313064.990478471,4161752.18237429,0
6417,313064.917336825,4161752.11418123,0
6418,313064.844193336,4161752.04599017,0
6419,313064.771048414,4161751.97780064,0
6420,313064.697902501,4161751.90961216,0
6421,313064.624756041,4161751.84142423,0
6422,313064.551609475,4161751.77323635,0
6423,313064.478463246,4161751.70504804,0
6424,313064.405318593,4161751.63685795,0
6425,313064.332182516,4161751.56865864,0
6426,313064.259064554,4161751.50043993,0
6427,313064.185974257,4161751.43219167,0
6428,313064.112921174,4161751.3639037,0
6429,313064.039914855,4161751.29556584,0
6430,313063.966964851,4161751.22716793,0
6431,313063.894077667,4161751.15870306,0
6432,313063.821248521,4161751.09017636,0
6433,313063.748470019,4161751.02159576,0
6434,313063.675734766,4161750.95296919,0
6435,313063.603035367,4161750.88430457,0
6436,313063.530364429,4161750.81560982,0
6437,313063.457714608,4161750.74689283,0
6438,313063.385080402,4161750.67815944,0
6439,313063.312458575,4161750.60941305,0
6440,313063.239846034,4161750.54065689,0
6441,313063.167239683,4161750.47189418,0
6442,313063.094636428,4161750.40312817,0
6443,313063.022033172,4161750.33436209,0
6444,313062.949426457,4161750.26559955,0
6445,313062.876807725,4161750.19684964,0
6446,313062.804164681,4161750.12812543,0
6447,313062.731484942,4161750.0594401,0
6448,313062.658756123,4161749.99080683,0
6449,313062.585965844,4161749.92223878,0
6450,313062.513101719,4161749.85374913,0
6451,313062.440152278,4161749.78535012,0
6452,313062.367111737,4161749.7170482,0
6453,313062.293976506,4161749.6488476,0
6454,313062.220742999,4161749.58075252,0
6455,313062.147407632,4161749.51276718,0
6456,313062.073966819,4161749.44489578,0
6457,313062.000416987,4161749.37714253,0
6458,313061.926756296,4161749.30950977,0
6459,313061.852986332,4161749.24199615,0
6460,313061.779109087,4161749.17459991,0
6461,313061.70512655,4161749.10731926,0
6462,313061.631040713,4161749.04015243,0
6463,313061.556853567,4161748.97309764,0
6464,313061.482567235,4161748.90615298,0
6465,313061.408186783,4161748.83931306,0
6466,313061.333720132,4161748.77256921,0
6467,313061.25917532,4161748.70591258,0
6468,313061.184560387,4161748.63933434,0
6469,313061.109883373,4161748.57282566,0
6470,313061.035152318,4161748.50637769,0
6471,313060.960374922,4161748.43998199,0
6472,313060.885555035,4161748.37363431,0
6473,313060.810694052,4161748.3073331,0
6474,313060.735793327,4161748.24107686,0
6475,313060.660854216,4161748.17486408,0
6476,313060.585878075,4161748.10869326,0
6477,313060.510866259,4161748.04256289,0
6478,313060.435820296,4161747.97647128,0
6479,313060.360742517,4161747.91041579,0
6480,313060.285635491,4161747.84439354,0
6481,313060.210501785,4161747.77840162,0
6482,313060.135343967,4161747.71243714,0
6483,313060.060164603,4161747.64649721,0
6484,313059.984966262,4161747.58057892,0
6485,313059.909751351,4161747.51467957,0
6486,313059.834521333,4161747.4487975,0
6487,313059.759277325,4161747.38293141,0
6488,313059.684020444,4161747.31708005,0
6489,313059.608751806,4161747.25124213,0
6490,313059.533472526,4161747.18541638,0
6491,313059.458183723,4161747.11960153,0
6492,313059.382886482,4161747.05379632,0
6493,313059.307581759,4161746.98799968,0
6494,313059.232270477,4161746.92221054,0
6495,313059.156953557,4161746.85642786,0
6496,313059.081631921,4161746.79065056,0
6497,313059.006306493,4161746.72487762,0
6498,313058.930978192,4161746.65910796,0
6499,313058.855648022,4161746.59334044,0
6500,313058.780317237,4161746.52757363,0
6501,313058.704987139,4161746.46180603,0
6502,313058.629659031,4161746.39603616,0
6503,313058.554334216,4161746.33026252,0
6504,313058.479013996,4161746.26448362,0
6505,313058.403699674,4161746.19869796,0
6506,313058.328392443,4161746.13290419,0
6507,313058.25309263,4161746.06710192,0
6508,313058.177800153,4161746.00129126,0
6509,313058.102514928,4161745.9354723,0
6510,313058.027236871,4161745.86964514,0
6511,313057.951965899,4161745.80380988,0
6512,313057.876701928,4161745.73796662,0
6513,313057.801445008,4161745.67211529,0
6514,313057.726195486,4161745.60625551,0
6515,313057.650953752,4161745.54038684,0
6516,313057.575720192,4161745.47450883,0
6517,313057.500495196,4161745.40862104,0
6518,313057.425279151,4161745.34272304,0
6519,313057.350072446,4161745.27681438,0
6520,313057.274875209,4161745.21089491,0
6521,313057.199686999,4161745.14496515,0
6522,313057.1245073,4161745.07902569,0
6523,313057.049335593,4161745.01307711,0
6524,313056.974171362,4161744.94712001,0
6525,313056.89901409,4161744.88115497,0
6526,313056.823863259,4161744.8151826,0
6527,313056.74871848,4161744.74920334,0
6528,313056.673579824,4161744.68321711,0
6529,313056.598447474,4161744.61722369,0
6530,313056.523321607,4161744.5512229,0
6531,313056.448202403,4161744.48521453,0
6532,313056.373090043,4161744.41919837,0
6533,313056.297984705,4161744.35317422,0
6534,313056.222886568,4161744.28714187,0
6535,313056.147795812,4161744.22110114,0
6536,313056.072712611,4161744.15505181,0
6537,313055.997637142,4161744.0889937,0
6538,313055.922569583,4161744.02292659,0
6539,313055.847510109,4161743.95685031,0
6540,313055.772458898,4161743.89076463,0
6541,313055.697416106,4161743.8246694,0
6542,313055.622381757,4161743.75856458,0
6543,313055.547355822,4161743.69245021,0
6544,313055.472338268,4161743.62632633,0
6545,313055.397329064,4161743.56019298,0
6546,313055.322328178,4161743.4940502,0
6547,313055.247335579,4161743.42789802,0
6548,313055.172351214,4161743.36173651,0
6549,313055.097374788,4161743.295566,0
6550,313055.022405845,4161743.22938702,0
6551,313054.94744393,4161743.16320007,0
6552,313054.872488586,4161743.09700569,0
6553,313054.797539356,4161743.03080438,0
6554,313054.722595784,4161742.96459666,0
6555,313054.647657417,4161742.89838306,0
6556,313054.572723879,4161742.83216399,0
6557,313054.497794859,4161742.76593981,0
6558,313054.422870047,4161742.69971086,0
6559,313054.347949133,4161742.63347751,0
6560,313054.273031808,4161742.5672401,0
6561,313054.198117762,4161742.50099899,0
6562,313054.123206685,4161742.43475451,0
6563,313054.048298288,4161742.368507,0
6564,313053.973392313,4161742.30225676,0
6565,313053.898488503,4161742.23600407,0
6566,313053.823586603,4161742.16974922,0
6567,313053.748686355,4161742.1034925,0
6568,313053.673787504,4161742.0372342,0
6569,313053.598889795,4161741.97097461,0
6570,313053.523993076,4161741.9047139,0
6571,313053.4490977,4161741.83845167,0
6572,313053.374204164,4161741.77218736,0
6573,313053.299312969,4161741.70592041,0
6574,313053.224424612,4161741.63965025,0
6575,313053.149539594,4161741.57337632,0
6576,313053.074658412,4161741.50709805,0
6577,313052.999781472,4161741.44081499,0
6578,313052.924908409,4161741.37452756,0
6579,313052.850038488,4161741.30823657,0
6580,313052.775170972,4161741.24194286,0
6581,313052.700305125,4161741.17564728,0
6582,313052.625440209,4161741.10935064,0
6583,313052.550575486,4161741.04305378,0
6584,313052.475710224,4161740.97675753,0
6585,313052.400843884,4161740.9104625,0
6586,313052.325976235,4161740.84416895,0
6587,313052.251107072,4161740.77787711,0
6588,313052.176236189,4161740.71158721,0
6589,313052.101363382,4161740.64529949,0
6590,313052.026488444,4161740.57901416,0
6591,313051.951611171,4161740.51273147,0
6592,313051.876731347,4161740.44645166,0
6593,313051.801848722,4161740.38017501,0
6594,313051.726963037,4161740.31390182,0
6595,313051.652074031,4161740.24763239,0
6596,313051.577181445,4161740.18136701,0
6597,313051.502285019,4161740.11510598,0
6598,313051.427384494,4161740.04884959,0
6599,313051.352479694,4161739.98259804,0
6600,313051.277571936,4161739.91634985,0
6601,313051.20266382,4161739.85010207,0
6602,313051.12775799,4161739.78385169,0
6603,313051.052857086,4161739.71759572,0
6604,313050.977963753,4161739.65133117,0
6605,313050.903080634,4161739.58505504,0
6606,313050.828210371,4161739.51876433,0
6607,313050.753356076,4161739.45245553,0
6608,313050.678521893,4161739.38612403,0
6609,313050.603712106,4161739.31976503,0
6610,313050.528931001,4161739.25337377,0
6611,313050.454182862,4161739.18694547,0
6612,313050.379471974,4161739.12047534,0
6613,313050.304802622,4161739.05395862,0
6614,313050.230177808,4161738.98739194,0
6615,313050.155594399,4161738.92077885,0
6616,313050.081047425,4161738.85412493,0
6617,313050.006531915,4161738.78743576,0
6618,313049.932042902,4161738.72071693,0
6619,313049.857575414,4161738.65397402,0
6620,313049.783124483,4161738.58721261,0
6621,313049.708685134,4161738.5204383,0
6622,313049.634251281,4161738.45365789,0
6623,313049.559814301,4161738.38688103,0
6624,313049.485365222,4161738.32011771,0
6625,313049.410895072,4161738.25337795,0
6626,313049.336394878,4161738.18667176,0
6627,313049.261855667,4161738.12000915,0
6628,313049.187268466,4161738.05340013,0
6629,313049.112624973,4161737.986854,0
6630,313049.037920859,4161737.92037578,0
6631,313048.963153262,4161737.8539689,0
6632,313048.888319321,4161737.78763682,0
6633,313048.813416173,4161737.72138297,0
6634,313048.738440958,4161737.65521081,0
6635,313048.663390814,4161737.58912378,0
6636,313048.588263188,4161737.52312496,0
6637,313048.513060526,4161737.4572117,0
6638,313048.437789339,4161737.39137663,0
6639,313048.362456256,4161737.32561228,0
6640,313048.287067905,4161737.25991116,0
6641,313048.211630916,4161737.19426578,0
6642,313048.136151916,4161737.12866867,0
6643,313048.060637534,4161737.06311233,0
6644,313047.985093399,4161736.99759042,0
6645,313047.909521207,4161736.93210098,0
6646,313047.833921687,4161736.86664319,0
6647,313047.758295568,4161736.8012162,0
6648,313047.68264358,4161736.73581916,0
6649,313047.606966452,4161736.67045123,0
6650,313047.531264914,4161736.60511157,0
6651,313047.45553967,4161736.53979935,0
6652,313047.37979093,4161736.47451436,0
6653,313047.304018453,4161736.40925689,0
6654,313047.228221983,4161736.34402728,0
6655,313047.152401261,4161736.27882585,0
6656,313047.076556031,4161736.21365293,0
6657,313047.000686034,4161736.14850885,0
6658,313046.924791018,4161736.08339392,0
6659,313046.848871138,4161736.018308,0
6660,313046.772927279,4161735.95325006,0
6661,313046.696960403,4161735.888219,0
6662,313046.620971471,4161735.82321371,0
6663,313046.544961445,4161735.75823309,0
6664,313046.468931288,4161735.69327603,0
6665,313046.39288196,4161735.62834143,0
6666,313046.31681464,4161735.56342792,0
6667,313046.240731381,4161735.4985331,0
6668,313046.164634456,4161735.4336543,0
6669,313046.088526141,4161735.36878886,0
6670,313046.012408708,4161735.30393412,0
6671,313045.936284433,4161735.2390874,0
6672,313045.860155588,4161735.17424605,0
6673,313045.784024392,4161735.10940746,0
6674,313045.707891889,4161735.04457042,0
6675,313045.631758025,4161734.97973497,0
6676,313045.5556227,4161734.91490124,0
6677,313045.479485817,4161734.85006935,0
6678,313045.403347278,4161734.7852394,0
6679,313045.327206984,4161734.72041151,0
6680,313045.251064859,4161734.65558577,0
6681,313045.174921306,4161734.59076171,0
6682,313045.098777208,4161734.52593828,0
6683,313045.022633468,4161734.46111444,0
6684,313044.946490988,4161734.39628911,0
6685,313044.870350673,4161734.33146124,0
6686,313044.794213425,4161734.26662977,0
6687,313044.718080147,4161734.20179364,0
6688,313044.641951539,4161734.13695202,0
6689,313044.565827799,4161734.07210469,0
6690,313044.489709052,4161734.0072515,0
6691,313044.413595419,4161733.94239231,0
6692,313044.337487023,4161733.87752697,0
6693,313044.261383988,4161733.81265534,0
6694,313044.185286436,4161733.74777727,0
6695,313044.109194542,4161733.68289257,0
6696,313044.033108596,4161733.6180009,0
6697,313043.957028904,4161733.55310189,0
6698,313043.880955772,4161733.4881952,0
6699,313043.804889503,4161733.42328046,0
6700,313043.728830405,4161733.35835732,0
6701,313043.652778782,4161733.29342543,0
6702,313043.576734832,4161733.22848455,0
6703,313043.500698504,4161733.16353474,0
6704,313043.424669706,4161733.09857612,0
6705,313043.348648351,4161733.03360879,0
6706,313043.272634347,4161732.96863286,0
6707,313043.196627605,4161732.90364843,0
6708,313043.120628036,4161732.83865561,0
6709,313043.044635578,4161732.77365448,0
6710,313042.96865029,4161732.70864497,0
6711,313042.892672262,4161732.64362697,0
6712,313042.816701585,4161732.57860039,0
6713,313042.74073835,4161732.51356511,0
6714,313042.664782647,4161732.44852104,0
6715,313042.588834566,4161732.38346806,0
6716,313042.512894145,4161732.31840615,0
6717,313042.43696123,4161732.25333547,0
6718,313042.361035618,4161732.18825628,0
6719,313042.285117109,4161732.12316879,0
6720,313042.209205503,4161732.05807326,0
6721,313042.133300598,4161731.99296991,0
6722,313042.057402195,4161731.92785898,0
6723,313041.981510045,4161731.86274077,0
6724,313041.905623806,4161731.79761567,0
6725,313041.82974312,4161731.7324841,0
6726,313041.753867631,4161731.66734647,0
6727,313041.677996981,4161731.60220321,0
6728,313041.602130814,4161731.53705472,0
6729,313041.526268773,4161731.47190143,0
6730,313041.45041058,4161731.40674366,0
6731,313041.374556253,4161731.34158139,0
6732,313041.298705881,4161731.27641452,0
6733,313041.222859548,4161731.21124295,0
6734,313041.147017343,4161731.14606657,0
6735,313041.071179352,4161731.08088529,0
6736,313040.99534566,4161731.01569901,0
6737,313040.919516227,4161730.95050778,0
6738,313040.843690872,4161730.8853118,0
6739,313040.767869402,4161730.8201113,0
6740,313040.692051624,4161730.75490651,0
6741,313040.616237346,4161730.68969765,0
6742,313040.540426374,4161730.62448495,0
6743,313040.464618517,4161730.55926862,0
6744,313040.388813547,4161730.49404895,0
6745,313040.313011189,4161730.42882623,0
6746,313040.237211167,4161730.3636008,0
6747,313040.161413204,4161730.29837298,0
6748,313040.085617023,4161730.23314308,0
6749,313040.009822346,4161730.16791144,0
6750,313039.934028902,4161730.10267837,0
6751,313039.858236519,4161730.03744406,0
6752,313039.78244512,4161729.97220862,0
6753,313039.70665463,4161729.90697211,0
6754,313039.630864977,4161729.84173463,0
6755,313039.555076087,4161729.77649627,0
6756,313039.479287885,4161729.7112571,0
6757,313039.403500281,4161729.64601725,0
6758,313039.327713084,4161729.58077692,0
6759,313039.251926067,4161729.51553638,0
6760,313039.176139005,4161729.45029589,0
6761,313039.100351672,4161729.38505572,0
6762,313039.024563842,4161729.31981612,0
6763,313038.948775289,4161729.25457736,0
6764,313038.872985826,4161729.18933967,0
6765,313038.79719534,4161729.12410315,0
6766,313038.72140373,4161729.05886795,0
6767,313038.645610895,4161728.99363417,0
6768,313038.569816732,4161728.92840193,0
6769,313038.494021141,4161728.86317135,0
6770,313038.418224023,4161728.79794255,0
6771,313038.342425385,4161728.73271551,0
6772,313038.266625355,4161728.66749009,0
6773,313038.190824065,4161728.60226613,0
6774,313038.115021651,4161728.53704348,0
6775,313038.039218246,4161728.47182199,0
6776,313037.963413983,4161728.40660149,0
6777,313037.887608953,4161728.34138188,0
6778,313037.811803043,4161728.27616329,0
6779,313037.735996084,4161728.21094592,0
6780,313037.660187905,4161728.14572997,0
6781,313037.584378335,4161728.08051564,0
6782,313037.508567204,4161728.01530312,0
6783,313037.432754343,4161727.95009262,0
6784,313037.356939662,4161727.88488423,0
6785,313037.28112322,4161727.81967789,0
6786,313037.205305086,4161727.75447351,0
6787,313037.129485334,4161727.68927102,0
6788,313037.053664034,4161727.62407032,0
6789,313036.977841259,4161727.55887134,0
6790,313036.902017072,4161727.49367401,0
6791,313036.826191427,4161727.42847837,0
6792,313036.750364182,4161727.36328459,0
6793,313036.674535192,4161727.29809284,0
6794,313036.598704313,4161727.23290328,0
6795,313036.5228714,4161727.1677161,0
6796,313036.44703631,4161727.10253144,0
6797,313036.371198959,4161727.03734942,0
6798,313036.295359437,4161726.97216992,0
6799,313036.219517862,4161726.90699281,0
6800,313036.143674354,4161726.84181795,0
6801,313036.067829031,4161726.7766452,0
6802,313035.991982014,4161726.71147443,0
6803,313035.91613343,4161726.64630548,0
6804,313035.840283455,4161726.58113814,0
6805,313035.764432276,4161726.51597221,0
6806,313035.688580078,4161726.45080747,0
6807,313035.612727051,4161726.38564369,0
6808,313035.536873379,4161726.32048065,0
6809,313035.461019251,4161726.25531816,0
6810,313035.385164777,4161726.19015606,0
6811,313035.3093099,4161726.12499443,0
6812,313035.233454538,4161726.05983337,0
6813,313035.157598611,4161725.99467297,0
6814,313035.081742035,4161725.92951332,0
6815,313035.005884731,4161725.86435452,0
6816,313034.930026634,4161725.79919664,0
6817,313034.854167792,4161725.73403962,0
6818,313034.778308305,4161725.66888336,0
6819,313034.702448269,4161725.60372774,0
6820,313034.626587782,4161725.53857265,0
6821,313034.550726941,4161725.47341796,0
6822,313034.474865843,4161725.40826358,0
6823,313034.399004552,4161725.34310942,0
6824,313034.323143105,4161725.27795544,0
6825,313034.247281539,4161725.2128016,0
6826,313034.171419892,4161725.14764786,0
6827,313034.095558199,4161725.08249417,0
6828,313034.019696498,4161725.01734048,0
6829,313033.943834883,4161724.9521867,0
6830,313033.867973551,4161724.88703259,0
6831,313033.792112707,4161724.82187791,0
6832,313033.716252558,4161724.75672242,0
6833,313033.64039331,4161724.69156588,0
6834,313033.564535169,4161724.62640805,0
6835,313033.488678282,4161724.56124877,0
6836,313033.412822604,4161724.49608807,0
6837,313033.336968051,4161724.43092607,0
6838,313033.261114539,4161724.36576285,0
6839,313033.185261984,4161724.30059852,0
6840,313033.109410303,4161724.23543318,0
6841,313033.033559425,4161724.17026689,0
6842,313032.957709354,4161724.10509967,0
6843,313032.881860114,4161724.03993148,0
6844,313032.806011731,4161723.9747623,0
6845,313032.730164228,4161723.90959209,0
6846,313032.654317631,4161723.84442082,0
6847,313032.578471958,4161723.77924848,0
6848,313032.502627123,4161723.71407517,0
6849,313032.426782968,4161723.64890106,0
6850,313032.350939334,4161723.58372635,0
6851,313032.275096063,4161723.51855121,0
6852,313032.199252994,4161723.45337584,0
6853,313032.123409973,4161723.38820042,0
6854,313032.047566958,4161723.32302498,0
6855,313031.971724037,4161723.25784944,0
6856,313031.895881301,4161723.19267368,0
6857,313031.820038845,4161723.1274976,0
6858,313031.74419676,4161723.06232108,0
6859,313031.668355138,4161722.99714403,0
6860,313031.59251401,4161722.9319664,0
6861,313031.516673279,4161722.86678831,0
6862,313031.440832838,4161722.80160988,0
6863,313031.364992578,4161722.73643124,0
6864,313031.28915239,4161722.67125252,0
6865,313031.213312166,4161722.60607384,0
6866,313031.137471824,4161722.5408953,0
6867,313031.061631319,4161722.47571694,0
6868,313030.985790611,4161722.41053883,0
6869,313030.909949658,4161722.34536099,0
6870,313030.834108419,4161722.28018349,0
6871,313030.758266855,4161722.21500637,0
6872,313030.682424999,4161722.14982959,0
6873,313030.606582999,4161722.08465297,0
6874,313030.530741011,4161722.01947635,0
6875,313030.45489919,4161721.95429952,0
6876,313030.379057693,4161721.88912233,0
6877,313030.303216674,4161721.82394457,0
6878,313030.227376171,4161721.75876621,0
6879,313030.151536008,4161721.69358746,0
6880,313030.075695983,4161721.62840855,0
6881,313029.999855897,4161721.56322971,0
6882,313029.924015549,4161721.49805117,0
6883,313029.84817474,4161721.43287317,0
6884,313029.772333361,4161721.36769584,0
6885,313029.696491452,4161721.30251911,0
6886,313029.620649073,4161721.23734294,0
6887,313029.54480628,4161721.17216725,0
6888,313029.468963131,4161721.10699197,0
6889,313029.393119681,4161721.04181705,0
6890,313029.317275942,4161720.97664246,0
6891,313029.241431878,4161720.91146824,0
6892,313029.165587456,4161720.84629445,0
6893,313029.089742639,4161720.78112111,0
6894,313029.013897391,4161720.71594828,0
6895,313028.93805168,4161720.65077598,0
6896,313028.862205513,4161720.58560422,0
6897,313028.786358931,4161720.52043293,0
6898,313028.710511978,4161720.45526209,0
6899,313028.634664697,4161720.39009162,0
6900,313028.558817131,4161720.32492148,0
6901,313028.482969322,4161720.25975162,0
6902,313028.407121278,4161720.19458204,0
6903,313028.331272991,4161720.12941275,0
6904,313028.255424448,4161720.06424375,0
6905,313028.179575639,4161719.99907506,0
6906,313028.103726554,4161719.93390669,0
6907,313028.027877185,4161719.86873865,0
6908,313027.952027537,4161719.80357094,0
6909,313027.87617762,4161719.73840354,0
6910,313027.800327443,4161719.67323644,0
6911,313027.724477015,4161719.60806963,0
6912,313027.648626347,4161719.5429031,0
6913,313027.572775453,4161719.47773684,0
6914,313027.496924353,4161719.41257082,0
6915,313027.421073071,4161719.34740501,0
6916,313027.345221629,4161719.28223938,0
6917,313027.26937005,4161719.21707392,0
6918,313027.193518356,4161719.15190858,0
6919,313027.117666568,4161719.08674336,0
6920,313027.041814701,4161719.02157823,0
6921,313026.96596277,4161718.95641317,0
6922,313026.89011079,4161718.89124817,0
6923,313026.814258778,4161718.82608321,0
6924,313026.738406746,4161718.76091827,0
6925,313026.662554698,4161718.69575335,0
6926,313026.586702629,4161718.63058846,0
6927,313026.510850537,4161718.56542359,0
6928,313026.434998418,4161718.50025875,0
6929,313026.359146266,4161718.43509395,0
6930,313026.283294086,4161718.36992918,0
6931,313026.207441899,4161718.30476443,0
6932,313026.131589729,4161718.23959965,0
6933,313026.055737601,4161718.17443482,0
6934,313025.979885541,4161718.10926991,0
6935,313025.904033572,4161718.0441049,0
6936,313025.828181654,4161717.97893983,0
6937,313025.752329661,4161717.91377485,0
6938,313025.676477464,4161717.8486101,0
6939,313025.600624933,4161717.78344574,0
6940,313025.524771938,4161717.71828193,0
6941,313025.448918405,4161717.65311873,0
6942,313025.373064658,4161717.58795579,0
6943,313025.297211201,4161717.52279251,0
6944,313025.221358539,4161717.45762831,0
6945,313025.145507175,4161717.39246259,0
6946,313025.069657609,4161717.32729478,0
6947,313024.993810025,4161717.26212467,0
6948,313024.917964122,4161717.19695259,0
6949,313024.842119561,4161717.13177896,0
6950,313024.766276,4161717.06660416,0
6951,313024.690433098,4161717.0014286,0
6952,313024.614590544,4161716.93625263,0
6953,313024.538748229,4161716.87107638,0
6954,313024.462906121,4161716.80589989,0
6955,313024.387064193,4161716.74072319,0
6956,313024.311222414,4161716.67554632,0
6957,313024.235380757,4161716.61036931,0
6958,313024.159539245,4161716.54519213,0
6959,313024.083697983,4161716.48001465,0
6960,313024.007857082,4161716.41483676,0
6961,313023.932016653,4161716.34965832,0
6962,313023.856176809,4161716.28447919,0
6963,313023.780337631,4161716.2192993,0
6964,313023.704499032,4161716.15411873,0
6965,313023.628660857,4161716.08893766,0
6966,313023.552822954,4161716.02375628,0
6967,313023.476985169,4161715.95857476,0
6968,313023.40114736,4161715.89339327,0
6969,313023.32530977,4161715.82821152,0
6970,313023.249473091,4161715.76302872,0
6971,313023.173638041,4161715.69784402,0
6972,313023.09780534,4161715.63265658,0
6973,313023.021975706,4161715.56746558,0
6974,313022.946149579,4161715.5022705,0
6975,313022.870326538,4161715.43707184,0
6976,313022.794505997,4161715.37187026,0
6977,313022.71868737,4161715.30666646,0
6978,313022.642870073,4161715.24146111,0
6979,313022.567053518,4161715.1762549,0
6980,313022.491237121,4161715.1110485,0
6981,313022.415420297,4161715.0458426,0
6982,313022.339602458,4161714.98063788,0
6983,313022.263783169,4161714.91543485,0
6984,313022.187962339,4161714.85023361,0
6985,313022.112139927,4161714.78503421,0
6986,313022.036315896,4161714.71983669,0
6987,313021.960490206,4161714.65464111,0
6988,313021.884662816,4161714.58944749,0
6989,313021.808833689,4161714.5242559,0
6990,313021.73300287,4161714.45906628,0
6991,313021.657171554,4161714.39387723,0
6992,313021.581341752,4161714.32868642,0
6993,313021.505515494,4161714.26349149,0
6994,313021.429694809,4161714.19829008,0
6995,313021.353881725,4161714.13307984,0
6996,313021.278077655,4161714.06785912,0
6997,313021.202281071,4161714.00262969,0
6998,313021.126489565,4161713.93739437,0
6999,313021.05070073,4161713.87215594,0
7000,313020.974912157,4161713.8069172,0
7001,313020.899121484,4161713.74168091,0
7002,313020.823327526,4161713.67644843,0
7003,313020.747530384,4161713.61121965,0
7004,313020.671730219,4161713.54599439,0
7005,313020.595927196,4161713.48077244,0
7006,313020.520121476,4161713.41555363,0
7007,313020.444313224,4161713.35033777,0
7008,313020.368502603,4161713.28512466,0
7009,313020.292689775,4161713.21991411,0
7010,313020.216874903,4161713.15470594,0
7011,313020.141058151,4161713.08949996,0
7012,313020.065239682,4161713.02429597,0
7013,313019.989419658,4161712.9590938,0
7014,313019.913598231,4161712.89389325,0
7015,313019.837775522,4161712.82869419,0
7016,313019.761951653,4161712.76349649,0
7017,313019.686126743,4161712.69829999,0
7018,313019.61030091,4161712.63310457,0
7019,313019.534474276,4161712.56791008,0
7020,313019.45864696,4161712.50271638,0
7021,313019.38281907,4161712.43752335,0
7022,313019.306990621,4161712.37233097,0
7023,313019.231161586,4161712.30713927,0
7024,313019.155331932,4161712.2419483,0
7025,313019.07950163,4161712.17675807,0
7026,313019.003670649,4161712.11156864,0
7027,313018.92783896,4161712.04638003,0
7028,313018.852006531,4161711.98119228,0
7029,313018.776173337,4161711.91600542,0
7030,313018.700339412,4161711.85081941,0
7031,313018.624504847,4161711.78563415,0
7032,313018.548669732,4161711.72044952,0
7033,313018.472834159,4161711.65526543,0
7034,313018.396998217,4161711.59008176,0
7035,313018.321161918,4161711.52489852,0
7036,313018.245325162,4161711.4597158,0
7037,313018.169487845,4161711.39453374,0
7038,313018.093649861,4161711.32935245,0
7039,313018.017811104,4161711.26417206,0
7040,313017.94197147,4161711.1989927,0
7041,313017.866130851,4161711.13381447,0
7042,313017.790289146,4161711.06863752,0
7043,313017.714446405,4161711.00346176,0
7044,313017.638602877,4161710.93828693,0
7045,313017.562758823,4161710.87311271,0
7046,313017.486914508,4161710.80793878,0
7047,313017.411070194,4161710.74276486,0
7048,313017.335226144,4161710.67759063,0
7049,313017.259382621,4161710.61241579,0
7050,313017.183539845,4161710.54724008,0
7051,313017.107697846,4161710.48206347,0
7052,313017.031856602,4161710.41688597,0
7053,313016.956016093,4161710.35170762,0
7054,313016.880176296,4161710.28652845,0
7055,313016.80433719,4161710.22134846,0
7056,313016.728498752,4161710.1561677,0
7057,313016.652660962,4161710.09098619,0
7058,313016.576823731,4161710.02580403,0
7059,313016.500986853,4161709.96062145,0
7060,313016.42515011,4161709.89543872,0
7061,313016.349313283,4161709.83025609,0
7062,313016.273476154,4161709.76507381,0
7063,313016.197638589,4161709.69989203,0
7064,313016.121800654,4161709.63471069,0
7065,313016.045962442,4161709.56952967,0
7066,313015.970124046,4161709.50434886,0
7067,313015.89428556,4161709.43916815,0
7068,313015.818447077,4161709.37398745,0
7069,313015.742608692,4161709.30880663,0
7070,313015.666770497,4161709.24362559,0
7071,313015.590932586,4161709.17844422,0
7072,313015.515095049,4161709.11326241,0
7073,313015.439257681,4161709.04808041,0
7074,313015.363419749,4161708.98289906,0
7075,313015.287580462,4161708.91771929,0
7076,313015.21173903,4161708.85254202,0
7077,313015.135894659,4161708.78736816,0
7078,313015.060046179,4161708.72219907,0
7079,313014.984191639,4161708.65703705,0
7080,313014.908328992,4161708.59188446,0
7081,313014.832456192,4161708.52674371,0
7082,313014.756571198,4161708.46161716,0
7083,313014.680673255,4161708.39650571,0
7084,313014.604764331,4161708.33140706,0
7085,313014.528846745,4161708.2663185,0
7086,313014.452922815,4161708.20123734,0
7087,313014.376994859,4161708.13616087,0
7088,313014.301065195,4161708.0710864,0
7089,313014.225136134,4161708.00601122,0
7090,313014.1492092,4161707.94093356,0
7091,313014.073284352,4161707.87585347,0
7092,313013.997361367,4161707.81077121,0
7093,313013.921440024,4161707.74568704,0
7094,313013.8455201,4161707.68060121,0
7095,313013.769601372,4161707.61551399,0
7096,313013.693683619,4161707.55042564,0
7097,313013.617766759,4161707.48533624,0
7098,313013.541851372,4161707.42024512,0
7099,313013.465938226,4161707.35515139,0
7100,313013.390028091,4161707.29005414,0
7101,313013.314121736,4161707.22495249,0
7102,313013.23821993,4161707.15984553,0
7103,313013.162323442,4161707.09473236,0
7104,313013.086432622,4161707.02961258,0
7105,313013.010544183,4161706.96449003,0
7106,313012.934652979,4161706.8993707,0
7107,313012.858753849,4161706.83426063,0
7108,313012.78284163,4161706.76916583,0
7109,313012.706911362,4161706.70409209,0
7110,313012.630962232,4161706.63904036,0
7111,313012.554997336,4161706.57400704,0
7112,313012.479019922,4161706.50898832,0
7113,313012.403033236,4161706.44398043,0
7114,313012.327040528,4161706.37897957,0
7115,313012.251045043,4161706.31398195,0
7116,313012.175049809,4161706.24898405,0
7117,313012.099056155,4161706.18398431,0
7118,313012.023064621,4161706.11898209,0
7119,313011.947075743,4161706.05397678,0
7120,313011.871090057,4161705.98896774,0
7121,313011.7951081,4161705.92395434,0
7122,313011.719130408,4161705.85893597,0
7123,313011.643157517,4161705.79391198,0
7124,313011.567189964,4161705.72888176,0
7125,313011.4912282,4161705.66384477,0
7126,313011.415272024,4161705.59880125,0
7127,313011.339320922,4161705.5337518,0
7128,313011.263374379,4161705.46869703,0
7129,313011.187431881,4161705.40363754,0
7130,313011.111492912,4161705.33857393,0
7131,313011.035556959,4161705.27350681,0
7132,313010.95962377,4161705.20843646,0
7133,313010.883694219,4161705.14336188,0
7134,313010.807769475,4161705.07828169,0
7135,313010.731850707,4161705.01319452,0
7136,313010.655939087,4161704.948099,0
7137,313010.580035783,4161704.88299376,0
7138,313010.504141959,4161704.81787745,0
7139,313010.428257737,4161704.75274993,0
7140,313010.352381098,4161704.68761356,0
7141,313010.276509759,4161704.62247103,0
7142,313010.200641439,4161704.55732503,0
7143,313010.124773856,4161704.49217823,0
7144,313010.048904727,4161704.42703333,0
7145,313009.973031893,4161704.36189285,0
7146,313009.897155813,4161704.29675623,0
7147,313009.821279454,4161704.23161992,0
7148,313009.745405887,4161704.16648026,0
7149,313009.669538182,4161704.10133359,0
7150,313009.593679408,4161704.03617623,0
7151,313009.517832635,4161703.97100452,0
7152,313009.441997717,4161703.90581859,0
7153,313009.366158025,4161703.84063808,0
7154,313009.290291658,4161703.77548884,0
7155,313009.21437671,4161703.71039672,0
7156,313009.13839128,4161703.6453876,0
7157,313009.062313462,4161703.58048733,0
7158,313008.986121531,4161703.51572157,0
7159,313008.909808448,4161703.45109862,0
7160,313008.833392719,4161703.38659664,0
7161,313008.756895407,4161703.32219079,0
7162,313008.680337574,4161703.25785619,0
7163,313008.60374028,4161703.193568,0
7164,313008.527124588,4161703.12930136,0
7165,313008.450511561,4161703.0650314,0
7166,313008.373922259,4161703.00073327,0
7167,313008.297375503,4161702.93638477,0
7168,313008.220881006,4161702.87197449,0
7169,313008.144446166,4161702.80749377,0
7170,313008.068078385,4161702.74293393,0
7171,313007.991785063,4161702.6782863,0
7172,313007.915573598,4161702.61354223,0
7173,313007.839451314,4161702.54869313,0
7174,313007.763423829,4161702.48373266,0
7175,313007.687495097,4161702.41865662,0
7176,313007.611669003,4161702.35346091,0
7177,313007.535949432,4161702.28814142,0
7178,313007.460340269,4161702.22269404,0
7179,313007.384845455,4161702.15711461,0
7180,313007.309469927,4161702.09139801,0
7181,313007.234219474,4161702.02553826,0
7182,313007.159099915,4161701.95952937,0
7183,313007.084117067,4161701.89336535,0
7184,313007.009276746,4161701.82704021,0
7185,313006.934584715,4161701.76054803,0
7186,313006.8600456,4161701.69388433,0
7187,313006.785662981,4161701.62704598,0
7188,313006.7114404,4161701.56002988,0
7189,313006.637381398,4161701.49283296,0
7190,313006.563489516,4161701.42545211,0
7191,313006.4897686,4161701.35788398,0
7192,313006.416224483,4161701.29012336,0
7193,313006.342863799,4161701.22216429,0
7194,313006.269693182,4161701.15400084,0
7195,313006.196719267,4161701.08562707,0
7196,313006.123948687,4161701.01703701,0
7197,313006.051387047,4161700.9482259,0
7198,313005.979037502,4161700.87919173,0
7199,313005.906902847,4161700.8099329,0
7200,313005.834985878,4161700.7404478,0
7201,313005.76328939,4161700.67073484,0
7202,313005.691815413,4161700.60079326,0
7203,313005.620563322,4161700.53062522,0
7204,313005.549531924,4161700.46023347,0
7205,313005.478720025,4161700.38962082,0
7206,313005.40812643,4161700.31879002,0
7207,313005.337749946,4161700.24774386,0
7208,313005.267589376,4161700.17648512,0
7209,313005.197642776,4161700.1050172,0
7210,313005.127903466,4161700.03334751,0
7211,313005.058362928,4161699.961485,0
7212,313004.989012641,4161699.88943862,0
7213,313004.919844084,4161699.81721733,0
7214,313004.850849526,4161699.74482934,0
7215,313004.782031455,4161699.67227334,0
7216,313004.713399464,4161699.59954137,0
7217,313004.644963292,4161699.52662534,0
7218,313004.576732676,4161699.45351717,0
7219,313004.508717352,4161699.38020878,0
7220,313004.440927042,4161699.30669209,0
7221,313004.373369123,4161699.23296136,0
7222,313004.306046302,4161699.15901552,0
7223,313004.238960729,4161699.08485401,0
7224,313004.172114557,4161699.0104763,0
7225,313004.105509937,4161698.93588186,0
7226,313004.039149021,4161698.86107014,0
7227,313003.97303396,4161698.7860406,0
7228,313003.907169307,4161698.71079078,0
7229,313003.841570093,4161698.63530974,0
7230,313003.776254208,4161698.55958426,0
7231,313003.71123954,4161698.48360112,0
7232,313003.646543979,4161698.40734709,0
7233,313003.582185381,4161698.33080896,0
7234,313003.518172331,4161698.2539813,0
7235,313003.454491128,4161698.17687734,0
7236,313003.391124796,4161698.09951304,0
7237,313003.328056357,4161698.02190437,0
7238,313003.265268835,4161697.94406729,0
7239,313003.202745252,4161697.86601778,0
7240,313003.140468632,4161697.7877718,0
7241,313003.07842383,4161697.70934363,0
7242,313003.016606114,4161697.63073793,0
7243,313002.955014425,4161697.55195599,0
7244,313002.893647709,4161697.47299909,0
7245,313002.832504909,4161697.39386851,0
7246,313002.771585057,4161697.31456545,0
7247,313002.71089628,4161697.23508469,0
7248,313002.650463751,4161697.15540886,0
7249,313002.590314519,4161697.07551928,0
7250,313002.530475634,4161696.99539727,0
7251,313002.470974138,4161696.91502416,0
7252,313002.411833516,4161696.83438433,0
7253,313002.353067735,4161696.75347042,0
7254,313002.294689188,4161696.67227643,0
7255,313002.236710269,4161696.59079634,0
7256,313002.179143371,4161696.50902417,0
7257,313002.122000376,4161696.4269544,0
7258,313002.065290455,4161696.34458426,0
7259,313002.009021874,4161696.26191188,0
7260,313001.9532029,4161696.17893538,0
7261,313001.897841801,4161696.09565288,0
7262,313001.842946843,4161696.01206251,0
7263,313001.788525171,4161695.92816317,0
7264,313001.734579402,4161695.84395695,0
7265,313001.68111101,4161695.75944674,0
7266,313001.628121469,4161695.67463541,0
7267,313001.575612252,4161695.58952585,0
7268,313001.523584898,4161695.50412091,0
7269,313001.472046451,4161695.41842022,0
7270,313001.421013549,4161695.33241785,0
7271,313001.370503795,4161695.24610728,0
7272,313001.320534791,4161695.15948201,0
7273,313001.27112414,4161695.07253553,0
7274,313001.222290987,4161694.98526107,0
7275,313001.17406116,4161694.89765066,0
7276,313001.126462293,4161694.809696,0
7277,313001.079522023,4161694.72138882,0
7278,313001.033267985,4161694.63272081,0
7279,313000.987727814,4161694.54368371,0
7280,313000.942929605,4161694.45426975,0
7281,313000.898902896,4161694.36447291,0
7282,313000.855677508,4161694.27428746,0
7283,313000.813283261,4161694.1837077,0
7284,313000.771749977,4161694.09272793,0
7285,313000.73110748,4161694.0013427,0
7286,313000.691385654,4161693.90955047,0
7287,313000.652614429,4161693.81735264,0
7288,313000.614823734,4161693.72475069,0
7289,313000.578043501,4161693.6317461,0
7290,313000.542303659,4161693.53834034,0
7291,313000.507632899,4161693.44453521,0
7292,313000.474052741,4161693.35033438,0
7293,313000.44158213,4161693.25574217,0
7294,313000.410240009,4161693.16076291,0
7295,313000.380045318,4161693.06540095,0
7296,313000.351020524,4161692.96966023,0
7297,313000.323261152,4161692.87353699,0
7298,313000.296931616,4161692.77702014,0
7299,313000.272199017,4161692.68009833,0
7300,313000.249230456,4161692.58276019,0
7301,313000.228192073,4161692.48499459,0
7302,313000.209157349,4161692.38681196,0
7303,313000.192031282,4161692.28826195,0
7304,313000.176701025,4161692.18939837,0
7305,313000.163053728,4161692.09027503,0
7306,313000.150976545,4161691.99094572,0
7307,313000.140363456,4161691.89146233,0
7308,313000.131191793,4161691.79185318,0
7309,313000.123494612,4161691.69213086,0
7310,313000.117305992,4161691.59230766,0
7311,313000.112660009,4161691.49239587,0
7312,313000.109590902,4161691.39240813,0
7313,313000.108138247,4161691.29236858,0
7314,313000.108348045,4161691.19231519,0
7315,313000.11026668,4161691.09228676,0
7316,313000.113940534,4161690.99232208,0
7317,313000.119415992,4161690.89245995,0
7318,313000.126696019,4161690.79273253,0
7319,313000.135484932,4161690.69312644,0
7320,313000.145361422,4161690.59360912,0
7321,313000.155903745,4161690.49414794,0
7322,313000.166690155,4161690.39471027,0
7323,313000.177326581,4161690.2952654,0
7324,313000.187676039,4161690.19580025,0
7325,313000.197741133,4161690.09631136,0
7326,313000.207525855,4161689.99679534,0
7327,313000.217034196,4161689.89724882,0
7328,313000.226267353,4161689.79766843,0
7329,313000.235161218,4161689.69805088,0
7330,313000.243585789,4161689.59839302,0
7331,313000.251408157,4161689.49869168,0
7332,313000.258495408,4161689.39894369,0
7333,313000.264714631,4161689.29914589,0
7334,313000.269977389,4161689.19929688,0
7335,313000.274425939,4161689.09940443,0
7336,313000.278277112,4161688.99947928,0
7337,313000.281747775,4161688.89953216,0
7338,313000.285054795,4161688.79957381,0
7339,313000.288415014,4161688.69961495,0
7340,313000.292018698,4161688.59966551,0
7341,313000.295978975,4161688.49973299,0
7342,313000.300395059,4161688.39982448,0
7343,313000.305366165,4161688.29994707,0
7344,313000.310991507,4161688.20010783,0
7345,313000.3173703,4161688.10031386,0
7346,313000.324586396,4161688.00057238,0
7347,313000.3326542,4161687.90089123,0
7348,313000.341568502,4161687.80127844,0
7349,313000.351324089,4161687.70174204,0
7350,313000.361915751,4161687.60229004,0
7351,313000.373338275,4161687.50293048,0
7352,313000.385584721,4161687.40367089,0
7353,313000.398640325,4161687.30451653,0
7354,313000.412488105,4161687.20547205,0
7355,313000.427111081,4161687.10654209,0
7356,313000.442492274,4161687.00773127,0
7357,313000.458611338,4161686.90904312,0
7358,313000.475421059,4161686.81047206,0
7359,313000.492861353,4161686.7120082,0
7360,313000.510872052,4161686.61364162,0
7361,313000.529392993,4161686.51536237,0
7362,313000.548364008,4161686.41716054,0
7363,313000.567725503,4161686.31902634,0
7364,313000.587494138,4161686.22096888,0
7365,313000.60783857,4161686.12303495,0
7366,313000.628945484,4161686.02527579,0
7367,313000.651001561,4161685.92774265,0
7368,313000.674193485,4161685.83048678,0
7369,313000.698662154,4161685.73354765,0
7370,313000.724249297,4161685.63688779,0
7371,313000.750676481,4161685.54043878,0
7372,313000.77766495,4161685.44413217,0
7373,313000.804935947,4161685.34789946,0
7374,313000.8322141,4161685.25167299,0
7375,313000.859333377,4161685.15541074,0
7376,313000.886258127,4161685.05910137,0
7377,313000.912960328,4161684.9627353,0
7378,313000.939411961,4161684.86630295,0
7379,313000.965585006,4161684.76979477,0
7380,313000.991466728,4161684.67320567,0
7381,313001.01712001,4161684.57655287,0
7382,313001.042631073,4161684.47986044,0
7383,313001.068086146,4161684.38315246,0
7384,313001.093571457,4161684.28645302,0
7385,313001.119173202,4161684.18978617,0
7386,313001.144952869,4161684.09316883,0
7387,313001.170903628,4161683.99659807,0
7388,313001.197006942,4161683.90006757,0
7389,313001.22324427,4161683.803571,0
7390,313001.249597074,4161683.70710204,0
7391,313001.276047065,4161683.61065446,0
7392,313001.302624069,4161683.5142374,0
7393,313001.329462943,4161683.41789362,0
7394,313001.3567124,4161683.3216703,0
7395,313001.384521156,4161683.22561463,0
7396,313001.413037922,4161683.1297738,0
7397,313001.442407708,4161683.03419388,0
7398,313001.472663295,4161682.93888731,0
7399,313001.50370783,4161682.84382766,0
7400,313001.535437249,4161682.74898635,0
7401,313001.567747487,4161682.6543348,0
7402,313001.600534479,4161682.55984441,0
7403,313001.633694174,4161682.4654866,0
7404,313001.667129906,4161682.37123305,0
7405,313001.700765189,4161682.27705616,0
7406,313001.734526941,4161682.18292845,0
7407,313001.768342085,4161682.08882244,0
7408,313001.80213754,4161681.99471065,0
7409,313001.835840229,4161681.9005656,0
7410,313001.869390815,4161681.8063649,0
7411,313001.9028089,4161681.71211547,0
7412,313001.936142215,4161681.61783463,0
7413,313001.969438521,4161681.52353972,0
7414,313002.002745584,4161681.4292481,0
7415,313002.036111165,4161681.33497711,0
7416,313002.069582025,4161681.24074373,0
7417,313002.103187802,4161681.14655878,0
7418,313002.136943797,4161681.05242791,0
7419,313002.170864871,4161680.95835663,0
7420,313002.204965883,4161680.86435041,0
7421,313002.239261695,4161680.77041477,0
7422,313002.273767165,4161680.67655518,0
7423,313002.308498687,4161680.58277796,0
7424,313002.343479233,4161680.48909287,0
7425,313002.378733542,4161680.3955106,0
7426,313002.414286349,4161680.30204185,0
7427,313002.450162392,4161680.20869733,0
7428,313002.486386407,4161680.11548771,0
7429,313002.52298283,4161680.02242359,0
7430,313002.559963025,4161679.92951072,0
7431,313002.597320578,4161679.83674828,0
7432,313002.635047803,4161679.74413496,0
7433,313002.673137015,4161679.65166948,0
7434,313002.711580525,4161679.55935053,0
7435,313002.750370649,4161679.46717683,0
7436,313002.789500851,4161679.37514754,0
7437,313002.828973996,4161679.28326553,0
7438,313002.868797532,4161679.19153551,0
7439,313002.908978941,4161679.09996216,0
7440,313002.949525702,4161679.00855021,0
7441,313002.990444556,4161678.91730405,0
7442,313003.031732416,4161678.82622387,0
7443,313003.073379222,4161678.73530693,0
7444,313003.115374763,4161678.64455039,0
7445,313003.157708831,4161678.55395144,0
7446,313003.200371042,4161678.46350715,0
7447,313003.243346201,4161678.37321169,0
7448,313003.28661378,4161678.283056,0
7449,313003.330152971,4161678.19303087,0
7450,313003.373942971,4161678.10312708,0
7451,313003.417963014,4161678.01333544,0
7452,313003.462201378,4161677.92365117,0
7453,313003.506666608,4161677.83407942,0
7454,313003.551370004,4161677.74462668,0
7455,313003.596322866,4161677.65529945,0
7456,313003.641536494,4161677.56610422,0
7457,313003.687020598,4161677.47704668,0
7458,313003.732769475,4161677.38812466,0
7459,313003.778768772,4161677.29933156,0
7460,313003.825004043,4161677.21066075,0
7461,313003.871460841,4161677.1221056,0
7462,313003.918124843,4161677.03365955,0
7463,313003.964989867,4161676.94532016,0
7464,313004.012062792,4161676.85709167,0
7465,313004.059351675,4161676.76897889,0
7466,313004.106864569,4161676.68098668,0
7467,313004.154609531,4161676.59311984,0
7468,313004.202595171,4161676.50538367,0
7469,313004.250832216,4161676.41778524,0
7470,313004.299331897,4161676.33033204,0
7471,313004.348105445,4161676.24303156,0
7472,313004.39716409,4161676.15589129,0
7473,313004.446518593,4161676.06891845,0
7474,313004.496167157,4161675.98211306,0
7475,313004.546094382,4161675.89546738,0
7476,313004.596284188,4161675.80897326,0
7477,313004.646720495,4161675.72262254,0
7478,313004.697387222,4161675.63640708,0
7479,313004.748270024,4161675.55031956,0
7480,313004.799360862,4161675.46435569,0
7481,313004.850653135,4161675.37851184,0
7482,313004.902140243,4161675.2927844,0
7483,313004.953815583,4161675.20716976,0
7484,313005.005672851,4161675.1216645,0
7485,313005.057719003,4161675.03627363,0
7486,313005.109979265,4161674.95101387,0
7487,313005.162480192,4161674.86590275,0
7488,313005.215248342,4161674.78095781,0
7489,313005.26831027,4161674.6961966,0
7490,313005.321690231,4161674.61163523,0
7491,313005.375389244,4161674.52727554,0
7492,313005.429394863,4161674.44311107,0
7493,313005.483694479,4161674.35913525,0
7494,313005.538275483,4161674.27534154,0
7495,313005.593125265,4161674.19172337,0
7496,313005.648234375,4161674.10827616,0
7497,313005.703605125,4161674.0250028,0
7498,313005.759242559,4161673.94190784,0
7499,313005.815151725,4161673.85899589,0
7500,313005.871337666,4161673.77627151,0
7501,313005.927805408,4161673.69373928,0
7502,313005.984557041,4161673.61140182,0
7503,313006.041588775,4161673.52925785,0
7504,313006.09889612,4161673.44730562,0
7505,313006.156474586,4161673.36554339,0
7506,313006.214319682,4161673.28396941,0
7507,313006.272427022,4161673.20258202,0
7508,313006.330794754,4161673.12138127,0
7509,313006.389423623,4161673.04036901,0
7510,313006.44831449,4161672.95954716,0
7511,313006.50746822,4161672.87891766,0
7512,313006.566885676,4161672.79848241,0
7513,313006.626567632,4161672.71824329,0
7514,313006.686512792,4161672.63820059,0
7515,313006.746717767,4161672.55835303,0
7516,313006.807179074,4161672.47869924,0
7517,313006.86789323,4161672.39923788,0
7518,313006.928856753,4161672.31996759,0
7519,313006.990066233,4161672.24088707,0
7520,313007.05151967,4161672.16199606,0
7521,313007.11321633,4161672.08329521,0
7522,313007.175155527,4161672.00478523,0
7523,313007.237336573,4161671.92646681,0
7524,313007.29975878,4161671.84834065,0
7525,313007.362421317,4161671.77040732,0
7526,313007.425320775,4161671.69266516,0
7527,313007.488451516,4161671.61511059,0
7528,313007.551807826,4161671.53773997,0
7529,313007.615383991,4161671.46054964,0
7530,313007.679174299,4161671.38353595,0
7531,313007.743173156,4161671.30669536,0
7532,313007.807377367,4161671.23002623,0
7533,313007.871785944,4161671.15352873,0
7534,313007.936397986,4161671.07720306,0
7535,313008.001212589,4161671.00104945,0
7536,313008.066228849,4161670.92506811,0
7537,313008.131445862,4161670.84925926,0
7538,313008.196862701,4161670.7736231,0
7539,313008.262477207,4161670.69815862,0
7540,313008.328285504,4161670.62286313,0
7541,313008.394283586,4161670.54773383,0
7542,313008.460467446,4161670.47276792,0
7543,313008.526833078,4161670.39796258,0
7544,313008.593376485,4161670.32331501,0
7545,313008.660094872,4161670.24882351,0
7546,313008.7269878,4161670.17448854,0
7547,313008.79405511,4161670.10031078,0
7548,313008.861296641,4161670.02629094,0
7549,313008.928712229,4161669.95242973,0
7550,313008.996301716,4161669.87872783,0
7551,313009.064064939,4161669.80518596,0
7552,313009.132001737,4161669.7318048,0
7553,313009.200111478,4161669.65858458,0
7554,313009.268391355,4161669.58552323,0
7555,313009.336837932,4161669.51261803,0
7556,313009.405447774,4161669.43986628,0
7557,313009.474217447,4161669.36726525,0
7558,313009.543143514,4161669.29481223,0
7559,313009.612223589,4161669.22250555,0
7560,313009.681462462,4161669.15035074,0
7561,313009.750867927,4161669.07835632,0
7562,313009.820447788,4161669.00653082,0
7563,313009.89020985,4161668.93488277,0
7564,313009.960161918,4161668.86342071,0
7565,313010.030311792,4161668.79215317,0
7566,313010.100663328,4161668.72108476,0
7567,313010.171208423,4161668.65020822,0
7568,313010.24193672,4161668.57951405,0
7569,313010.312837863,4161668.50899275,0
7570,313010.383901495,4161668.43863481,0
7571,313010.455117261,4161668.36843073,0
7572,313010.52647628,4161668.29837247,0
7573,313010.597976805,4161668.22845892,0
7574,313010.669619242,4161668.1586911,0
7575,313010.741403996,4161668.08907004,0
7576,313010.813331471,4161668.01959675,0
7577,313010.885402073,4161667.95027223,0
7578,313010.957616162,4161667.88109747,0
7579,313011.029971123,4161667.8120702,0
7580,313011.102459528,4161667.74318295,0
7581,313011.175073514,4161667.67442778,0
7582,313011.247805218,4161667.60579674,0
7583,313011.320646777,4161667.53728189,0
7584,313011.393590328,4161667.46887529,0
7585,313011.466629729,4161667.40057085,0
7586,313011.53977031,4161667.33237485,0
7587,313011.613022099,4161667.26429863,0
7588,313011.686395135,4161667.19635357,0
7589,313011.759899458,4161667.12855102,0
7590,313011.833545109,4161667.06090235,0
7591,313011.907342127,4161666.99341891,0
7592,313011.98129748,4161666.92610877,0
7593,313012.055407991,4161666.85896912,0
7594,313012.129668389,4161666.7919949,0
7595,313012.204073404,4161666.72518105,0
7596,313012.278617768,4161666.65852252,0
7597,313012.353296209,4161666.59201424,0
7598,313012.428103504,4161666.5256512,0
7599,313012.503035229,4161666.45942901,0
7600,313012.57808764,4161666.39334381,0
7601,313012.653257011,4161666.32739178,0
7602,313012.72853962,4161666.26156909,0
7603,313012.803931742,4161666.19587189,0
7604,313012.879429654,4161666.13029637,0
7605,313012.955029881,4161666.06483894,0
7606,313013.030730772,4161665.99949805,0
7607,313013.106531485,4161665.93427299,0
7608,313013.182431181,4161665.86916306,0
7609,313013.258429023,4161665.80416757,0
7610,313013.334524173,4161665.73928582,0
7611,313013.410715793,4161665.67451713,0
7612,313013.487003671,4161665.60986159,0
7613,313013.563389579,4161665.54532182,0
7614,313013.639875675,4161665.48090095,0
7615,313013.716464121,4161665.41660208,0
7616,313013.793157076,4161665.35242834,0
7617,313013.869956701,4161665.28838284,0
7618,313013.946865155,4161665.2244687,0
7619,313014.023884663,4161665.160689,0
7620,313014.10101763,4161665.09704666,0
7621,313014.178266497,4161665.03354461,0
7622,313014.255633701,4161664.97018576,0
7623,313014.333121681,4161664.90697304,0
7624,313014.410732876,4161664.84390936,0
7625,313014.488469984,4161664.780998,0
7626,313014.566345592,4161664.71825594,0
7627,313014.644385045,4161664.65571786,0
7628,313014.722614529,4161664.59341959,0
7629,313014.80106023,4161664.53139696,0
7630,313014.879748336,4161664.46968583,0
7631,313014.958705033,4161664.40832202,0
7632,313015.037955965,4161664.34734066,0
7633,313015.117501273,4161664.2867433,0
7634,313015.197305188,4161664.22648421,0
7635,313015.277329234,4161664.16651413,0
7636,313015.35753494,4161664.10678375,0
7637,313015.437883829,4161664.04724381,0
7638,313015.518337429,4161663.98784501,0
7639,313015.598858038,4161663.92853903,0
7640,313015.679423225,4161663.86929652,0
7641,313015.760024573,4161663.81010553,0
7642,313015.84065418,4161663.75095474,0
7643,313015.921304146,4161663.69183284,0
7644,313016.001966571,4161663.63272852,0
7645,313016.082633555,4161663.57363047,0
7646,313016.16329721,4161663.5145274,0
7647,313016.243950839,4161663.45540988,0
7648,313016.324589833,4161663.39627179,0
7649,313016.405209797,4161663.3371073,0
7650,313016.485806336,4161663.27791061,0
7651,313016.566375055,4161663.21867591,0
7652,313016.646911558,4161663.15939741,0
7653,313016.727411465,4161663.1000693,0
7654,313016.807871982,4161663.04068792,0
7655,313016.888293376,4161662.98125369,0
7656,313016.968676264,4161662.92176747,0
7657,313017.049021259,4161662.86223014,0
7658,313017.129328977,4161662.80264258,0
7659,313017.209600035,4161662.74300566,0
7660,313017.289835046,4161662.68332027,0
7661,313017.370034719,4161662.6235874,0
7662,313017.450200293,4161662.56380875,0
7663,313017.530333196,4161662.50398629,0
7664,313017.610434859,4161662.44412198,0
7665,313017.690506711,4161662.38421778,0
7666,313017.770550179,4161662.32427565,0
7667,313017.850566694,4161662.26429756,0
7668,313017.930557653,4161662.20428541,0
7669,313018.010524002,4161662.14424051,0
7670,313018.090466361,4161662.08416369,0
7671,313018.170385343,4161662.0240558,0
7672,313018.25028156,4161661.96391767,0
7673,313018.330155625,4161661.90375013,0
7674,313018.410008406,4161661.84355435,0
7675,313018.489841573,4161661.78333256,0
7676,313018.569656947,4161661.72308718,0
7677,313018.649456351,4161661.66282062,0
7678,313018.729241606,4161661.60253532,0
7679,313018.809014537,4161661.5422337,0
7680,313018.888776964,4161661.48191817,0
7681,313018.96853071,4161661.42159117,0
7682,313019.048277597,4161661.36125511,0
7683,313019.128019136,4161661.300912,0
7684,313019.207755853,4161661.24056254,0
7685,313019.287488081,4161661.18020715,0
7686,313019.367216153,4161661.11984629,0
7687,313019.446940403,4161661.05948039,0
7688,313019.526661165,4161660.99910988,0
7689,313019.606378771,4161660.9387352,0
7690,313019.6860936,4161660.87835685,0
7691,313019.765806176,4161660.81797552,0
7692,313019.845517054,4161660.75759194,0
7693,313019.925226784,4161660.69720685,0
7694,313020.004935922,4161660.63682098,0
7695,313020.084645018,4161660.57643505,0
7696,313020.164354628,4161660.5160498,0
7697,313020.244065302,4161660.45566596,0
7698,313020.32377747,4161660.3952841,0
7699,313020.403491297,4161660.33490442,0
7700,313020.48320691,4161660.2745271,0
7701,313020.562924439,4161660.2141523,0
7702,313020.642644011,4161660.1537802,0
7703,313020.722365917,4161660.09341116,0
7704,313020.802091352,4161660.03304679,0
7705,313020.881821827,4161659.97268908,0
7706,313020.961558854,4161659.91234004,0
7707,313021.041303944,4161659.85200168,0
7708,313021.121058341,4161659.79167566,0
7709,313021.200819635,4161659.73135877,0
7710,313021.280582787,4161659.67104432,0
7711,313021.360342698,4161659.61072553,0
7712,313021.440094267,4161659.55039563,0
7713,313021.519832338,4161659.49004777,0
7714,313021.599549862,4161659.4296727,0
7715,313021.67923755,4161659.36925828,0
7716,313021.758885984,4161659.30879226,0
7717,313021.838485745,4161659.24826233,0
7718,313021.918027414,4161659.18765624,0
7719,313021.997505099,4161659.12696629,0
7720,313022.076924485,4161659.06619998,0
7721,313022.156293628,4161659.00536786,0
7722,313022.235620584,4161658.94448052,0
7723,313022.31491341,4161658.88354853,0
7724,313022.394181049,4161658.82258362,0
7725,313022.473438158,4161658.76160498,0
7726,313022.552701662,4161658.70063473,0
7727,313022.631988491,4161658.63969504,0
7728,313022.711315573,4161658.57880805,0
7729,313022.79069984,4161658.51799589,0
7730,313022.87015822,4161658.45728073,0
7731,313022.949707643,4161658.39668471,0
7732,313023.029362928,4161658.33622734,0
7733,313023.109129762,4161658.27591681,0
7734,313023.189011366,4161658.21575823,0
7735,313023.269010961,4161658.15575672,0
7736,313023.349131767,4161658.09591739,0
7737,313023.429376837,4161658.03624512,0
7738,313023.509743054,4161657.97673628,0
7739,313023.590219467,4161657.91737645,0
7740,313023.670794619,4161657.85815048,0
7741,313023.751457056,4161657.79904325,0
7742,313023.832195321,4161657.74003963,0
7743,313023.91299856,4161657.68112528,0
7744,313023.993860838,4161657.62229226,0
7745,313024.074778618,4161657.56353577,0
7746,313024.155748381,4161657.50485102,0
7747,313024.236766607,4161657.44623324,0
7748,313024.317829717,4161657.38767757,0
7749,313024.398933349,4161657.329178,0
7750,313024.480072581,4161657.27072778,0
7751,313024.561242481,4161657.21232009,0
7752,313024.642438119,4161657.15394816,0
7753,313024.723654562,4161657.09560517,0
7754,313024.804887276,4161657.03728489,0
7755,313024.886133703,4161656.97898375,0
7756,313024.967391894,4161656.92069903,0
7757,313025.048659902,4161656.86242802,0
7758,313025.129935777,4161656.804168,0
7759,313025.211217572,4161656.74591623,0
7760,313025.292503339,4161656.68767001,0
7761,313025.37379113,4161656.62942661,0
7762,313025.455079103,4161656.57118346,0
7763,313025.536366266,4161656.51293917,0
7764,313025.617652038,4161656.45469294,0
7765,313025.698935841,4161656.39644396,0
7766,313025.780217093,4161656.33819142,0
7767,313025.861495218,4161656.27993452,0
7768,313025.94276967,4161656.22167249,0
7769,313026.024040043,4161656.16340478,0
7770,313026.10530596,4161656.10513085,0
7771,313026.186567045,4161656.04685018,0
7772,313026.267822923,4161655.98856226,0
7773,313026.349073218,4161655.93026654,0
7774,313026.430317539,4161655.87196251,0
7775,313026.511555481,4161655.81364959,0
7776,313026.592786639,4161655.75532721,0
7777,313026.674010608,4161655.69699482,0
7778,313026.75522698,4161655.63865186,0
7779,313026.83643539,4161655.58029782,0
7780,313026.917635705,4161655.52193251,0
7781,313026.998827877,4161655.46355587,0
7782,313027.080011858,4161655.40516784,0
7783,313027.161187599,4161655.34676836,0
7784,313027.242355054,4161655.28835736,0
7785,313027.323514273,4161655.22993492,0
7786,313027.404665676,4161655.17150162,0
7787,313027.485809761,4161655.11305817,0
7788,313027.566947029,4161655.05460524,0
7789,313027.648077981,4161654.99614355,0
7790,313027.729203115,4161654.93767379,0
7791,313027.810322827,4161654.87919651,0
7792,313027.891437291,4161654.82071195,0
7793,313027.972546652,4161654.76222031,0
7794,313028.053651056,4161654.7037218,0
7795,313028.134750649,4161654.64521662,0
7796,313028.21584558,4161654.58670498,0
7797,313028.296936037,4161654.52818713,0
7798,313028.378022255,4161654.46966342,0
7799,313028.459104469,4161654.41113415,0
7800,313028.540182917,4161654.35259967,0
7801,313028.621257834,4161654.2940603,0
7802,313028.702329482,4161654.2355164,0
7803,313028.783398349,4161654.17696866,0
7804,313028.864465038,4161654.11841789,0
7805,313028.945530152,4161654.05986495,0
7806,313029.026594296,4161654.00131066,0
7807,313029.107658075,4161653.94275587,0
7808,313029.188722089,4161653.8842014,0
7809,313029.269786874,4161653.825648,0
7810,313029.35085286,4161653.76709626,0
7811,313029.43192047,4161653.70854677,0
7812,313029.512990128,4161653.65000012,0
7813,313029.594062258,4161653.59145689,0
7814,313029.675137203,4161653.53291756,0
7815,313029.756214951,4161653.47438211,0
7816,313029.837295387,4161653.41585038,0
7817,313029.918378396,4161653.35732222,0
7818,313029.999463863,4161653.29879747,0
7819,313030.080551673,4161653.24027596,0
7820,313030.161641706,4161653.18175753,0
7821,313030.242733811,4161653.12324197,0
7822,313030.323827822,4161653.06472905,0
7823,313030.404923573,4161653.00621855,0
7824,313030.486020898,4161652.94771023,0
7825,313030.567119632,4161652.88920386,0
7826,313030.648219609,4161652.83069921,0
7827,313030.729320663,4161652.77219605,0
7828,313030.810422629,4161652.71369416,0
7829,313030.891525452,4161652.65519346,0
7830,313030.972629732,4161652.59669477,0
7831,313031.053736304,4161652.53819927,0
7832,313031.134846,4161652.4797081,0
7833,313031.215959657,4161652.42122242,0
7834,313031.297078108,4161652.36274339,0
7835,313031.378201945,4161652.30427183,0
7836,313031.459330833,4161652.24580728,0
7837,313031.540464218,4161652.18734897,0
7838,313031.621601548,4161652.12889614,0
7839,313031.702742267,4161652.07044801,0
7840,313031.783885821,4161652.01200381,0
7841,313031.865031658,4161651.95356279,0
7842,313031.946179267,4161651.89512422,0
7843,313032.027328199,4161651.8366875,0
7844,313032.108478007,4161651.77825199,0
7845,313032.189628246,4161651.71981708,0
7846,313032.270778471,4161651.66138215,0
7847,313032.351928304,4161651.60294668,0
7848,313032.433078106,4161651.54451116,0
7849,313032.514228705,4161651.48607675,0
7850,313032.595380931,4161651.4276446,0
7851,313032.676535619,4161651.36921587,0
7852,313032.757693601,4161651.31079171,0
7853,313032.838855702,4161651.25237328,0
7854,313032.920022278,4161651.19396106,0
7855,313033.001192916,4161651.13555449,0
7856,313033.082367134,4161651.0771529,0
7857,313033.163544448,4161651.0187556,0
7858,313033.244724376,4161650.96036194,0
7859,313033.325906435,4161650.90197125,0
7860,313033.40709015,4161650.84358285,0
7861,313033.488275055,4161650.78519611,0
7862,313033.569460688,4161650.72681039,0
7863,313033.650646584,4161650.66842503,0
7864,313033.731832279,4161650.61003939,0
7865,313033.813017309,4161650.55165282,0
7866,313033.894201212,4161650.49326469,0
7867,313033.975383522,4161650.43487435,0
7868,313034.056563782,4161650.37648115,0
7869,313034.137742065,4161650.3180852,0
7870,313034.218919491,4161650.25968807,0
7871,313034.300097298,4161650.20129146,0
7872,313034.381276723,4161650.1428971,0
7873,313034.462459006,4161650.08450672,0
7874,313034.543645385,4161650.02612203,0
7875,313034.624836925,4161649.96774452,0
7876,313034.706033135,4161649.90937351,0
7877,313034.7872327,4161649.85100716,0
7878,313034.868434298,4161649.79264364,0
7879,313034.949636608,4161649.73428111,0
7880,313035.030838306,4161649.67591772,0
7881,313035.112038126,4161649.61755173,0
7882,313035.193235687,4161649.55918259,0
7883,313035.274431327,4161649.50081078,0
7884,313035.355625404,4161649.4424368,0
7885,313035.436818279,4161649.38406115,0
7886,313035.51801031,4161649.32568432,0
7887,313035.599201855,4161649.26730681,0
7888,313035.680393319,4161649.20892919,0
7889,313035.761585188,4161649.15055214,0
7890,313035.842777958,4161649.09217634,0
7891,313035.923972126,4161649.03380248,0
7892,313036.005168187,4161648.97543126,0
7893,313036.086366639,4161648.91706336,0
7894,313036.167567855,4161648.85869931,0
7895,313036.248771634,4161648.80033883,0
7896,313036.329977606,4161648.7419814,0
7897,313036.411185405,4161648.6836265,0
7898,313036.49239466,4161648.62527364,0
7899,313036.573605003,4161648.56692228,0
7900,313036.654816065,4161648.50857193,0
7901,313036.736027478,4161648.45022207,0
7902,313036.817238872,4161648.39187218,0
7903,313036.898449886,4161648.33352176,0
7904,313036.979660293,4161648.2751705,0
7905,313037.060870005,4161648.21681827,0
7906,313037.14207894,4161648.15846496,0
7907,313037.223287016,4161648.10011046,0
7908,313037.304494149,4161648.04175464,0
7909,313037.385700258,4161647.98339739,0
7910,313037.466905434,4161647.92503885,0
7911,313037.548110539,4161647.86668021,0
7912,313037.629316651,4161647.80832296,0
7913,313037.710524846,4161647.74996862,0
7914,313037.791736202,4161647.69161868,0
7915,313037.872951797,4161647.63327464,0
7916,313037.954172656,4161647.57493793,0
7917,313038.035398826,4161647.51660862,0
7918,313038.116629451,4161647.45828551,0
7919,313038.197863645,4161647.39996736,0
7920,313038.27910052,4161647.34165295,0
7921,313038.360339189,4161647.28334104,0
7922,313038.441578764,4161647.22503039,0
7923,313038.522818358,4161647.16671977,0
7924,313038.604057083,4161647.10840794,0
7925,313038.685294053,4161647.05009366,0
7926,313038.766528433,4161646.99177578,0
7927,313038.847760111,4161646.93345415,0
7928,313038.928989488,4161646.8751293,0
7929,313039.010216976,4161646.81680182,0
7930,313039.091442987,4161646.75847228,0
7931,313039.172667932,4161646.70014125,0
7932,313039.253892223,4161646.6418093,0
7933,313039.335116053,4161646.58347669,0
7934,313039.416339195,4161646.52514313,0
7935,313039.497561374,4161646.46680823,0
7936,313039.578782311,4161646.40847162,0
7937,313039.660001732,4161646.35013291,0
7938,313039.74121936,4161646.29179173,0
7939,313039.82243492,4161646.23344771,0
7940,313039.903648838,4161646.17510143,0
7941,313039.98486332,4161646.11675594,0
7942,313040.066080855,4161646.05841467,0
7943,313040.147303928,4161646.00008104,0
7944,313040.228535027,4161645.94175849,0
7945,313040.309776639,4161645.88345045,0
7946,313040.391032097,4161645.82516157,0
7947,313040.472307237,4161645.76690009,0
7948,313040.553608359,4161645.70867493,0
7949,313040.63494176,4161645.650495,0
7950,313040.716313739,4161645.59236923,0
7951,313040.797730596,4161645.53430651,0
7952,313040.879198627,4161645.47631578,0
7953,313040.960722229,4161645.41840326,0
7954,313041.04229667,4161645.3605623,0
7955,313041.12391449,4161645.30278242,0
7956,313041.205568227,4161645.24505313,0
7957,313041.28725042,4161645.18736393,0
7958,313041.368953608,4161645.12970433,0
7959,313041.45067033,4161645.07206384,0
7960,313041.532393123,4161645.01443197,0
7961,313041.614114528,4161644.95679823,0
7962,313041.695827083,4161644.89915212,0
7963,313041.777524759,4161644.84148515,0
7964,313041.85920667,4161644.78379599,0
7965,313041.940873078,4161644.72608489,0
7966,313042.022524248,4161644.66835213,0
7967,313042.104160442,4161644.61059796,0
7968,313042.185781925,4161644.55282267,0
7969,313042.267388145,4161644.49502537,0
7970,313042.348968793,4161644.43719176,0
7971,313042.430507122,4161644.3792986,0
7972,313042.511986273,4161644.32132252,0
7973,313042.593389385,4161644.26324015,0
7974,313042.674699597,4161644.20502811,0
7975,313042.75590005,4161644.14666302,0
7976,313042.836975513,4161644.08812385,0
7977,313042.917922659,4161644.02940657,0
7978,313042.998743432,4161643.9705147,0
7979,313043.079439802,4161643.91145181,0
7980,313043.160013739,4161643.85222143,0
7981,313043.240467212,4161643.79282714,0
7982,313043.320802191,4161643.73327248,0
7983,313043.401020645,4161643.67356102,0
7984,313043.481124544,4161643.61369631,0
7985,313043.561115857,4161643.5536819,0
7986,313043.640997001,4161643.49352187,0
7987,313043.72077345,4161643.43322383,0
7988,313043.800451954,4161643.37279687,0
7989,313043.880039266,4161643.31225008,0
7990,313043.95954214,4161643.25159255,0
7991,313044.03896733,4161643.19083337,0
7992,313044.118321591,4161643.12998163,0
7993,313044.197611516,4161643.0690462,0
7994,313044.276842733,4161643.00803451,0
7995,313044.356020505,4161642.94695346,0
7996,313044.435150098,4161642.88580996,0
7997,313044.514236774,4161642.82461092,0
7998,313044.593285797,4161642.76336324,0
7999,313044.672302412,4161642.70207379,0
8000,313044.751290756,4161642.64074798,0
8001,313044.830253308,4161642.57938902,0
8002,313044.909192409,4161642.51799992,0
8003,313044.9881104,4161642.4565837,0
8004,313045.067009623,4161642.39514338,0
8005,313045.145892418,4161642.33368196,0
8006,313045.224761123,4161642.27220248,0
8007,313045.303617848,4161642.21070763,0
8008,313045.38246437,4161642.1491997,0
8009,313045.461302439,4161642.08768093,0
8010,313045.540133805,4161642.02615357,0
8011,313045.618960218,4161641.96461986,0
8012,313045.697783428,4161641.90308203,0
8013,313045.776605146,4161641.8415423,0
8014,313045.855426802,4161641.78000248,0
8015,313045.934249697,4161641.71846425,0
8016,313046.013075129,4161641.65692928,0
8017,313046.091904399,4161641.59539922,0
8018,313046.170738806,4161641.53387575,0
8019,313046.249579651,4161641.47236054,0
8020,313046.328428232,4161641.41085526,0
8021,313046.40728585,4161641.34936156,0
8022,313046.486153805,4161641.28788112,0
8023,313046.565033314,4161641.2264155,0
8024,313046.643924749,4161641.16496518,0
8025,313046.722827977,4161641.10353,0
8026,313046.801742858,4161641.04210978,0
8027,313046.880669253,4161640.98070436,0
8028,313046.959607024,4161640.91931355,0
8029,313047.038556029,4161640.8579372,0
8030,313047.117516141,4161640.79657513,0
8031,313047.196487425,4161640.73522744,0
8032,313047.275470139,4161640.67389448,0
8033,313047.354464551,4161640.61257658,0
8034,313047.433470925,4161640.5512741,0
8035,313047.512489528,4161640.48998738,0
8036,313047.591520626,4161640.42871678,0
8037,313047.670564468,4161640.36746263,0
8038,313047.749620951,4161640.30622478,0
8039,313047.828689624,4161640.24500268,0
8040,313047.907770023,4161640.18379571,0
8041,313047.986861682,4161640.1226033,0
8042,313048.065964137,4161640.06142483,0
8043,313048.145076924,4161640.00025972,0
8044,313048.224199578,4161639.93910738,0
8045,313048.303331633,4161639.8779672,0
8046,313048.382472626,4161639.81683859,0
8047,313048.461622092,4161639.75572096,0
8048,313048.540779606,4161639.69461376,0
8049,313048.61994485,4161639.63351658,0
8050,313048.699117525,4161639.57242903,0
8051,313048.778297332,4161639.51135074,0
8052,313048.857483971,4161639.4502813,0
8053,313048.936677143,4161639.38922033,0
8054,313049.01587655,4161639.32816746,0
8055,313049.095081878,4161639.26712226,0
8056,313049.174292779,4161639.2060843,0
8057,313049.253508897,4161639.1450531,0
8058,313049.332729876,4161639.08402822,0
8059,313049.411955359,4161639.02300918,0
8060,313049.491184992,4161638.96199552,0
8061,313049.570418419,4161638.9009868,0
8062,313049.649655451,4161638.83998276,0
8063,313049.728896133,4161638.77898346,0
8064,313049.808140532,4161638.71798898,0
8065,313049.887388713,4161638.65699943,0
8066,313049.966640742,4161638.59601487,0
8067,313050.045896685,4161638.53503541,0
8068,313050.125156608,4161638.47406111,0
8069,313050.204420473,4161638.41309194,0
8070,313050.283687827,4161638.35212731,0
8071,313050.362958112,4161638.29116649,0
8072,313050.442230771,4161638.23020875,0
8073,313050.521505247,4161638.16925338,0
8074,313050.600780984,4161638.10829964,0
8075,313050.680057423,4161638.04734682,0
8076,313050.759334237,4161637.98639449,0
8077,313050.8386119,4161637.92544326,0
8078,313050.917891061,4161637.86449398,0
8079,313050.997172367,4161637.80354748,0
8080,313051.076456467,4161637.74260463,0
8081,313051.15574401,4161637.68166626,0
8082,313051.235035645,4161637.62073321,0
8083,313051.314331921,4161637.5598062,0
8084,313051.393632513,4161637.49888481,0
8085,313051.472936635,4161637.43796801,0
8086,313051.552243498,4161637.37705478,0
8087,313051.631552315,4161637.3161441,0
8088,313051.710862296,4161637.25523492,0
8089,313051.790172653,4161637.19432624,0
8090,313051.869482648,4161637.13341709,0
8091,313051.948792035,4161637.07250715,0
8092,313052.028100841,4161637.01159645,0
8093,313052.107409096,4161636.95068503,0
8094,313052.186716828,4161636.88977293,0
8095,313052.266024069,4161636.8288602,0
8096,313052.345330848,4161636.76794686,0
8097,313052.424637194,4161636.70703296,0
8098,313052.503943143,4161636.64611854,0
8099,313052.583248739,4161636.58520366,0
8100,313052.662554027,4161636.52428838,0
8101,313052.741859055,4161636.46337276,0
8102,313052.821163867,4161636.40245686,0
8103,313052.90046851,4161636.34154074,0
8104,313052.97977303,4161636.28062446,0
8105,313053.059077402,4161636.21970799,0
8106,313053.138381501,4161636.15879116,0
8107,313053.21768519,4161636.0978738,0
8108,313053.296988332,4161636.03695573,0
8109,313053.376290793,4161635.97603677,0
8110,313053.455592435,4161635.91511674,0
8111,313053.534893122,4161635.85419547,0
8112,313053.614192718,4161635.79327278,0
8113,313053.693491086,4161635.73234849,0
8114,313053.772788092,4161635.67142243,0
8115,313053.852083607,4161635.61049443,0
8116,313053.931377649,4161635.54956452,0
8117,313054.010670351,4161635.48863285,0
8118,313054.089961849,4161635.42769962,0
8119,313054.169252279,4161635.36676501,0
8120,313054.248541777,4161635.30582918,0
8121,313054.32783048,4161635.24489231,0
8122,313054.407118523,4161635.18395459,0
8123,313054.486406025,4161635.12301616,0
8124,313054.565693048,4161635.06207711,0
8125,313054.644979647,4161635.0011375,0
8126,313054.724265874,4161634.94019741,0
8127,313054.803551783,4161634.87925691,0
8128,313054.882837427,4161634.81831607,0
8129,313054.962122858,4161634.75737495,0
8130,313055.041408131,4161634.69643362,0
8131,313055.120693298,4161634.63549215,0
8132,313055.199978413,4161634.57455062,0
8133,313055.279263526,4161634.51360908,0
8134,313055.358548625,4161634.45266753,0
8135,313055.437833633,4161634.39172585,0
8136,313055.517118467,4161634.33078396,0
8137,313055.596403046,4161634.26984172,0
8138,313055.675687289,4161634.20889906,0
8139,313055.754971114,4161634.14795584,0
8140,313055.834254439,4161634.08701198,0
8141,313055.91353719,4161634.02606737,0
8142,313055.992819377,4161633.96512203,0
8143,313056.072101068,4161633.90417604,0
8144,313056.151382336,4161633.8432295,0
8145,313056.23066325,4161633.7822825,0
8146,313056.30994388,4161633.72133514,0
8147,313056.389224299,4161633.66038749,0
8148,313056.468504576,4161633.59943966,0
8149,313056.547784781,4161633.53849174,0
8150,313056.627064987,4161633.47754382,0
8151,313056.706345262,4161633.41659599,0
8152,313056.785625677,4161633.35564835,0
8153,313056.864906261,4161633.29470092,0
8154,313056.944186991,4161633.23375368,0
8155,313057.023467844,4161633.1728066,0
8156,313057.102748796,4161633.11185965,0
8157,313057.182029823,4161633.0509128,0
8158,313057.261310901,4161632.98996601,0
8159,313057.34059201,4161632.92901927,0
8160,313057.419873204,4161632.86807263,0
8161,313057.499154599,4161632.80712626,0
8162,313057.578436316,4161632.74618031,0
8163,313057.657718476,4161632.68523493,0
8164,313057.737001199,4161632.62429028,0
8165,313057.816284604,4161632.56334652,0
8166,313057.895568813,4161632.50240381,0
8167,313057.97485393,4161632.44146228,0
8168,313058.0541399,4161632.38052186,0
8169,313058.133426583,4161632.31958237,0
8170,313058.212713836,4161632.25864361,0
8171,313058.292001517,4161632.19770542,0
8172,313058.371289483,4161632.13676759,0
8173,313058.450577593,4161632.07582996,0
8174,313058.529865704,4161632.01489232,0
8175,313058.609153673,4161631.9539545,0
8176,313058.688441359,4161631.89301631,0
8177,313058.767728619,4161631.83207757,0
8178,313058.847015325,4161631.7711381,0
8179,313058.926301577,4161631.71019805,0
8180,313059.005587654,4161631.64925777,0
8181,313059.084873835,4161631.58831762,0
8182,313059.164160403,4161631.52737798,0
8183,313059.24344764,4161631.4664392,0
8184,313059.322735827,4161631.40550167,0
8185,313059.402025246,4161631.34456573,0
8186,313059.481316122,4161631.2836317,0
8187,313059.56060841,4161631.22269949,0
8188,313059.639901985,4161631.16176897,0
8189,313059.719196722,4161631.10083996,0
8190,313059.798492498,4161631.03991229,0
8191,313059.877789187,4161630.97898582,0
8192,313059.957086665,4161630.91806038,0
8193,313060.036384807,4161630.85713579,0
8194,313060.115683488,4161630.79621191,0
8195,313060.194982585,4161630.73528857,0
8196,313060.274281971,4161630.67436561,0
8197,313060.353581524,4161630.61344286,0
8198,313060.43288115,4161630.55252021,0
8199,313060.51218079,4161630.49159758,0
8200,313060.591480385,4161630.43067489,0
8201,313060.670779877,4161630.36975207,0
8202,313060.75007921,4161630.30882903,0
8203,313060.829378324,4161630.24790572,0
8204,313060.908677163,4161630.18698204,0
8205,313060.987975711,4161630.12605799,0
8206,313061.067274042,4161630.06513365,0
8207,313061.146572241,4161630.00420915,0
8208,313061.225870393,4161629.94328458,0
8209,313061.305168583,4161629.88236006,0
8210,313061.384466896,4161629.8214357,0
8211,313061.463765418,4161629.76051161,0
8212,313061.543064231,4161629.6995879,0
8213,313061.622363377,4161629.63866463,0
8214,313061.701662834,4161629.57774176,0
8215,313061.780962572,4161629.51681925,0
8216,313061.860262564,4161629.45589708,0
8217,313061.939562781,4161629.3949752,0
8218,313062.018863195,4161629.33405357,0
8219,313062.098163778,4161629.27313217,0
8220,313062.177464501,4161629.21221095,0
8221,313062.256765337,4161629.15128987,0
8222,313062.336066256,4161629.09036891,0
8223,313062.415367232,4161629.02944801,0
8224,313062.49466824,4161628.96852716,0
8225,313062.573969271,4161628.90760634,0
8226,313062.653270318,4161628.84668554,0
8227,313062.732571372,4161628.78576475,0
8228,313062.811872425,4161628.72484395,0
8229,313062.89117347,4161628.66392315,0
8230,313062.970474498,4161628.60300233,0
8231,313063.0497755,4161628.54208147,0
8232,313063.129076437,4161628.48116052,0
8233,313063.208377244,4161628.42023941,0
8234,313063.287677854,4161628.35931804,0
8235,313063.366978202,4161628.29839633,0
8236,313063.446278221,4161628.23747419,0
8237,313063.525577846,4161628.17655154,0
8238,313063.604877011,4161628.11562829,0
8239,313063.684175649,4161628.05470435,0
8240,313063.763473694,4161627.99377964,0
8241,313063.842771081,4161627.93285408,0
8242,313063.922067744,4161627.87192757,0
8243,313064.001363618,4161627.81100004,0
8244,313064.080658683,4161627.75007145,0
8245,313064.159952956,4161627.68914184,0
8246,313064.239246458,4161627.62821121,0
8247,313064.318539208,4161627.56727961,0
8248,313064.397831225,4161627.50634706,0
8249,313064.477122528,4161627.44541358,0
8250,313064.556413138,4161627.38447919,0
8251,313064.635703073,4161627.32354393,0
8252,313064.714992396,4161627.26260787,0
8253,313064.794281235,4161627.20167119,0
8254,313064.873569723,4161627.14073404,0
8255,313064.952857994,4161627.07979661,0
8256,313065.03214618,4161627.01885907,0
8257,313065.111434416,4161626.9579216,0
8258,313065.190722834,4161626.89698436,0
8259,313065.270011521,4161626.83604748,0
8260,313065.349300431,4161626.77511088,0
8261,313065.428589494,4161626.71417449,0
8262,313065.507878638,4161626.65323819,0
8263,313065.587167794,4161626.59230192,0
8264,313065.666456891,4161626.53136557,0
8265,313065.745745859,4161626.47042904,0
8266,313065.825034626,4161626.40949226,0
8267,313065.904323123,4161626.34855513,0
8268,313065.983611279,4161626.28761755,0
8269,313066.062899023,4161626.22667944,0
8270,313066.142186285,4161626.1657407,0
8271,313066.221472992,4161626.10480123,0
8272,313066.300759065,4161626.04386095,0
8273,313066.380044421,4161625.98291973,0
8274,313066.45932898,4161625.92197747,0
8275,313066.538612659,4161625.86103407,0
8276,313066.617895377,4161625.80008942,0
8277,313066.697177054,4161625.73914341,0
8278,313066.776457606,4161625.67819594,0
8279,313066.855737008,4161625.61724697,0
8280,313066.935015447,4161625.55629675,0
8281,313067.014293167,4161625.4953456,0
8282,313067.093570411,4161625.43439383,0
8283,313067.172847423,4161625.37344175,0
8284,313067.252124445,4161625.31248969,0
8285,313067.331401721,4161625.25153796,0
8286,313067.410679486,4161625.19058687,0
8287,313067.489957807,4161625.1296365,0
8288,313067.569236595,4161625.06868673,0
8289,313067.648515751,4161625.00773744,0
8290,313067.727795179,4161624.94678851,0
8291,313067.807074783,4161624.88583981,0
8292,313067.886354465,4161624.82489121,0
8293,313067.965634128,4161624.76394258,0
8294,313068.044913676,4161624.70299381,0
8295,313068.124193013,4161624.64204476,0
8296,313068.20347204,4161624.5810953,0
8297,313068.282750661,4161624.52014532,0
8298,313068.362028786,4161624.45919469,0
8299,313068.441306434,4161624.39824345,0
8300,313068.520583734,4161624.33729175,0
8301,313068.599860818,4161624.27633977,0
8302,313068.679137819,4161624.21538768,0
8303,313068.758414867,4161624.15443565,0
8304,313068.837692095,4161624.09348386,0
8305,313068.916969635,4161624.03253247,0
8306,313068.996247618,4161623.97158166,0
8307,313069.075526125,4161623.91063153,0
8308,313069.154805137,4161623.84968205,0
8309,313069.234084625,4161623.7887332,0
8310,313069.313364561,4161623.72778493,0
8311,313069.392644917,4161623.66683721,0
8312,313069.471925663,4161623.60588999,0
8313,313069.55120677,4161623.54494324,0
8314,313069.63048821,4161623.48399693,0
8315,313069.70976995,4161623.423051,0
8316,313069.789051952,4161623.36210542,0
8317,313069.868334177,4161623.30116012,0
8318,313069.947616588,4161623.24021507,0
8319,313070.026899147,4161623.17927021,0
8320,313070.106181816,4161623.1183255,0
8321,313070.185464557,4161623.05738088,0
8322,313070.264747348,4161622.99643632,0
8323,313070.344030253,4161622.93549191,0
8324,313070.423313373,4161622.87454778,0
8325,313070.502596807,4161622.81360406,0
8326,313070.581880654,4161622.75266088,0
8327,313070.661165015,4161622.69171836,0
8328,313070.740449988,4161622.63077664,0
8329,313070.819735674,4161622.56983585,0
8330,313070.899022151,4161622.50889609,0
8331,313070.978309375,4161622.4479573,0
8332,313071.057597256,4161622.38701937,0
8333,313071.136885701,4161622.32608216,0
8334,313071.216174618,4161622.26514558,0
8335,313071.295463915,4161622.20420949,0
8336,313071.374753501,4161622.14327377,0
8337,313071.454043283,4161622.08233831,0
8338,313071.53333317,4161622.02140298,0
8339,313071.61262307,4161621.96046767,0
8340,313071.691912892,4161621.89953226,0
8341,313071.771202542,4161621.83859663,0
8342,313071.850491932,4161621.77766066,0
8343,313071.929781095,4161621.71672439,0
8344,313072.009070233,4161621.65578809,0
8345,313072.088359564,4161621.59485204,0
8346,313072.167649305,4161621.53391653,0
8347,313072.246939674,4161621.47298183,0
8348,313072.326230888,4161621.41204823,0
8349,313072.405523163,4161621.35111602,0
8350,313072.484816709,4161621.29018545,0
8351,313072.564111557,4161621.22925658,0
8352,313072.643407584,4161621.16832925,0
8353,313072.722704663,4161621.10740328,0
8354,313072.802002664,4161621.04647852,0
8355,313072.881301459,4161620.98555479,0
8356,313072.960600919,4161620.92463192,0
8357,313073.039900915,4161620.86370975,0
8358,313073.119201319,4161620.80278811,0
8359,313073.198502003,4161620.74186684,0
8360,313073.277802837,4161620.68094576,0
8361,313073.357103694,4161620.62002471,0
8362,313073.436404444,4161620.55910352,0
8363,313073.515705005,4161620.49818209,0
8364,313073.595005424,4161620.43726047,0
8365,313073.674305769,4161620.37633876,0
8366,313073.75360611,4161620.31541704,0
8367,313073.832906514,4161620.2544954,0
8368,313073.912207051,4161620.19357394,0
8369,313073.991507789,4161620.13265274,0
8370,313074.070808796,4161620.07173188,0
8371,313074.150110133,4161620.01081146,0
8372,313074.229411775,4161619.94989143,0
8373,313074.308713661,4161619.88897172,0
8374,313074.38801573,4161619.82805226,0
8375,313074.46731792,4161619.76713294,0
8376,313074.54662017,4161619.70621371,0
8377,313074.625922417,4161619.64529447,0
8378,313074.705224599,4161619.58437515,0
8379,313074.784526664,4161619.52345567,0
8380,313074.863828621,4161619.46253606,0
8381,313074.94313051,4161619.40161635,0
8382,313075.022432369,4161619.34069661,0
8383,313075.101734237,4161619.27977687,0
8384,313075.181036155,4161619.21885721,0
8385,313075.260338161,4161619.15793766,0
8386,313075.339640295,4161619.09701827,0
8387,313075.418942595,4161619.0360991,0
8388,313075.498245096,4161618.97518019,0
8389,313075.577547827,4161618.91426158,0
8390,313075.656850815,4161618.85334331,0
8391,313075.736154086,4161618.79242541,0
8392,313075.815457669,4161618.73150791,0
8393,313075.89476159,4161618.67059085,0
8394,313075.974065877,4161618.60967426,0
8395,313076.053370557,4161618.54875819,0
8396,313076.132675598,4161618.48784259,0
8397,313076.211980838,4161618.42692725,0
8398,313076.291286095,4161618.36601193,0
8399,313076.37059119,4161618.3050964,0
8400,313076.44989594,4161618.24418042,0
8401,313076.529200167,4161618.18326376,0
8402,313076.608503688,4161618.12234618,0
8403,313076.687806323,4161618.06142744,0
8404,313076.767107992,4161618.00050745,0
8405,313076.846408856,4161617.93958641,0
8406,313076.925709113,4161617.87866458,0
8407,313077.005008961,4161617.81774222,0
8408,313077.084308596,4161617.75681958,0
8409,313077.163608218,4161617.69589693,0
8410,313077.242908023,4161617.63497451,0
8411,313077.322208209,4161617.57405259,0
8412,313077.40150897,4161617.51313142,0
8413,313077.480810348,4161617.45221105,0
8414,313077.560112193,4161617.39129129,0
8415,313077.639414346,4161617.33037193,0
8416,313077.718716645,4161617.26945275,0
8417,313077.798018928,4161617.20853356,0
8418,313077.877321035,4161617.14761414,0
8419,313077.956622805,4161617.08669428,0
8420,313078.035924086,4161617.02577379,0
8421,313078.115224884,4161616.96485266,0
8422,313078.19452535,4161616.9039311,0
8423,313078.273825637,4161616.84300931,0
8424,313078.353125897,4161616.78208749,0
8425,313078.432426285,4161616.72116583,0
8426,313078.511726954,4161616.66024454,0
8427,313078.591028058,4161616.59932381,0
8428,313078.670329748,4161616.53840385,0
8429,313078.749632093,4161616.47748474,0
8430,313078.828935028,4161616.4165664,0
8431,313078.908238478,4161616.35564872,0
8432,313078.987542367,4161616.29473162,0
8433,313079.066846618,4161616.23381499,0
8434,313079.146151155,4161616.17289874,0
8435,313079.225455902,4161616.11198275,0
8436,313079.304760784,4161616.05106694,0
8437,313079.384065732,4161615.99015122,0
8438,313079.463370764,4161615.92923561,0
8439,313079.542675942,4161615.86832018,0
8440,313079.621981331,4161615.80740504,0
8441,313079.701286996,4161615.74649025,0
8442,313079.780593001,4161615.6855759,0
8443,313079.859899409,4161615.62466208,0
8444,313079.939206285,4161615.56374887,0
8445,313080.018513693,4161615.50283635,0
8446,313080.097821658,4161615.44192455,0
8447,313080.177130166,4161615.38101347,0
8448,313080.256439201,4161615.32010307,0
8449,313080.335748747,4161615.25919333,0
8450,313080.415058787,4161615.19828424,0
8451,313080.494369306,4161615.13737577,0
8452,313080.573680287,4161615.0764679,0
8453,313080.652991714,4161615.01556061,0
8454,313080.732303573,4161614.95465389,0
8455,313080.81161587,4161614.89374774,0
8456,313080.890928623,4161614.83284218,0
8457,313080.970241848,4161614.77193723,0
8458,313081.049555561,4161614.71103292,0
8459,313081.12886978,4161614.65012927,0
8460,313081.208184519,4161614.5892263,0
8461,313081.287499797,4161614.52832403,0
8462,313081.36681563,4161614.46742248,0
8463,313081.446132034,4161614.40652167,0
8464,313081.525449026,4161614.34562163,0
8465,313081.604766623,4161614.28472238,0
8466,313081.68408484,4161614.22382394,0
8467,313081.763403675,4161614.1629263,0
8468,313081.842723092,4161614.10202942,0
8469,313081.92204305,4161614.04113324,0
8470,313082.001363509,4161613.98023772,0
8471,313082.080684428,4161613.91934279,0
8472,313082.160005769,4161613.85844842,0
8473,313082.23932749,4161613.79755454,0
8474,313082.318649552,4161613.7366611,0
8475,313082.397971923,4161613.67576807,0
8476,313082.477294636,4161613.61487548,0
8477,313082.556617747,4161613.55398342,0
8478,313082.635941315,4161613.49309194,0
8479,313082.715265397,4161613.43220114,0
8480,313082.794590049,4161613.37131108,0
8481,313082.87391533,4161613.31042183,0
8482,313082.953241297,4161613.24953348,0
8483,313083.032568007,4161613.1886461,0
8484,313083.111895498,4161613.12775974,0
8485,313083.191223788,4161613.06687442,0
8486,313083.270552891,4161613.00599016,0
8487,313083.349882825,4161612.94510698,0
8488,313083.429213605,4161612.8842249,0
8489,313083.508545246,4161612.82334394,0
8490,313083.587877765,4161612.76246413,0
8491,313083.667211177,4161612.70158549,0
8492,313083.746545497,4161612.64070802,0
8493,313083.825880718,4161612.57983173,0
8494,313083.90521682,4161612.51895659,0
8495,313083.984553781,4161612.45808257,0
8496,313084.063891581,4161612.39720964,0
8497,313084.143230198,4161612.33633777,0
8498,313084.222569611,4161612.27546695,0
8499,313084.301909799,4161612.21459713,0
8500,313084.381250742,4161612.1537283,0
8501,313084.460592433,4161612.09286044,0
8502,313084.539934912,4161612.03199361,0
8503,313084.619278221,4161611.97112786,0
8504,313084.698622402,4161611.91026325,0
8505,313084.7779675,4161611.84939983,0
8506,313084.857313557,4161611.78853767,0
8507,313084.936660616,4161611.72767681,0
8508,313085.016008721,4161611.66681731,0
8509,313085.09535791,4161611.60595923,0
8510,313085.174708163,4161611.54510253,0
8511,313085.25405942,4161611.48424715,0
8512,313085.333411622,4161611.42339299,0
8513,313085.412764707,4161611.36253999,0
8514,313085.492118614,4161611.30168806,0
8515,313085.571473283,4161611.24083712,0
8516,313085.650828653,4161611.1799871,0
8517,313085.730184665,4161611.11913791,0
8518,313085.809541272,4161611.0582895,0
8519,313085.888898484,4161610.99744188,0
8520,313085.968256317,4161610.93659507,0
8521,313086.047614789,4161610.8757491,0
8522,313086.126973917,4161610.81490397,0
8523,313086.206333719,4161610.75405973,0
8524,313086.285694213,4161610.69321639,0
8525,313086.365055415,4161610.63237398,0
8526,313086.444417344,4161610.57153251,0
8527,313086.523779985,4161610.51069197,0
8528,313086.603143278,4161610.44985228,0
8529,313086.682507153,4161610.38901335,0
8530,313086.761871544,4161610.3281751,0
8531,313086.841236384,4161610.26733742,0
8532,313086.920601605,4161610.20650025,0
8533,313086.99996714,4161610.14566349,0
8534,313087.079332922,4161610.08482704,0
8535,313087.158698888,4161610.02399084,0
8536,313087.238065009,4161609.96315484,0
8537,313087.317431267,4161609.90231902,0
8538,313087.396797646,4161609.84148336,0
8539,313087.47616413,4161609.78064783,0
8540,313087.5555307,4161609.71981242,0
8541,313087.634897342,4161609.6589771,0
8542,313087.714264037,4161609.59814185,0
8543,313087.793630768,4161609.53730665,0
8544,313087.872997505,4161609.47647145,0
8545,313087.952364144,4161609.41563613,0
8546,313088.031730562,4161609.35480051,0
8547,313088.111096636,4161609.29396445,0
8548,313088.190462244,4161609.23312778,0
8549,313088.269827262,4161609.17229035,0
8550,313088.349191567,4161609.11145198,0
8551,313088.428555037,4161609.05061252,0
8552,313088.50791755,4161608.98977181,0
8553,313088.587279129,4161608.92892989,0
8554,313088.666640076,4161608.86808714,0
8555,313088.746000728,4161608.807244,0
8556,313088.825361422,4161608.74640093,0
8557,313088.904722493,4161608.68555834,0
8558,313088.984084278,4161608.62471668,0
8559,313089.063447114,4161608.5638764,0
8560,313089.142811335,4161608.50303792,0
8561,313089.222177247,4161608.44220165,0
8562,313089.301544747,4161608.38136745,0
8563,313089.380913442,4161608.32053481,0
8564,313089.46028293,4161608.2597032,0
8565,313089.539652813,4161608.19887211,0
8566,313089.61902269,4161608.13804101,0
8567,313089.698392162,4161608.07720938,0
8568,313089.777760829,4161608.0163767,0
8569,313089.857128292,4161607.95554245,0
8570,313089.936494192,4161607.89470617,0
8571,313090.015858377,4161607.83386764,0
8572,313090.095220757,4161607.77302676,0
8573,313090.174581242,4161607.71218341,0
8574,313090.25393974,4161607.65133746,0
8575,313090.333296162,4161607.59048881,0
8576,313090.412650416,4161607.52963733,0
8577,313090.492002411,4161607.46878291,0
8578,313090.571352058,4161607.40792542,0
8579,313090.650699281,4161607.34706478,0
8580,313090.730044135,4161607.28620104,0
8581,313090.809386748,4161607.22533439,0
8582,313090.888727246,4161607.16446498,0
8583,313090.968065757,4161607.10359297,0
8584,313091.047402407,4161607.04271855,0
8585,313091.126737323,4161606.98184186,0
8586,313091.206070632,4161606.92096307,0
8587,313091.285402461,4161606.86008236,0
8588,313091.364732937,4161606.79919989,0
8589,313091.444062186,4161606.73831581,0
8590,313091.523390336,4161606.67743031,0
8591,313091.602717514,4161606.61654353,0
8592,313091.682043822,4161606.55565563,0
8593,313091.761369215,4161606.49476653,0
8594,313091.840693586,4161606.4338761,0
8595,313091.92001683,4161606.37298421,0
8596,313091.999338842,4161606.31209071,0
8597,313092.078659516,4161606.25119546,0
8598,313092.157978747,4161606.19029834,0
8599,313092.237296429,4161606.1293992,0
8600,313092.316612457,4161606.06849791,0
8601,313092.395926772,4161606.00759438,0
8602,313092.475239407,4161605.94668867,0
8603,313092.554550411,4161605.88578083,0
8604,313092.633859832,4161605.82487093,0
8605,313092.713167716,4161605.76395903,0
8606,313092.79247411,4161605.70304519,0
8607,313092.871779063,4161605.64212948,0
8608,313092.951082622,4161605.58121194,0
8609,313093.030384833,4161605.52029266,0
8610,313093.109685726,4161605.45937166,0
8611,313093.188985266,4161605.39844889,0
8612,313093.268283405,4161605.3375243,0
8613,313093.347580096,4161605.27659783,0
8614,313093.42687529,4161605.21566941,0
8615,313093.50616894,4161605.15473898,0
8616,313093.585460998,4161605.09380648,0
8617,313093.664751416,4161605.03287185,0
8618,313093.744040148,4161604.97193502,0
8619,313093.823327144,4161604.91099593,0
8620,313093.902612357,4161604.85005453,0
8621,313093.98189574,4161604.78911074,0
8622,313094.061177244,4161604.72816451,0
8623,313094.140456854,4161604.66721581,0
8624,313094.219734727,4161604.60626486,0
8625,313094.299011083,4161604.54531193,0
8626,313094.378286141,4161604.48435731,0
8627,313094.45756012,4161604.4234013,0
8628,313094.536833241,4161604.36244416,0
8629,313094.616105721,4161604.30148619,0
8630,313094.695377782,4161604.24052768,0
8631,313094.774649641,4161604.1795689,0
8632,313094.853921477,4161604.1186101,0
8633,313094.933193247,4161604.0576512,0
8634,313095.012464829,4161603.99669207,0
8635,313095.091736105,4161603.93573254,0
8636,313095.171006955,4161603.87477245,0
8637,313095.250277259,4161603.81381165,0
8638,313095.329546898,4161603.75284999,0
8639,313095.408815751,4161603.6918873,0
8640,313095.488083699,4161603.63092344,0
8641,313095.567350699,4161603.56995834,0
8642,313095.646617204,4161603.5089926,0
8643,313095.725883871,4161603.44802707,0
8644,313095.805151354,4161603.3870626,0
8645,313095.884420308,4161603.32610004,0
8646,313095.963691389,4161603.26514026,0
8647,313096.042965252,4161603.20418409,0
8648,313096.122242554,4161603.14323239,0
8649,313096.201523948,4161603.08228602,0
8650,313096.28081006,4161603.02134579,0
8651,313096.360100767,4161602.96041153,0
8652,313096.439395182,4161602.8994821,0
8653,313096.518692382,4161602.83855629,0
8654,313096.597991444,4161602.77763291,0
8655,313096.677291444,4161602.71671074,0
8656,313096.75659146,4161602.6557886,0
8657,313096.83589057,4161602.59486527,0
8658,313096.915187849,4161602.53393957,0
8659,313096.994482611,4161602.47301059,0
8660,313097.073774945,4161602.41207844,0
8661,313097.1530651,4161602.35114347,0
8662,313097.232353322,4161602.29020598,0
8663,313097.311639861,4161602.2292663,0
8664,313097.390924964,4161602.16832475,0
8665,313097.47020888,4161602.10738165,0
8666,313097.549491857,4161602.04643734,0
8667,313097.628774142,4161601.98549212,0
8668,313097.708055961,4161601.9245463,0
8669,313097.787337437,4161601.86360003,0
8670,313097.866618671,4161601.80265345,0
8671,313097.945899764,4161601.74170668,0
8672,313098.025180813,4161601.68075986,0
8673,313098.10446192,4161601.61981311,0
8674,313098.183743183,4161601.55886657,0
8675,313098.263024702,4161601.49792035,0
8676,313098.342306578,4161601.43697461,0
8677,313098.421588899,4161601.37602944,0
8678,313098.500871698,4161601.31508489,0
8679,313098.580154993,4161601.25414099,0
8680,313098.659438803,4161601.19319776,0
8681,313098.738723144,4161601.13225522,0
8682,313098.818008031,4161601.07131339,0
8683,313098.897293457,4161601.01037226,0
8684,313098.9765794,4161600.9494318,0
8685,313099.055865842,4161600.88849199,0
8686,313099.135152761,4161600.82755281,0
8687,313099.214440138,4161600.76661422,0
8688,313099.293727953,4161600.7056762,0
8689,313099.373016186,4161600.64473872,0
8690,313099.452304817,4161600.58380176,0
8691,313099.531593821,4161600.52286528,0
8692,313099.610883155,4161600.46192924,0
8693,313099.690172761,4161600.40099355,0
8694,313099.769462587,4161600.34005815,0
8695,313099.848752576,4161600.27912295,0
8696,313099.928042674,4161600.2181879,0
8697,313100.007332826,4161600.15725292,0
8698,313100.086622977,4161600.09631794,0
8699,313100.165913073,4161600.03538289,0
8700,313100.245203068,4161599.9744477,0
8701,313100.324493015,4161599.91351246,0
8702,313100.403783012,4161599.85257728,0
8703,313100.483073159,4161599.79164229,0
8704,313100.562363556,4161599.73070763,0
8705,313100.641654303,4161599.66977342,0
8706,313100.720945499,4161599.6088398,0
8707,313100.800237245,4161599.54790689,0
8708,313100.87952964,4161599.48697483,0
8709,313100.95882278,4161599.42604374,0
8710,313101.038116673,4161599.36511363,0
8711,313101.117411228,4161599.30418438,0
8712,313101.196706349,4161599.24325587,0
8713,313101.276001939,4161599.18232796,0
8714,313101.355297902,4161599.12140054,0
8715,313101.434594142,4161599.06047349,0
8716,313101.513890563,4161598.99954667,0
8717,313101.593187067,4161598.93861995,0
8718,313101.672483561,4161598.87769322,0
8719,313101.751780002,4161598.81676643,0
8720,313101.831076438,4161598.75583963,0
8721,313101.910372923,4161598.69491289,0
8722,313101.989669511,4161598.63398628,0
8723,313102.068966257,4161598.57305988,0
8724,313102.148263214,4161598.51213376,0
8725,313102.227560437,4161598.45120798,0
8726,313102.306857981,4161598.39028262,0
8727,313102.3861559,4161598.32935775,0
8728,313102.465454248,4161598.26843343,0
8729,313102.544753079,4161598.20750975,0
8730,313102.624052449,4161598.14658677,0
8731,313102.70335241,4161598.08566455,0
8732,313102.782653016,4161598.02474318,0
8733,313102.861954267,4161597.96382264,0
8734,313102.94125611,4161597.90290288,0
8735,313103.020558493,4161597.84198382,0
8736,313103.099861359,4161597.78106539,0
8737,313103.179164656,4161597.72014751,0
8738,313103.258468329,4161597.65923013,0
8739,313103.337772323,4161597.59831317,0
8740,313103.417076585,4161597.53739655,0
8741,313103.496381058,4161597.47648021,0
8742,313103.57568564,4161597.41556401,0
8743,313103.654990143,4161597.35464771,0
8744,313103.734294375,4161597.29373105,0
8745,313103.813598142,4161597.23281379,0
8746,313103.892901251,4161597.17189568,0
8747,313103.972203509,4161597.11097645,0
8748,313104.051504722,4161597.05005587,0
8749,313104.130804696,4161596.98913367,0
8750,313104.210103239,4161596.92820961,0
8751,313104.289400241,4161596.86728355,0
8752,313104.368695842,4161596.80635566,0
8753,313104.447990224,4161596.74542618,0
8754,313104.527283571,4161596.68449536,0
8755,313104.606576065,4161596.62356343,0
8756,313104.68586789,4161596.56263062,0
8757,313104.765159229,4161596.50169719,0
8758,313104.844450265,4161596.44076336,0
8759,313104.923741182,4161596.37982937,0
8760,313105.003032135,4161596.31889544,0
8761,313105.082323099,4161596.25796151,0
8762,313105.161613982,4161596.19702748,0
8763,313105.240904692,4161596.13609323,0
8764,313105.320195134,4161596.07515863,0
8765,313105.399485216,4161596.01422356,0
8766,313105.478774845,4161595.95328789,0
8767,313105.558063928,4161595.89235152,0
8768,313105.637352371,4161595.83141432,0
8769,313105.716640085,4161595.77047617,0
8770,313105.795927037,4161595.70953702,0
8771,313105.875213271,4161595.64859695,0
8772,313105.954498832,4161595.58765599,0
8773,313106.033783766,4161595.52671422,0
8774,313106.11306812,4161595.4657717,0
8775,313106.19235194,4161595.40482848,0
8776,313106.271635272,4161595.34388463,0
8777,313106.350918161,4161595.2829402,0
8778,313106.430200654,4161595.22199525,0
8779,313106.509482784,4161595.16104984,0
8780,313106.588764555,4161595.10010395,0
8781,313106.668045966,4161595.0391576,0
8782,313106.747327016,4161594.97821078,0
8783,313106.826607706,4161594.91726349,0
8784,313106.905888033,4161594.85631572,0
8785,313106.985167998,4161594.79536749,0
8786,313107.064447601,4161594.73441879,0
8787,313107.143726839,4161594.67346961,0
8788,313107.223005713,4161594.61251996,0
8789,313107.302284203,4161594.5515698,0
8790,313107.381562279,4161594.49061911,0
8791,313107.46083991,4161594.42966784,0
8792,313107.540117067,4161594.36871596,0
8793,313107.619393717,4161594.30776341,0
8794,313107.69866983,4161594.24681017,0
8795,313107.777945377,4161594.18585619,0
8796,313107.857220326,4161594.12490143,0
8797,313107.936494647,4161594.06394586,0
8798,313108.01576839,4161594.00298953,0
8799,313108.095041734,4161593.94203268,0
8800,313108.17431487,4161593.88107557,0
8801,313108.253587989,4161593.82011843,0
8802,313108.332861282,4161593.75916152,0
8803,313108.412134859,4161593.69820498,0
8804,313108.491408658,4161593.63724873,0
8805,313108.570682598,4161593.57629266,0
8806,313108.649956595,4161593.51533667,0
8807,313108.729230568,4161593.45438065,0
8808,313108.808504433,4161593.39342448,0
8809,313108.887778109,4161593.33246807,0
8810,313108.967051512,4161593.2715113,0
8811,313109.046324561,4161593.21055408,0
8812,313109.125597173,4161593.14959628,0
8813,313109.204869265,4161593.0886378,0
8814,313109.284140755,4161593.02767854,0
8815,313109.36341156,4161592.96671839,0
8816,313109.442681645,4161592.9057573,0
8817,313109.52195143,4161592.84479581,0
8818,313109.601221598,4161592.78383483,0
8819,313109.680492831,4161592.72287525,0
8820,313109.759765815,4161592.66191794,0
8821,313109.839041109,4161592.60096366,0
8822,313109.918317586,4161592.54001092,0
8823,313109.997592913,4161592.47905668,0
8824,313110.07686473,4161592.41809785,0
8825,313110.156130676,4161592.35713136,0
8826,313110.235388434,4161592.29615417,0
8827,313110.31463832,4161592.23516669,0
8828,313110.393884815,4161592.17417479,0
8829,313110.473132772,4161592.11318479,0
8830,313110.55238704,4161592.05220303,0
8831,313110.631652472,4161591.99123584,0
8832,313110.710933918,4161591.93028955,0
8833,313110.790236228,4161591.8693705,0
8834,313110.869564255,4161591.80848503,0
8835,313110.948922697,4161591.74763926,0
8836,313111.028312269,4161591.68683413,0
8837,313111.10772939,4161591.62606497,0
8838,313111.187170269,4161591.5653268,0
8839,313111.266631114,4161591.5046147,0
8840,313111.346108133,4161591.44392369,0
8841,313111.425597533,4161591.38324883,0
8842,313111.505095524,4161591.32258515,0
8843,313111.584598314,4161591.26192772,0
8844,313111.664102109,4161591.20127157,0
8845,313111.74360312,4161591.14061174,0
8846,313111.823097553,4161591.07994329,0
8847,313111.902581617,4161591.01926126,0
8848,313111.98205152,4161590.95856069,0
8849,313112.061503482,4161590.89783665,0
8850,313112.140934871,4161590.83708571,0
8851,313112.220345106,4161590.77630713,0
8852,313112.299733821,4161590.71550046,0
8853,313112.37910065,4161590.65466524,0
8854,313112.458445226,4161590.59380103,0
8855,313112.537767183,4161590.53290737,0
8856,313112.617066155,4161590.4719838,0
8857,313112.696341775,4161590.41102988,0
8858,313112.775593677,4161590.35004515,0
8859,313112.854821494,4161590.28902915,0
8860,313112.934025097,4161590.22798174,0
8861,313113.013205405,4161590.16690413,0
8862,313113.092363628,4161590.10579788,0
8863,313113.171500975,4161590.04466458,0
8864,313113.250618657,4161589.9835058,0
8865,313113.329717882,4161589.92232312,0
8866,313113.408799862,4161589.86111812,0
8867,313113.487865806,4161589.79989237,0
8868,313113.566916924,4161589.73864745,0
8869,313113.645954426,4161589.67738494,0
8870,313113.724979522,4161589.61610642,0
8871,313113.803993422,4161589.55481346,0
8872,313113.882997335,4161589.49350763,0
8873,313113.961992471,4161589.43219053,0
8874,313114.040979908,4161589.37086355,0
8875,313114.119959825,4161589.30952692,0
8876,313114.198932036,4161589.2481804,0
8877,313114.277896354,4161589.18682376,0
8878,313114.356852589,4161589.12545673,0
8879,313114.435800556,4161589.06407908,0
8880,313114.514740065,4161589.00269057,0
8881,313114.593670929,4161588.94129094,0
8882,313114.672592961,4161588.87987995,0
8883,313114.751506047,4161588.81845746,0
8884,313114.830410632,4161588.75702404,0
8885,313114.909307411,4161588.69558058,0
8886,313114.988197076,4161588.63412798,0
8887,313115.067080322,4161588.57266714,0
8888,313115.145957844,4161588.51119895,0
8889,313115.224830237,4161588.44972418,0
8890,313115.303697824,4161588.38824326,0
8891,313115.382560884,4161588.32675653,0
8892,313115.461419696,4161588.26526435,0
8893,313115.540274538,4161588.20376708,0
8894,313115.619125687,4161588.14226507,0
8895,313115.697973422,4161588.0807587,0
8896,313115.776818022,4161588.01924829,0
8897,313115.855659764,4161587.95773423,0
8898,313115.934498927,4161587.89621686,0
8899,313116.013335789,4161587.83469654,0
8900,313116.092170628,4161587.77317363,0
8901,313116.171003722,4161587.71164848,0
8902,313116.249835351,4161587.65012145,0
8903,313116.328665749,4161587.58859285,0
8904,313116.407494723,4161587.52706242,0
8905,313116.486321819,4161587.46552959,0
8906,313116.56514658,4161587.40399376,0
8907,313116.64396855,4161587.34245437,0
8908,313116.722787272,4161587.28091081,0
8909,313116.80160229,4161587.21936252,0
8910,313116.880413148,4161587.1578089,0
8911,313116.959219388,4161587.09624936,0
8912,313117.038020594,4161587.03468338,0
8913,313117.116817059,4161586.97311134,0
8914,313117.195609699,4161586.9115344,0
8915,313117.274399452,4161586.84995376,0
8916,313117.353187253,4161586.78837062,0
8917,313117.431974035,4161586.72678618,0
8918,313117.510760473,4161586.6652013,0
8919,313117.589546853,4161586.60361634,0
8920,313117.66833343,4161586.54203164,0
8921,313117.74712046,4161586.48044752,0
8922,313117.825908198,4161586.4188643,0
8923,313117.904696897,4161586.35728231,0
8924,313117.983486814,4161586.29570188,0
8925,313118.062278203,4161586.23412334,0
8926,313118.14107132,4161586.17254701,0
8927,313118.219866419,4161586.11097321,0
8928,313118.298663755,4161586.04940228,0
8929,313118.377463583,4161585.98783454,0
8930,313118.456266159,4161585.92627031,0
8931,313118.535071737,4161585.86470993,0
8932,313118.613880481,4161585.8031536,0
8933,313118.692692205,4161585.74160109,0
8934,313118.771506636,4161585.68005204,0
8935,313118.850323504,4161585.61850611,0
8936,313118.929142536,4161585.55696296,0
8937,313119.007963461,4161585.49542222,0
8938,313119.086786006,4161585.43388356,0
8939,313119.165609902,4161585.37234663,0
8940,313119.244434874,4161585.31081108,0
8941,313119.323260653,4161585.24927656,0
8942,313119.402087049,4161585.18774283,0
8943,313119.48091423,4161585.12621011,0
8944,313119.559742461,4161585.06467874,0
8945,313119.638572005,4161585.00314905,0
8946,313119.717403126,4161584.94162137,0
8947,313119.796236087,4161584.88009606,0
8948,313119.875071152,4161584.81857344,0
8949,313119.953908585,4161584.75705386,0
8950,313120.032748649,4161584.69553765,0
8951,313120.11159154,4161584.63402506,0
8952,313120.190437172,4161584.57251599,0
8953,313120.269285388,4161584.51101022,0
8954,313120.348136032,4161584.44950757,0
8955,313120.426988947,4161584.38800783,0
8956,313120.505843995,4161584.32651083,0
8957,313120.584701188,4161584.26501657,0
8958,313120.663560617,4161584.20352519,0
8959,313120.742422372,4161584.14203678,0
8960,313120.821286541,4161584.08055148,0
8961,313120.900153216,4161584.01906938,0
8962,313120.979022486,4161583.95759062,0
8963,313121.057894442,4161583.8961153,0
8964,313121.136769173,4161583.83464355,0
8965,313121.215646767,4161583.77317547,0
8966,313121.294527217,4161583.71171105,0
8967,313121.373410376,4161583.65025011,0
8968,313121.452296089,4161583.58879245,0
8969,313121.531184198,4161583.52733786,0
8970,313121.610074547,4161583.46588615,0
8971,313121.68896699,4161583.40443712,0
8972,313121.767861526,4161583.34299078,0
8973,313121.846758241,4161583.28154723,0
8974,313121.925657224,4161583.2201066,0
8975,313122.004558565,4161583.15866899,0
8976,313122.083462351,4161583.09723453,0
8977,313122.162368673,4161583.03580333,0
8978,313122.241277618,4161582.97437551,0
8979,313122.320189277,4161582.91295117,0
8980,313122.399103732,4161582.85153044,0
8981,313122.478020851,4161582.79011313,0
8982,313122.556940194,4161582.72869868,0
8983,313122.635861298,4161582.6672865,0
8984,313122.714783701,4161582.60587599,0
8985,313122.793706941,4161582.54446656,0
8986,313122.872630556,4161582.4830576,0
8987,313122.951554083,4161582.42164852,0
8988,313123.03047706,4161582.36023873,0
8989,313123.109399024,4161582.29882763,0
8990,313123.188319513,4161582.23741462,0
8991,313123.267238066,4161582.17599911,0
8992,313123.346154219,4161582.11458051,0
8993,313123.42506751,4161582.05315821,0
8994,313123.503977477,4161581.99173162,0
8995,313123.58288305,4161581.93029937,0
8996,313123.661779789,4161581.86885579,0
8997,313123.740662096,4161581.80739371,0
8998,313123.819524369,4161581.74590597,0
8999,313123.898361008,4161581.68438541,0
9000,313123.977166502,4161581.622825,0
9001,313124.055938891,4161581.56122223,0
9002,313124.134680821,4161581.4995805,0
9003,313124.213395244,4161581.4379036,0
9004,313124.292085114,4161581.37619532,0
9005,313124.370753387,4161581.31445946,0
9006,313124.449403014,4161581.25269981,0
9007,313124.528036951,4161581.19092016,0
9008,313124.606658151,4161581.1291243,0
9009,313124.685269568,4161581.06731603,0
9010,313124.76387411,4161581.00549908,0
9011,313124.842473818,4161580.94367605,0
9012,313124.92106996,4161580.88184853,0
9013,313124.999663777,4161580.82001809,0
9014,313125.07825651,4161580.75818628,0
9015,313125.156849401,4161580.69635466,0
9016,313125.235443689,4161580.6345248,0
9017,313125.314040616,4161580.57269825,0
9018,313125.392641423,4161580.51087656,0
9019,313125.47124735,4161580.4490613,0
9020,313125.549859892,4161580.38725435,0
9021,313125.628482998,4161580.32546078,0
9022,313125.707121998,4161580.26368743,0
9023,313125.785782241,4161580.20194117,0
9024,313125.864469071,4161580.14022885,0
9025,313125.943187837,4161580.07855736,0
9026,313126.021943886,4161580.01693356,0
9027,313126.100742564,4161579.95536431,0
9028,313126.179589217,4161579.89385648,0
9029,313126.258489193,4161579.83241693,0
9030,313126.337447097,4161579.77105163,0
9031,313126.416464285,4161579.70976247,0
9032,313126.495541227,4161579.64855029,0
9033,313126.57467839,4161579.5874159,0
9034,313126.653876245,4161579.52636012,0
9035,313126.733135259,4161579.46538376,0
9036,313126.812455901,4161579.40448765,0
9037,313126.89183864,4161579.3436726,0
9038,313126.971283945,4161579.28293944,0
9039,313127.050792285,4161579.22228897,0
9040,313127.130363714,4161579.16172147,0
9041,313127.209995474,4161579.1012334,0
9042,313127.289683629,4161579.04081965,0
9043,313127.369424243,4161578.9804751,0
9044,313127.449213378,4161578.92019465,0
9045,313127.529047096,4161578.85997317,0
9046,313127.60892146,4161578.79980555,0
9047,313127.688832532,4161578.73968668,0
9048,313127.768776374,4161578.67961144,0
9049,313127.848749118,4161578.61957479,0
9050,313127.928748735,4161578.55957412,0
9051,313128.008775204,4161578.49960938,0
9052,313128.0888286,4161578.43968067,0
9053,313128.168909001,4161578.37978808,0
9054,313128.249016484,4161578.31993172,0
9055,313128.329150823,4161578.26011129,0
9056,313128.409311125,4161578.20032561,0
9057,313128.489496406,4161578.14057339,0
9058,313128.56970568,4161578.08085335,0
9059,313128.649937963,4161578.0211642,0
9060,313128.730192271,4161577.96150463,0
9061,313128.810467619,4161577.90187337,0
9062,313128.890763023,4161577.84226913,0
9063,313128.971077498,4161577.78269061,0
9064,313129.05141006,4161577.72313652,0
9065,313129.131759727,4161577.66360556,0
9066,313129.212125521,4161577.60409639,0
9067,313129.292506463,4161577.54460771,0
9068,313129.372901573,4161577.48513819,0
9069,313129.453309873,4161577.4256865,0
9070,313129.533730376,4161577.36625132,0
9071,313129.614162087,4161577.3068313,0
9072,313129.694604012,4161577.24742511,0
9073,313129.775055157,4161577.18803138,0
9074,313129.855514528,4161577.1286488,0
9075,313129.935981129,4161577.069276,0
9076,313130.016453966,4161577.00991165,0
9077,313130.096932046,4161576.9505544,0
9078,313130.177414372,4161576.89120292,0
9079,313130.257899974,4161576.83185588,0
9080,313130.338388285,4161576.77251253,0
9081,313130.418879087,4161576.71317256,0
9082,313130.499372172,4161576.65383569,0
9083,313130.579867333,4161576.59450165,0
9084,313130.66036436,4161576.53517014,0
9085,313130.740863047,4161576.47584088,0
9086,313130.821363187,4161576.4165136,0
9087,313130.90186457,4161576.357188,0
9088,313130.982366989,4161576.29786381,0
9089,313131.06287021,4161576.2385407,0
9090,313131.143373753,4161576.17921802,0
9091,313131.223877011,4161576.11989496,0
9092,313131.304379375,4161576.06057068,0
9093,313131.384880235,4161576.00124437,0
9094,313131.465378983,4161575.94191519,0
9095,313131.54587501,4161575.88258231,0
9096,313131.626367707,4161575.82324492,0
9097,313131.706856465,4161575.76390219,0
9098,313131.787340676,4161575.70455329,0
9099,313131.867819741,4161575.64519742,0
9100,313131.948293412,4161575.58583422,0
9101,313132.028761858,4161575.52646395,0
9102,313132.109225275,4161575.46708686,0
9103,313132.189683856,4161575.40770322,0
9104,313132.270137797,4161575.34831328,0
9105,313132.350587292,4161575.28891733,0
9106,313132.431032536,4161575.22951562,0
9107,313132.511473723,4161575.17010841,0
9108,313132.591911047,4161575.11069598,0
9109,313132.672344711,4161575.05127859,0
9110,313132.752774955,4161574.99185658,0
9111,313132.833202032,4161574.93243028,0
9112,313132.913626196,4161574.87300003,0
9113,313132.9940477,4161574.81356619,0
9114,313133.074466668,4161574.75412891,0
9115,313133.154881688,4161574.69468629,0
9116,313133.235290342,4161574.63523506,0
9117,313133.315690194,4161574.57577193,0
9118,313133.396078808,4161574.5162936,0
9119,313133.476453939,4161574.45679705,0
9120,313133.556816689,4161574.39728377,0
9121,313133.637170991,4161574.33775907,0
9122,313133.717520867,4161574.27822839,0
9123,313133.797870342,4161574.21869717,0
9124,313133.878223437,4161574.15917085,0
9125,313133.958584178,4161574.09965487,0
9126,313134.038956586,4161574.04015467,0
9127,313134.119344685,4161573.98067569,0
9128,313134.199752495,4161573.92122336,0
9129,313134.280182354,4161573.86180085,0
9130,313134.360631984,4161573.80240509,0
9131,313134.441098323,4161573.74303194,0
9132,313134.521578309,4161573.68367727,0
9133,313134.602068882,4161573.62433697,0
9134,313134.682567303,4161573.56500732,0
9135,313134.76307233,4161573.50568666,0
9136,313134.843583157,4161573.44637387,0
9137,313134.92409898,4161573.38706787,0
9138,313135.004618991,4161573.32776756,0
9139,313135.085142389,4161573.26847184,0
9140,313135.165668654,4161573.20918001,0
9141,313135.246197716,4161573.14989198,0
9142,313135.326729546,4161573.0906077,0
9143,313135.407264114,4161573.03132714,0
9144,313135.487801394,4161572.97205027,0
9145,313135.568341355,4161572.91277704,0
9146,313135.648883969,4161572.85350743,0
9147,313135.729429208,4161572.79424139,0
9148,313135.809977042,4161572.73497889,0
9149,313135.890526963,4161572.67571924,0
9150,313135.971075237,4161572.61645734,0
9151,313136.051616795,4161572.55718632,0
9152,313136.132146565,4161572.49789925,0
9153,313136.212659476,4161572.43858923,0
9154,313136.293150568,4161572.37924951,0
9155,313136.373617136,4161572.31987645,0
9156,313136.454058569,4161572.26046925,0
9157,313136.534474337,4161572.20102725,0
9158,313136.614863906,4161572.14154979,0
9159,313136.695226746,4161572.08203619,0
9160,313136.775562325,4161572.02248578,0
9161,313136.855870111,4161571.9628979,0
9162,313136.936149572,4161571.90327189,0
9163,313137.016400177,4161571.84360706,0
9164,313137.096621395,4161571.78390275,0
9165,313137.176812692,4161571.7241583,0
9166,313137.256973538,4161571.66437303,0
9167,313137.337103401,4161571.60454628,0
9168,313137.41720175,4161571.54467737,0
9169,313137.497268055,4161571.48476565,0
9170,313137.57730209,4161571.42481084,0
9171,313137.657304187,4161571.36481345,0
9172,313137.737274737,4161571.30477402,0
9173,313137.817214134,4161571.24469313,0
9174,313137.897122769,4161571.18457134,0
9175,313137.977001035,4161571.12440922,0
9176,313138.056849324,4161571.06420733,0
9177,313138.136668029,4161571.00396624,0
9178,313138.216457541,4161570.94368651,0
9179,313138.296218306,4161570.88336878,0
9180,313138.37595114,4161570.82301415,0
9181,313138.455657023,4161570.76262394,0
9182,313138.535336938,4161570.70219948,0
9183,313138.614991866,4161570.64174209,0
9184,313138.694622786,4161570.58125308,0
9185,313138.774230641,4161570.52073372,0
9186,313138.853816196,4161570.46018504,0
9187,313138.933380168,4161570.39960798,0
9188,313139.012923271,4161570.33900351,0
9189,313139.092446224,4161570.27837258,0
9190,313139.171949742,4161570.21771614,0
9191,313139.25143454,4161570.15703515,0
9192,313139.330901337,4161570.09633056,0
9193,313139.410350848,4161570.03560332,0
9194,313139.489783789,4161569.9748544,0
9195,313139.569200876,4161569.91408475,0
9196,313139.648602826,4161569.85329532,0
9197,313139.727990356,4161569.79248706,0
9198,313139.807364181,4161569.73166094,0
9199,313139.886725018,4161569.6708179,0
9200,313139.966073547,4161569.60995885,0
9201,313140.045410329,4161569.54908452,0
9202,313140.1247359,4161569.48819561,0
9203,313140.204050793,4161569.42729282,0
9204,313140.283355543,4161569.36637684,0
9205,313140.362650687,4161569.30544836,0
9206,313140.441936758,4161569.24450808,0
9207,313140.521214291,4161569.18355671,0
9208,313140.600483821,4161569.12259492,0
9209,313140.679745884,4161569.06162343,0
9210,313140.759001052,4161569.00064297,0
9211,313140.838250046,4161568.93965448,0
9212,313140.917493622,4161568.87865895,0
9213,313140.996732537,4161568.81765736,0
9214,313141.075967547,4161568.75665069,0
9215,313141.155199407,4161568.69563993,0
9216,313141.234428875,4161568.63462605,0
9217,313141.313656707,4161568.57361005,0
9218,313141.392883658,4161568.51259291,0
9219,313141.472110486,4161568.45157561,0
9220,313141.551337865,4161568.39055903,0
9221,313141.630565999,4161568.32954343,0
9222,313141.709794919,4161568.26852886,0
9223,313141.789024657,4161568.20751534,0
9224,313141.868255244,4161568.14650294,0
9225,313141.947486714,4161568.08549168,0
9226,313142.026719096,4161568.0244816,0
9227,313142.105952424,4161567.96347275,0
9228,313142.185186728,4161567.90246517,0
9229,313142.26442204,4161567.8414589,0
9230,313142.3436584,4161567.78045399,0
9231,313142.422896014,4161567.7194507,0
9232,313142.502135255,4161567.65844953,0
9233,313142.581376503,4161567.59745096,0
9234,313142.660620139,4161567.5364555,0
9235,313142.739866543,4161567.47546363,0
9236,313142.819116097,4161567.41447586,0
9237,313142.898369179,4161567.35349267,0
9238,313142.977626171,4161567.29251457,0
9239,313143.056887453,4161567.23154204,0
9240,313143.136153406,4161567.17057559,0
9241,313143.215424287,4161567.10961554,0
9242,313143.294699975,4161567.04866174,0
9243,313143.373980279,4161566.98771395,0
9244,313143.453265005,4161566.9267719,0
9245,313143.532553961,4161566.86583536,0
9246,313143.611846954,4161566.80490408,0
9247,313143.691143792,4161566.74397779,0
9248,313143.770444282,4161566.68305626,0
9249,313143.849748232,4161566.62213924,0
9250,313143.92905545,4161566.56122647,0
9251,313144.008365792,4161566.50031777,0
9252,313144.087679172,4161566.43941302,0
9253,313144.16699551,4161566.37851213,0
9254,313144.246314724,4161566.31761499,0
9255,313144.325636733,4161566.25672148,0
9256,313144.40496144,4161566.19583149,0
9257,313144.484288645,4161566.13494476,0
9258,313144.5636181,4161566.07406095,0
9259,313144.642949557,4161566.01317976,0
9260,313144.722282769,4161565.95230085,0
9261,313144.801617488,4161565.8914239,0
9262,313144.880953466,4161565.8305486,0
9263,313144.960290456,4161565.76967461,0
9264,313145.03962821,4161565.70880162,0
9265,313145.118966481,4161565.64792931,0
9266,313145.198305054,4161565.58705739,0
9267,313145.277643806,4161565.5261857,0
9268,313145.356982632,4161565.46531411,0
9269,313145.436321426,4161565.40444248,0
9270,313145.515660082,4161565.34357066,0
9271,313145.594998495,4161565.28269853,0
9272,313145.674336872,4161565.22182634,0
9273,313145.753676047,4161565.1609552,0
9274,313145.833016927,4161565.10008627,0
9275,313145.912360419,4161565.03922075,0
9276,313145.991707431,4161564.97835983,0
9277,313146.071058871,4161564.91750468,0
9278,313146.150415646,4161564.85665649,0
9279,313146.229778665,4161564.79581644,0
9280,313146.309148833,4161564.73498573,0
9281,313146.388527046,4161564.67416552,0
9282,313146.467913537,4161564.6133561,0
9283,313146.547307579,4161564.55255655,0
9284,313146.626708369,4161564.4917658,0
9285,313146.706115106,4161564.43098282,0
9286,313146.785526988,4161564.37020656,0
9287,313146.864943337,4161564.30943613,0
9288,313146.944364021,4161564.24867138,0
9289,313147.023789059,4161564.18791231,0
9290,313147.103218471,4161564.12715897,0
9291,313147.182652275,4161564.06641137,0
9292,313147.262090489,4161564.00566953,0
9293,313147.341533134,4161563.94493349,0
9294,313147.420980226,4161563.88420327,0
9295,313147.500431786,4161563.8234789,0
9296,313147.579887832,4161563.76276039,0
9297,313147.65934841,4161563.70204781,0
9298,313147.738813626,4161563.64134131,0
9299,313147.818283589,4161563.58064102,0
9300,313147.897758412,4161563.51994709,0
9301,313147.977238205,4161563.45925968,0
9302,313148.056723077,4161563.39857891,0
9303,313148.136212972,4161563.33790473,0
9304,313148.215707571,4161563.27723671,0
9305,313148.295206532,4161563.21657441,0
9306,313148.374709513,4161563.15591737,0
9307,313148.454216172,4161563.09526515,0
9308,313148.533726167,4161563.03461731,0
9309,313148.613239156,4161562.97397339,0
9310,313148.692754796,4161562.91333294,0
9311,313148.772272746,4161562.85269552,0
9312,313148.851792664,4161562.79206069,0
9313,313148.931314269,4161562.73142807,0
9314,313149.010837565,4161562.67079766,0
9315,313149.090362631,4161562.61016958,0
9316,313149.169889548,4161562.54954393,0
9317,313149.249418397,4161562.48892081,0
9318,313149.328949258,4161562.42830034,0
9319,313149.408482211,4161562.36768261,0
9320,313149.488017337,4161562.30706773,0
9321,313149.567554717,4161562.2464558,0
9322,313149.647094431,4161562.18584695,0
9323,313149.726636554,4161562.12524125,0
9324,313149.806181022,4161562.06463863,0
9325,313149.885727616,4161562.0040388,0
9326,313149.965276112,4161561.94344147,0
9327,313150.044826282,4161561.88284633,0
9328,313150.124377902,4161561.8222531,0
9329,313150.203930744,4161561.76166147,0
9330,313150.283484584,4161561.70107115,0
9331,313150.363039195,4161561.64048185,0
9332,313150.442594351,4161561.57989326,0
9333,313150.522149871,4161561.51930514,0
9334,313150.60170603,4161561.45871787,0
9335,313150.681263386,4161561.39813217,0
9336,313150.760822499,4161561.33754877,0
9337,313150.840383928,4161561.27696842,0
9338,313150.919948233,4161561.21639185,0
9339,313150.999515553,4161561.15581924,0
9340,313151.079085065,4161561.0952495,0
9341,313151.158655808,4161561.03468139,0
9342,313151.238226823,4161560.97411362,0
9343,313151.317797148,4161560.91354496,0
9344,313151.39736611,4161560.8529745,0
9345,313151.476933901,4161560.7924025,0
9346,313151.556500878,4161560.73182944,0
9347,313151.636067399,4161560.67125577,0
9348,313151.71563382,4161560.61068198,0
9349,313151.795200499,4161560.55010852,0
9350,313151.874767793,4161560.48953587,0
9351,313151.954336058,4161560.4289645,0
9352,313152.033905652,4161560.36839487,0
9353,313152.113476931,4161560.30782746,0
9354,313152.193050158,4161560.24726261,0
9355,313152.272625087,4161560.18669999,0
9356,313152.352201306,4161560.12613907,0
9357,313152.431778404,4161560.0655793,0
9358,313152.51135597,4161560.00502015,0
9359,313152.590933641,4161559.94446113,0
9360,313152.670511344,4161559.88390216,0
9361,313152.750089108,4161559.82334327,0
9362,313152.829666967,4161559.7627845,0
9363,313152.90924495,4161559.70222589,0
9364,313152.98882308,4161559.64166748,0
9365,313153.068401287,4161559.58110917,0
9366,313153.147979446,4161559.5205508,0
9367,313153.227557435,4161559.4599922,0
9368,313153.30713513,4161559.39943322,0
9369,313153.386712407,4161559.33887368,0
9370,313153.466289143,4161559.27831344,0
9371,313153.545865216,4161559.21775233,0
9372,313153.6254405,4161559.15719017,0
9373,313153.705014872,4161559.09662683,0
9374,313153.784588215,4161559.03606212,0
9375,313153.864160516,4161558.97549605,0
9376,313153.943731873,4161558.91492874,0
9377,313154.023302387,4161558.85436032,0
9378,313154.102872158,4161558.79379093,0
9379,313154.182441287,4161558.73322069,0
9380,313154.262009876,4161558.67264975,0
9381,313154.341578026,4161558.61207822,0
9382,313154.421145838,4161558.55150625,0
9383,313154.500713413,4161558.49093397,0
9384,313154.580280851,4161558.43036151,0
9385,313154.659848232,4161558.36978898,0
9386,313154.739415528,4161558.30921633,0
9387,313154.818982683,4161558.2486435,0
9388,313154.89854964,4161558.18807041,0
9389,313154.978116343,4161558.12749699,0
9390,313155.057682736,4161558.06692316,0
9391,313155.137248762,4161558.00634884,0
9392,313155.216814364,4161557.94577397,0
9393,313155.296379486,4161557.88519847,0
9394,313155.375944071,4161557.82462226,0
9395,313155.455507999,4161557.76404519,0
9396,313155.535070931,4161557.70346682,0
9397,313155.61463249,4161557.64288663,0
9398,313155.694192296,4161557.58230415,0
9399,313155.773749968,4161557.52171887,0
9400,313155.853305214,4161557.46113039,0
9401,313155.932858295,4161557.40053908,0
9402,313156.012409693,4161557.33994556,0
9403,313156.091959889,4161557.27935045,0
9404,313156.171509365,4161557.21875441,0
9405,313156.251058598,4161557.15815804,0
9406,313156.330607839,4161557.09756169,0
9407,313156.410157042,4161557.03696528,0
9408,313156.489706141,4161556.97636874,0
9409,313156.56925507,4161556.91577198,0
9410,313156.648803763,4161556.85517491,0
9411,313156.728352153,4161556.79457744,0
9412,313156.807900175,4161556.73397948,0
9413,313156.887447761,4161556.67338095,0
9414,313156.966994846,4161556.61278176,0
9415,313157.046541327,4161556.55218178,0
9416,313157.126086895,4161556.4915806,0
9417,313157.205631178,4161556.43097773,0
9418,313157.2851738,4161556.37037269,0
9419,313157.364714387,4161556.30976497,0
9420,313157.444252564,4161556.24915411,0
9421,313157.523788499,4161556.1885403,0
9422,313157.60332396,4161556.12792588,0
9423,313157.682861013,4161556.06731353,0
9424,313157.762401722,4161556.00670597,0
9425,313157.841948152,4161555.94610589,0
9426,313157.921502177,4161555.88551575,0
9427,313158.001065061,4161555.82493723,0
9428,313158.080637942,4161555.76437183,0
9429,313158.160221958,4161555.70382107,0
9430,313158.23981825,4161555.64328646,0
9431,313158.319427956,4161555.58276951,0
9432,313158.399052216,4161555.52227174,0
9433,313158.478692168,4161555.46179466,0
9434,313158.558348951,4161555.40133977,0
9435,313158.638023704,4161555.3409086,0
9436,313158.71771734,4161555.28050235,0
9437,313158.797429145,4161555.22012008,0
9438,313158.877157701,4161555.15975992,0
9439,313158.956901584,4161555.09942,0
9440,313159.036659373,4161555.03909842,0
9441,313159.116429645,4161554.97879332,0
9442,313159.196210979,4161554.91850282,0
9443,313159.276001952,4161554.85822503,0
9444,313159.355801141,4161554.79795808,0
9445,313159.435607125,4161554.73770008,0
9446,313159.515418474,4161554.67744916,0
9447,313159.595232946,4161554.61720235,0
9448,313159.675046726,4161554.55695463,0
9449,313159.754855821,4161554.49670072,0
9450,313159.834656238,4161554.43643536,0
9451,313159.914443983,4161554.37615329,0
9452,313159.994215062,4161554.31584923,0
9453,313160.073965483,4161554.25551794,0
9454,313160.153691252,4161554.19515413,0
9455,313160.233388375,4161554.13475255,0
9456,313160.31305286,4161554.07430793,0
9457,313160.392681516,4161554.01381607,0
9458,313160.47227457,4161553.9532773,0
9459,313160.551833151,4161553.89269317,0
9460,313160.631358387,4161553.83206519,0
9461,313160.710851408,4161553.7713949,0
9462,313160.790313344,4161553.71068385,0
9463,313160.869745323,4161553.64993355,0
9464,313160.949148475,4161553.58914554,0
9465,313161.028523929,4161553.52832136,0
9466,313161.107872815,4161553.46746254,0
9467,313161.187196234,4161553.40657058,0
9468,313161.266494734,4161553.34564622,0
9469,313161.345768334,4161553.28468952,0
9470,313161.425017033,4161553.22370049,0
9471,313161.504240832,4161553.16267917,0
9472,313161.58343973,4161553.10162556,0
9473,313161.662613727,4161553.04053969,0
9474,313161.741762821,4161552.97942158,0
9475,313161.820887013,4161552.91827125,0
9476,313161.899986302,4161552.85708872,0
9477,313161.97906088,4161552.79587425,0
9478,313162.058111657,4161552.73462905,0
9479,313162.137139715,4161552.67335452,0
9480,313162.216146134,4161552.61205207,0
9481,313162.295131995,4161552.55072312,0
9482,313162.374098379,4161552.48936907,0
9483,313162.453046182,4161552.4279911,0
9484,313162.531975344,4161552.36658915,0
9485,313162.610885494,4161552.30516276,0
9486,313162.689776263,4161552.2437115,0
9487,313162.768647279,4161552.18223489,0
9488,313162.847498174,4161552.12073249,0
9489,313162.926328576,4161552.05920384,0
9490,313163.005138116,4161551.99764849,0
9491,313163.083926425,4161551.93606599,0
9492,313163.162693142,4161551.87445589,0
9493,313163.241439449,4161551.81281971,0
9494,313163.320169516,4161551.75116279,0
9495,313163.398887865,4161551.6894909,0
9496,313163.477599013,4161551.62780982,0
9497,313163.556307481,4161551.5661253,0
9498,313163.635017743,4161551.50444307,0
9499,313163.713731981,4161551.44276593,0
9500,313163.792449003,4161551.38109233,0
9501,313163.871167346,4161551.31942043,0
9502,313163.949885548,4161551.25774835,0
9503,313164.028602148,4161551.19607423,0
9504,313164.107315683,4161551.1343962,0
9505,313164.186024691,4161551.0727124,0
9506,313164.26472771,4161551.01102097,0
9507,313164.343423279,4161550.94932003,0
9508,313164.422110035,4161550.88760785,0
9509,313164.500787777,4161550.82588417,0
9510,313164.579457058,4161550.7641497,0
9511,313164.658118441,4161550.70240517,0
9512,313164.736772493,4161550.64065129,0
9513,313164.815419776,4161550.57888879,0
9514,313164.894060844,4161550.51711838,0
9515,313164.972695926,4161550.45534034,0
9516,313165.051324915,4161550.39355455,0
9517,313165.129947688,4161550.33176086,0
9518,313165.208564125,4161550.2699591,0
9519,313165.287174101,4161550.20814913,0
9520,313165.365777494,4161550.14633079,0
9521,313165.444374182,4161550.08450393,0
9522,313165.522964043,4161550.02266838,0
9523,313165.601546953,4161549.96082401,0
9524,313165.680122825,4161549.8989707,0
9525,313165.75869239,4161549.83710938,0
9526,313165.837257235,4161549.77524206,0
9527,313165.915818984,4161549.71337081,0
9528,313165.994379263,4161549.65149769,0
9529,313166.072939695,4161549.58962477,0
9530,313166.151501514,4161549.5277536,0
9531,313166.230064553,4161549.46588399,0
9532,313166.308628333,4161549.40401531,0
9533,313166.387192375,4161549.34214698,0
9534,313166.4657562,4161549.28027836,0
9535,313166.544319329,4161549.21840886,0
9536,313166.622881282,4161549.15653787,0
9537,313166.701441582,4161549.09466478,0
9538,313166.779999748,4161549.03278899,0
9539,313166.858555301,4161548.97090987,0
9540,313166.937107801,4161548.90902688,0
9541,313167.015657251,4161548.84714002,0
9542,313167.094203945,4161548.78524966,0
9543,313167.172748181,4161548.72335618,0
9544,313167.251290257,4161548.66145996,0
9545,313167.329830472,4161548.59956137,0
9546,313167.408369125,4161548.5376608,0
9547,313167.486906512,4161548.47575863,0
9548,313167.565442934,4161548.41385523,0
9549,313167.643978688,4161548.35195099,0
9550,313167.722514073,4161548.29004627,0
9551,313167.801049446,4161548.22814155,0
9552,313167.879585399,4161548.16623755,0
9553,313167.958122579,4161548.10433512,0
9554,313168.036661631,4161548.04243506,0
9555,313168.115203204,4161547.9805382,0
9556,313168.193747811,4161547.91864519,0
9557,313168.272295117,4161547.85675561,0
9558,313168.350844447,4161547.79486859,0
9559,313168.429395129,4161547.73298329,0
9560,313168.507946487,4161547.67109885,0
9561,313168.586497857,4161547.60921442,0
9562,313168.665048987,4161547.54732969,0
9563,313168.743600196,4161547.48544506,0
9564,313168.822151843,4161547.42356098,0
9565,313168.900704287,4161547.36167792,0
9566,313168.979257889,4161547.29979632,0
9567,313169.057813008,4161547.23791665,0
9568,313169.136370004,4161547.17603937,0
9569,313169.214929237,4161547.11416492,0
9570,313169.293491066,4161547.05229378,0
9571,313169.372055848,4161546.99042638,0
9572,313169.450623743,4161546.92856293,0
9573,313169.529194608,4161546.86670326,0
9574,313169.607768272,4161546.80484714,0
9575,313169.686344565,4161546.74299436,0
9576,313169.764923316,4161546.68114471,0
9577,313169.843504357,4161546.61929796,0
9578,313169.922087525,4161546.55745392,0
9579,313170.000672665,4161546.49561238,0
9580,313170.079259618,4161546.43377315,0
9581,313170.157848229,4161546.37193602,0
9582,313170.236438339,4161546.3101008,0
9583,313170.315029892,4161546.24826741,0
9584,313170.393623148,4161546.18643618,0
9585,313170.472218428,4161546.12460753,0
9586,313170.550816057,4161546.06278186,0
9587,313170.629416357,4161546.00095959,0
9588,313170.708019651,4161545.93914113,0
9589,313170.786626262,4161545.87732688,0
9590,313170.865236513,4161545.81551727,0
9591,313170.943850727,4161545.75371269,0
9592,313171.022469227,4161545.69191357,0
9593,313171.101092187,4161545.63012013,0
9594,313171.179719233,4161545.56833188,0
9595,313171.25834987,4161545.5065482,0
9596,313171.3369836,4161545.44476846,0
9597,313171.415619926,4161545.38299202,0
9598,313171.494258389,4161545.3212183,0
9599,313171.572898863,4161545.25944714,0
9600,313171.651541384,4161545.19767859,0
9601,313171.73018599,4161545.13591269,0
9602,313171.808832718,4161545.0741495,0
9603,313171.887481605,4161545.01238905,0
9604,313171.966132685,4161544.9506314,0
9605,313172.04478596,4161544.88887654,0
9606,313172.12344142,4161544.82712447,0
9607,313172.202099054,4161544.76537516,0
9608,313172.280758852,4161544.70362861,0
9609,313172.359420802,4161544.64188481,0
9610,313172.438084895,4161544.58014373,0
9611,313172.51675112,4161544.51840537,0
9612,313172.595419466,4161544.45666971,0
9613,313172.674089922,4161544.39493674,0
9614,313172.752762479,4161544.33320645,0
9615,313172.831437092,4161544.27147878,0
9616,313172.910113679,4161544.20975363,0
9617,313172.988792152,4161544.14803088,0
9618,313173.067472425,4161544.08631042,0
9619,313173.146154411,4161544.02459215,0
9620,313173.224838065,4161543.962876,0
9621,313173.303523458,4161543.90116207,0
9622,313173.382210678,4161543.83945048,0
9623,313173.460899819,4161543.77774133,0
9624,313173.539590969,4161543.71603474,0
9625,313173.618284207,4161543.65433081,0
9626,313173.696979511,4161543.59262953,0
9627,313173.775676813,4161543.53093078,0
9628,313173.854376045,4161543.4692345,0
9629,313173.933077139,4161543.4075406,0
9630,313174.011780026,4161543.34584898,0
9631,313174.090484639,4161543.28415957,0
9632,313174.16919091,4161543.22247227,0
9633,313174.24789877,4161543.16078699,0
9634,313174.326608151,4161543.09910366,0
9635,313174.405318985,4161543.03742218,0
9636,313174.484031218,4161542.97574249,0
9637,313174.562744824,4161542.91406455,0
9638,313174.641459783,4161542.85238834,0
9639,313174.720176074,4161542.79071382,0
9640,313174.798893677,4161542.72904099,0
9641,313174.877612571,4161542.66736979,0
9642,313174.956332734,4161542.60570022,0
9643,313175.035054147,4161542.54403225,0
9644,313175.113776788,4161542.48236584,0
9645,313175.192500638,4161542.42070098,0
9646,313175.271225674,4161542.35903763,0
9647,313175.349951877,4161542.29737577,0
9648,313175.428679226,4161542.23571537,0
9649,313175.5074077,4161542.17405641,0
9650,313175.586137278,4161542.11239886,0
9651,313175.664867939,4161542.05074269,0
9652,313175.743599663,4161541.98908788,0
9653,313175.82233243,4161541.9274344,0
9654,313175.901066218,4161541.86578223,0
9655,313175.979801007,4161541.80413133,0
9656,313176.058536775,4161541.74248169,0
9657,313176.137273501,4161541.68083326,0
9658,313176.216011141,4161541.61918601,0
9659,313176.294749634,4161541.55753984,0
9660,313176.373488923,4161541.49589469,0
9661,313176.452228946,4161541.43425048,0
9662,313176.530969644,4161541.37260713,0
9663,313176.609710958,4161541.31096457,0
9664,313176.688452828,4161541.24932272,0
9665,313176.767195195,4161541.1876815,0
9666,313176.845937998,4161541.12604084,0
9667,313176.924681179,4161541.06440066,0
9668,313177.003424877,4161541.00276115,0
9669,313177.082169766,4161540.94112315,0
9670,313177.160916606,4161540.87948765,0
9671,313177.23966616,4161540.81785561,0
9672,313177.318419187,4161540.75622802,0
9673,313177.397176236,4161540.69460556,0
9674,313177.475936788,4161540.63298758,0
9675,313177.554699996,4161540.57137299,0
9676,313177.633465015,4161540.50976072,0
9677,313177.712230997,4161540.44814968,0
9678,313177.790997095,4161540.38653879,0
9679,313177.869762681,4161540.32492725,0
9680,313177.948527788,4161540.26331509,0
9681,313178.02729257,4161540.20170252,0
9682,313178.10605718,4161540.14008973,0
9683,313178.184821773,4161540.07847691,0
9684,313178.263586497,4161540.01686426,0
9685,313178.342351476,4161539.95525194,0
9686,313178.421116834,4161539.89364011,0
9687,313178.499882689,4161539.83202891,0
9688,313178.578649165,4161539.7704185,0
9689,313178.65741638,4161539.70880904,0
9690,313178.736184403,4161539.64720061,0
9691,313178.814953245,4161539.58559323,0
9692,313178.893722915,4161539.5239869,0
9693,313178.972493418,4161539.46238164,0
9694,313179.051264764,4161539.40077746,0
9695,313179.130036959,4161539.33917437,0
9696,313179.208810011,4161539.27757237,0
9697,313179.287583928,4161539.21597148,0
9698,313179.366358718,4161539.1543717,0
9699,313179.445134387,4161539.09277305,0
9700,313179.523910938,4161539.03117552,0
9701,313179.602688319,4161538.96957906,0
9702,313179.681466456,4161538.90798356,0
9703,313179.760245272,4161538.84638893,0
9704,313179.83902469,4161538.78479508,0
9705,313179.917804639,4161538.7232019,0
9706,313179.996585128,4161538.66160941,0
9707,313180.075366251,4161538.60001774,0
9708,313180.154148103,4161538.53842699,0
9709,313180.232930781,4161538.4768373,0
9710,313180.31171438,4161538.41524879,0
9711,313180.390498978,4161538.35366156,0
9712,313180.469284355,4161538.29207532,0
9713,313180.548070035,4161538.23048947,0
9714,313180.626855536,4161538.16890339,0
9715,313180.705640375,4161538.10731647,0
9716,313180.784424068,4161538.04572808,0
9717,313180.863206133,4161537.98413761,0
9718,313180.941986086,4161537.92254443,0
9719,313181.020763445,4161537.86094794,0
9720,313181.099537726,4161537.79934752,0
9721,313181.178308446,4161537.73774254,0
9722,313181.257075335,4161537.67613266,0
9723,313181.335839065,4161537.61451874,0
9724,313181.414600573,4161537.55290199,0
9725,313181.493360798,4161537.49128359,0
9726,313181.572120676,4161537.42966474,0
9727,313181.650881115,4161537.36804662,0
9728,313181.729642472,4161537.30642967,0
9729,313181.808404622,4161537.24481373,0
9730,313181.887167422,4161537.18319862,0
9731,313181.965930731,4161537.12158417,0
9732,313182.044694405,4161537.05997018,0
9733,313182.123458303,4161536.99835648,0
9734,313182.202222282,4161536.93674288,0
9735,313182.2809862,4161536.8751292,0
9736,313182.359749914,4161536.81351526,0
9737,313182.438513283,4161536.75190088,0
9738,313182.517276207,4161536.69028593,0
9739,313182.596038698,4161536.62867043,0
9740,313182.67480079,4161536.56705442,0
9741,313182.753562515,4161536.50543794,0
9742,313182.832323906,4161536.44382103,0
9743,313182.911084994,4161536.38220374,0
9744,313182.989845804,4161536.32058609,0
9745,313183.06860633,4161536.25896808,0
9746,313183.147366555,4161536.19734968,0
9747,313183.226126463,4161536.13573088,0
9748,313183.30488604,4161536.07411165,0
9749,313183.383645269,4161536.01249198,0
9750,313183.462404134,4161535.95087184,0
9751,313183.54116262,4161535.88925122,0
9752,313183.619920711,4161535.8276301,0
9753,313183.698678392,4161535.76600845,0
9754,313183.777435646,4161535.70438625,0
9755,313183.856192427,4161535.64276345,0
9756,313183.934948548,4161535.58113981,0
9757,313184.013703784,4161535.51951503,0
9758,313184.09245791,4161535.45788884,0
9759,313184.1712107,4161535.39626093,0
9760,313184.249961928,4161535.33463104,0
9761,313184.32871137,4161535.27299886,0
9762,313184.4074588,4161535.21136411,0
9763,313184.486203992,4161535.1497265,0
9764,313184.564946721,4161535.08808575,0
9765,313184.64368685,4161535.02644168,0
9766,313184.722424644,4161534.96479462,0
9767,313184.801160477,4161534.90314505,0
9768,313184.879894726,4161534.84149347,0
9769,313184.958627767,4161534.77984034,0
9770,313185.037359977,4161534.71818615,0
9771,313185.116091738,4161534.65653139,0
9772,313185.194823522,4161534.59487665,0
9773,313185.273555845,4161534.53322261,0
9774,313185.352289226,4161534.47156991,0
9775,313185.431024181,4161534.40991923,0
9776,313185.509761201,4161534.34827118,0
9777,313185.588500017,4161534.28662543,0
9778,313185.667239526,4161534.22498056,0
9779,313185.745978585,4161534.16333512,0
9780,313185.824716048,4161534.10168764,0
9781,313185.903450773,4161534.04003666,0
9782,313185.982181997,4161533.97838121,0
9783,313186.060910123,4161533.9167218,0
9784,313186.139635773,4161533.85505924,0
9785,313186.218359569,4161533.79339431,0
9786,313186.297082133,4161533.7317278,0
9787,313186.375804085,4161533.67006051,0
9788,313186.454525876,4161533.60839302,0
9789,313186.533247591,4161533.54672543,0
9790,313186.611969274,4161533.4850578,0
9791,313186.690690966,4161533.42339018,0
9792,313186.76941271,4161533.36172262,0
9793,313186.848134548,4161533.30005519,0
9794,313186.926856521,4161533.23838793,0
9795,313187.005578673,4161533.1767209,0
9796,313187.084301044,4161533.11505415,0
9797,313187.163023678,4161533.05338773,0
9798,313187.241746616,4161532.9917217,0
9799,313187.320469901,4161532.93005611,0
9800,313187.399193574,4161532.86839103,0
9801,313187.477917679,4161532.80672649,0
9802,313187.556642256,4161532.74506255,0
9803,313187.635367348,4161532.68339927,0
9804,313187.714092997,4161532.62173671,0
9805,313187.792819246,4161532.56007491,0
9806,313187.871546135,4161532.49841392,0
9807,313187.950273709,4161532.43675381,0
9808,313188.029002008,4161532.37509463,0
9809,313188.107731075,4161532.31343643,0
9810,313188.186460952,4161532.25177926,0
9811,313188.265191681,4161532.19012318,0
9812,313188.343923304,4161532.12846824,0
9813,313188.422655881,4161532.06681452,0
9814,313188.501389488,4161532.00516211,0
9815,313188.580124204,4161531.94351112,0
9816,313188.658860106,4161531.88186165,0
9817,313188.737597273,4161531.82021379,0
9818,313188.816335784,4161531.75856764,0
9819,313188.895075716,4161531.69692332,0
9820,313188.973817148,4161531.6352809,0
9821,313189.052560159,4161531.57364051,0
9822,313189.131304825,4161531.51200223,0
9823,313189.21005112,4161531.45036603,0
9824,313189.288798307,4161531.38873097,0
9825,313189.367545362,4161531.32709574,0
9826,313189.44629126,4161531.26545903,0
9827,313189.525034976,4161531.20381954,0
9828,313189.603775492,4161531.14217596,0
9829,313189.682512396,4161531.08052777,0
9830,313189.761246264,4161531.01887569,0
9831,313189.839977766,4161530.9572206,0
9832,313189.918707573,4161530.89556334,0
9833,313189.997436352,4161530.83390477,0
9834,313190.076164774,4161530.77224574,0
9835,313190.154893357,4161530.71058692,0
9836,313190.233622139,4161530.64892835,0
9837,313190.312351056,4161530.58726996,0
9838,313190.391080049,4161530.52561166,0
9839,313190.469809055,4161530.46395338,0
9840,313190.548538014,4161530.40229504,0
9841,313190.627266866,4161530.34063656,0
9842,313190.705995547,4161530.27897786,0
9843,313190.784723998,4161530.21731887,0
9844,313190.863452157,4161530.15565951,0
9845,313190.942179964,4161530.0939997,0
9846,313191.020907356,4161530.03233936,0
9847,313191.099634272,4161529.97067841,0
9848,313191.178360653,4161529.90901678,0
9849,313191.257086435,4161529.84735438,0
9850,313191.335811559,4161529.78569114,0
9851,313191.414535974,4161529.724027,0
9852,313191.493259729,4161529.66236201,0
9853,313191.57198293,4161529.60069632,0
9854,313191.650705685,4161529.53903006,0
9855,313191.729428099,4161529.47736336,0
9856,313191.80815028,4161529.41569637,0
9857,313191.886872341,4161529.35402922,0
9858,313191.965594408,4161529.29236208,0
9859,313192.044316612,4161529.23069512,0
9860,313192.123039082,4161529.16902849,0
9861,313192.201761947,4161529.10736237,0
9862,313192.280485338,4161529.04569692,0
9863,313192.359209384,4161528.98403231,0
9864,313192.437934214,4161528.92236869,0
9865,313192.516659959,4161528.86070625,0
9866,313192.595386747,4161528.79904513,0
9867,313192.674114709,4161528.73738552,0
9868,313192.752843662,4161528.67572717,0
9869,313192.831572633,4161528.61406884,0
9870,313192.910300523,4161528.55240914,0
9871,313192.989026233,4161528.49074665,0
9872,313193.067748663,4161528.42907997,0
9873,313193.146466825,4161528.36740785,0
9874,313193.225180856,4161528.30573045,0
9875,313193.303891562,4161528.24404881,0
9876,313193.382599752,4161528.18236396,0
9877,313193.46130624,4161528.12067694,0
9878,313193.540011835,4161528.05898877,0
9879,313193.61871709,4161527.99730018,0
9880,313193.697422092,4161527.93561126,0
9881,313193.776126878,4161527.87392206,0
9882,313193.854831483,4161527.81223264,0
9883,313193.933535945,4161527.75054303,0
9884,313194.0122403,4161527.68885329,0
9885,313194.090944583,4161527.62716345,0
9886,313194.169648832,4161527.56547357,0
9887,313194.248353083,4161527.5037837,0
9888,313194.327057372,4161527.44209387,0
9889,313194.405761736,4161527.38040414,0
9890,313194.48446618,4161527.31871451,0
9891,313194.563170521,4161527.25702474,0
9892,313194.6418745,4161527.19533452,0
9893,313194.720577862,4161527.13364351,0
9894,313194.79928035,4161527.07195138,0
9895,313194.877981709,4161527.01025782,0
9896,313194.956681897,4161526.94856276,0
9897,313195.03538123,4161526.88686661,0
9898,313195.11408006,4161526.82516982,0
9899,313195.192778738,4161526.76347283,0
9900,313195.271477616,4161526.7017761,0
9901,313195.350177025,4161526.64008005,0
9902,313195.428877117,4161526.57838486,0
9903,313195.507577955,4161526.51669063,0
9904,313195.586279598,4161526.45499743,0
9905,313195.664982108,4161526.39330533,0
9906,313195.743685543,4161526.33161441,0
9907,313195.822389914,4161526.26992469,0
9908,313195.90109519,4161526.20823612,0
9909,313195.979801335,4161526.14654866,0
9910,313196.058508314,4161526.08486226,0
9911,313196.137216093,4161526.02317689,0
9912,313196.215924636,4161525.96149249,0
9913,313196.29463391,4161525.89980902,0
9914,313196.373343879,4161525.83812644,0
9915,313196.452054508,4161525.7764447,0
9916,313196.530765764,4161525.71476376,0
9917,313196.60947761,4161525.65308358,0
9918,313196.68819,4161525.59140409,0
9919,313196.766902825,4161525.52972515,0
9920,313196.845615959,4161525.46804661,0
9921,313196.924329278,4161525.4063683,0
9922,313197.003042656,4161525.34469007,0
9923,313197.081755975,4161525.28301176,0
9924,313197.160469214,4161525.22133336,0
9925,313197.239182423,4161525.15965491,0
9926,313197.317895657,4161525.09797649,0
9927,313197.396608967,4161525.03629818,0
9928,313197.475322416,4161524.97462004,0
9929,313197.55403618,4161524.9129423,0
9930,313197.632750528,4161524.85126531,0
9931,313197.711465729,4161524.7895894,0
9932,313197.790182052,4161524.72791493,0
9933,313197.868899767,4161524.66624224,0
9934,313197.94761912,4161524.60457163,0
9935,313198.026339889,4161524.54290284,0
9936,313198.105061434,4161524.48123503,0
9937,313198.183783096,4161524.41956737,0
9938,313198.26250422,4161524.35789903,0
9939,313198.341224149,4161524.29622916,0
9940,313198.419942371,4161524.23455711,0
9941,313198.498659067,4161524.17288311,0
9942,313198.577374626,4161524.11120767,0
9943,313198.656089434,4161524.04953126,0
9944,313198.734803878,4161523.98785439,0
9945,313198.813518342,4161523.92617755,0
9946,313198.892233071,4161523.86450104,0
9947,313198.970948147,4161523.80282497,0
9948,313199.049663638,4161523.74114944,0
9949,313199.128379614,4161523.67947453,0
9950,313199.207096147,4161523.61780032,0
9951,313199.285813306,4161523.55612692,0
9952,313199.364531161,4161523.4944544,0
9953,313199.443249782,4161523.43278286,0
9954,313199.521969239,4161523.37111239,0
9955,313199.600689602,4161523.30944308,0
9956,313199.679410942,4161523.24777501,0
9957,313199.758133287,4161523.18610822,0
9958,313199.836856529,4161523.12444258,0
9959,313199.91558053,4161523.06277791,0
9960,313199.994305153,4161523.00111403,0
9961,313200.073030261,4161522.93945078,0
9962,313200.151755794,4161522.87778806,0
9963,313200.230482086,4161522.81612631,0
9964,313200.309209598,4161522.75446612,0
9965,313200.387938789,4161522.69280808,0
9966,313200.466670119,4161522.63115277,0
9967,313200.545404044,4161522.56950077,0
9968,313200.624140512,4161522.50785201,0
9969,313200.702878424,4161522.44620511,0
9970,313200.781616551,4161522.38455847,0
9971,313200.860353665,4161522.32291055,0
9972,313200.939088538,4161522.26125976,0
9973,313201.01781997,4161522.19960457,0
9974,313201.096547729,4161522.1379447,0
9975,313201.175272774,4161522.07628137,0
9976,313201.253996138,4161522.01461588,0
9977,313201.332718854,4161521.95294957,0
9978,313201.411441953,4161521.89128374,0
9979,313201.490166287,4161521.8296195,0
9980,313201.568891938,4161521.76795693,0
9981,313201.647618788,4161521.7062959,0
9982,313201.72634672,4161521.64463624,0
9983,313201.805075615,4161521.58297782,0
9984,313201.883805356,4161521.52132048,0
9985,313201.962535824,4161521.45966406,0
9986,313202.041266901,4161521.39800843,0
9987,313202.119998471,4161521.33635342,0
9988,313202.198730414,4161521.27469889,0
9989,313202.277462613,4161521.21304469,0
9990,313202.356194966,4161521.15139068,0
9991,313202.434927453,4161521.08973685,0
9992,313202.513660079,4161521.02808319,0
9993,313202.59239285,4161520.96642972,0
9994,313202.67112577,4161520.90477643,0
9995,313202.749858845,4161520.84312335,0
9996,313202.828592031,4161520.7814704,0
9997,313202.907324964,4161520.71981713,0
9998,313202.986057152,4161520.6581629,0
9999,313203.064788102,4161520.59650711,0
10000,313203.143517321,4161520.5348491,0
10001,313203.222244319,4161520.47318827,0
10002,313203.300968826,4161520.41152426,0
10003,313203.379691047,4161520.34985734,0
10004,313203.45841125,4161520.28818785,0
10005,313203.537129702,4161520.22651611,0
10006,313203.61584667,4161520.16484248,0
10007,313203.694562422,4161520.10316729,0
10008,313203.773277225,4161520.04149088,0
10009,313203.851991346,4161519.97981358,0
10010,313203.930705053,4161519.91813574,0
10011,313204.009418612,4161519.8564577,0
10012,313204.088132333,4161519.79477983,0
10013,313204.16684736,4161519.73310362,0
10014,313204.245565612,4161519.67143151,0
10015,313204.324289039,4161519.60976602,0
10016,313204.403019591,4161519.54810963,0
10017,313204.481759217,4161519.48646486,0
10018,313204.560509866,4161519.42483418,0
10019,313204.639273488,4161519.36322012,0
10020,313204.718052032,4161519.30162516,0
10021,313204.796847447,4161519.2400518,0
10022,313204.875661684,4161519.17850254,0
10023,313204.95449669,4161519.11697989,0
10024,313205.0333538,4161519.05548554,0
10025,313205.112232159,4161518.99401844,0
10026,313205.19113043,4161518.93257687,0
10027,313205.270047274,4161518.87115915,0
10028,313205.348981354,4161518.80976359,0
10029,313205.427931222,4161518.74838833,0
10030,313205.506894583,4161518.68703045,0
10031,313205.58586874,4161518.62568647,0
10032,313205.664850993,4161518.56435292,0
10033,313205.743838644,4161518.50302633,0
10034,313205.822828994,4161518.44170324,0
10035,313205.901819508,4161518.38038038,0
10036,313205.980808762,4161518.31905591,0
10037,313206.059795792,4161518.25772856,0
10038,313206.138779632,4161518.19639707,0
10039,313206.217759319,4161518.13506017,0
10040,313206.296733888,4161518.07371661,0
10041,313206.375701872,4161518.01236448,0
10042,313206.454660343,4161517.95100006,0
10043,313206.533606117,4161517.8896193,0
10044,313206.612536005,4161517.82821812,0
10045,313206.69144682,4161517.76679248,0
10046,313206.770335376,4161517.70533832,0
10047,313206.849198484,4161517.64385157,0
10048,313206.928032959,4161517.58232819,0
10049,313207.006835613,4161517.52076411,0
10050,313207.085603259,4161517.45915527,0
10051,313207.164332718,4161517.39749764,0
10052,313207.243022286,4161517.33578905,0
10053,313207.321673346,4161517.27403134,0
10054,313207.400287676,4161517.21222682,0
10055,313207.478867048,4161517.15037783,0
10056,313207.55741324,4161517.08848668,0
10057,313207.635928024,4161517.02655571,0
10058,313207.714412681,4161516.96458661,0
10059,313207.792867038,4161516.90257918,0
10060,313207.871290663,4161516.84053292,0
10061,313207.949683121,4161516.7784473,0
10062,313208.028043978,4161516.71632181,0
10063,313208.106373173,4161516.6541564,0
10064,313208.184671839,4161516.59195253,0
10065,313208.262941345,4161516.52971195,0
10066,313208.341183061,4161516.46743642,0
10067,313208.419398357,4161516.40512771,0
10068,313208.497588597,4161516.34278755,0
10069,313208.575754615,4161516.28041703,0
10070,313208.65389633,4161516.21801608,0
10071,313208.732013569,4161516.15558451,0
10072,313208.810106161,4161516.09312212,0
10073,313208.888173932,4161516.03062872,0
10074,313208.96621673,4161515.96810416,0
10075,313209.04423509,4161515.9055491,0
10076,313209.122230383,4161515.84296528,0
10077,313209.200204034,4161515.78035447,0
10078,313209.278157464,4161515.71771848,0
10079,313209.356092098,4161515.65505907,0
10080,313209.434009359,4161515.59237805,0
10081,313209.511910671,4161515.52967718,0
10082,313209.589797455,4161515.46695827,0
10083,313209.667671137,4161515.40422309,0
10084,313209.745533139,4161515.34147343,0
10085,313209.823384764,4161515.27871093,0
10086,313209.901226353,4161515.21593601,0
10087,313209.97905778,4161515.15314851,0
10088,313210.056878914,4161515.09034827,0
10089,313210.134689628,4161515.02753512,0
10090,313210.212489791,4161514.96470891,0
10091,313210.290279319,4161514.90186953,0
10092,313210.368058551,4161514.8390174,0
10093,313210.445828063,4161514.77615323,0
10094,313210.523588433,4161514.71327775,0
10095,313210.60134024,4161514.65039168,0
10096,313210.679084061,4161514.58749574,0
10097,313210.756820445,4161514.5245906,0
10098,313210.834549602,4161514.46167655,0
10099,313210.912271535,4161514.39875357,0
10100,313210.989986245,4161514.33582167,0
10101,313211.067693733,4161514.27288085,0
10102,313211.145394002,4161514.20993112,0
10103,313211.223087146,4161514.1469726,0
10104,313211.300773359,4161514.08400553,0
10105,313211.378452841,4161514.02103015,0
10106,313211.45612579,4161513.95804671,0
10107,313211.533792407,4161513.89505546,0
10108,313211.611452914,4161513.83205669,0
10109,313211.689107726,4161513.76905089,0
10110,313211.766757351,4161513.7060387,0
10111,313211.844402301,4161513.64302075,0
10112,313211.922043083,4161513.57999767,0
10113,313211.999680207,4161513.51697008,0
10114,313212.07731418,4161513.45393861,0
10115,313212.154945363,4161513.3909037,0
10116,313212.232573926,4161513.32786557,0
10117,313212.310200027,4161513.2648244,0
10118,313212.387823823,4161513.2017804,0
10119,313212.465445472,4161513.13873375,0
10120,313212.543065129,4161513.07568465,0
10121,313212.620682953,4161513.01263329,0
10122,313212.698299101,4161512.94957988,0
10123,313212.77591373,4161512.88652459,0
10124,313212.853526997,4161512.82346762,0
10125,313212.931139057,4161512.76040917,0
10126,313213.008750018,4161512.69734937,0
10127,313213.086359934,4161512.63428828,0
10128,313213.163968856,4161512.57122597,0
10129,313213.241576835,4161512.50816249,0
10130,313213.319183923,4161512.44509792,0
10131,313213.39679018,4161512.38203233,0
10132,313213.47439579,4161512.31896594,0
10133,313213.552001039,4161512.25589911,0
10134,313213.629606214,4161512.19283219,0
10135,313213.707211605,4161512.12976553,0
10136,313213.7848175,4161512.06669949,0
10137,313213.862424184,4161512.00363443,0
10138,313213.940031885,4161511.94057061,0
10139,313214.017640785,4161511.87750827,0
10140,313214.095251063,4161511.81444763,0
10141,313214.172862897,4161511.7513889,0
10142,313214.250476462,4161511.6883323,0
10143,313214.328091791,4161511.62527788,0
10144,313214.405708752,4161511.56222546,0
10145,313214.483327205,4161511.49917488,0
10146,313214.56094701,4161511.43612596,0
10147,313214.638568025,4161511.37307853,0
10148,313214.716190119,4161511.31003244,0
10149,313214.793813214,4161511.24698757,0
10150,313214.87143726,4161511.18394388,0
10151,313214.949062206,4161511.12090129,0
10152,313215.026688001,4161511.05785975,0
10153,313215.104314593,4161510.99481919,0
10154,313215.181941934,4161510.93177955,0
10155,313215.259570028,4161510.86874084,0
10156,313215.337198945,4161510.80570314,0
10157,313215.414828757,4161510.74266654,0
10158,313215.492459536,4161510.67963114,0
10159,313215.570091355,4161510.61659702,0
10160,313215.647724286,4161510.55356426,0
10161,313215.725358402,4161510.49053297,0
10162,313215.802993774,4161510.42750322,0
10163,313215.880630477,4161510.36447511,0
10164,313215.958268581,4161510.30144873,0
10165,313216.035908152,4161510.23842416,0
10166,313216.113549133,4161510.17540132,0
10167,313216.191191371,4161510.11238003,0
10168,313216.268834706,4161510.04936009,0
10169,313216.346478981,4161509.98634131,0
10170,313216.424124039,4161509.9233235,0
10171,313216.501769757,4161509.8603065,0
10172,313216.579416288,4161509.7972905,0
10173,313216.657063918,4161509.73427585,0
10174,313216.734712933,4161509.67126291,0
10175,313216.812363621,4161509.60825203,0
10176,313216.890016267,4161509.54524357,0
10177,313216.967671156,4161509.48223787,0
10178,313217.045328363,4161509.41923503,0
10179,313217.122987529,4161509.3562346,0
10180,313217.200648242,4161509.29323608,0
10181,313217.278310089,4161509.23023896,0
10182,313217.355972658,4161509.16724272,0
10183,313217.433635558,4161509.1042469,0
10184,313217.511298627,4161509.04125128,0
10185,313217.588961849,4161508.97825585,0
10186,313217.666625209,4161508.91526059,0
10187,313217.74428869,4161508.85226549,0
10188,313217.821952278,4161508.78927051,0
10189,313217.899615956,4161508.72627564,0
10190,313217.977279711,4161508.66328087,0
10191,313218.054943526,4161508.60028618,0
10192,313218.132607386,4161508.53729153,0
10193,313218.210271276,4161508.47429693,0
10194,313218.287935181,4161508.41130234,0
10195,313218.365599076,4161508.34830775,0
10196,313218.443262933,4161508.2853131,0
10197,313218.520926723,4161508.22231837,0
10198,313218.598590417,4161508.15932353,0
10199,313218.676253984,4161508.09632852,0
10200,313218.753917396,4161508.03333333,0
10201,313218.831580605,4161507.97033789,0
10202,313218.909243461,4161507.90734201,0
10203,313218.986905783,4161507.84434547,0
10204,313219.064567389,4161507.78134805,0
10205,313219.142228098,4161507.71834952,0
10206,313219.219887729,4161507.65534967,0
10207,313219.297546083,4161507.59234824,0
10208,313219.375202925,4161507.52934495,0
10209,313219.452858014,4161507.46633949,0
10210,313219.53051111,4161507.40333158,0
10211,313219.608161971,4161507.34032092,0
10212,313219.685810504,4161507.27730739,0
10213,313219.763457587,4161507.21429206,0
10214,313219.841104488,4161507.15127652,0
10215,313219.918752476,4161507.08826232,0
10216,313219.996402821,4161507.02525102,0
10217,313220.074056792,4161506.96224419,0
10218,313220.151714955,4161506.89924252,0
10219,313220.229375057,4161506.83624325,0
10220,313220.307034145,4161506.77324272,0
10221,313220.384689266,4161506.71023731,0
10222,313220.462337466,4161506.64722337,0
10223,313220.539975872,4161506.58419735,0
10224,313220.617605068,4161506.52115998,0
10225,313220.695230342,4161506.45811778,0
10226,313220.772857319,4161506.39507768,0
10227,313220.850491624,4161506.33204662,0
10228,313220.92813888,4161506.26903152,0
10229,313221.005804704,4161506.20603933,0
10230,313221.083492849,4161506.14307465,0
10231,313221.16120283,4161506.08013691,0
10232,313221.238933577,4161506.01722481,0
10233,313221.316684018,4161505.95433701,0
10234,313221.394453082,4161505.89147223,0
10235,313221.472239699,4161505.82862915,0
10236,313221.550042795,4161505.76580645,0
10237,313221.627861302,4161505.70300284,0
10238,313221.705694147,4161505.640217,0
10239,313221.78354026,4161505.57744761,0
10240,313221.861398569,4161505.51469339,0
10241,313221.939268009,4161505.451953,0
10242,313222.017147542,4161505.38922518,0
10243,313222.095036141,4161505.32650862,0
10244,313222.172932775,4161505.26380206,0
10245,313222.250836416,4161505.20110421,0
10246,313222.328746032,4161505.13841377,0
10247,313222.406660009,4161505.07572875,0
10248,313222.484575532,4161505.01304564,0
10249,313222.562489636,4161504.95036076,0
10250,313222.640399355,4161504.88767044,0
10251,313222.718301725,4161504.824971,0
10252,313222.796193782,4161504.76225875,0
10253,313222.874073226,4161504.69953084,0
10254,313222.951940171,4161504.63678741,0
10255,313223.029795277,4161504.57402929,0
10256,313223.107639201,4161504.51125729,0
10257,313223.185472603,4161504.44847224,0
10258,313223.263296142,4161504.38567496,0
10259,313223.341110475,4161504.32286626,0
10260,313223.418916263,4161504.26004696,0
10261,313223.496714164,4161504.19721789,0
10262,313223.574504837,4161504.13437986,0
10263,313223.652288939,4161504.0715337,0
10264,313223.730065956,4161504.00867878,0
10265,313223.807832115,4161503.94581043,0
10266,313223.885583082,4161503.88292331,0
10267,313223.96331452,4161503.82001207,0
10268,313224.041022096,4161503.75707136,0
10269,313224.118701473,4161503.69409582,0
10270,313224.196348499,4161503.63108035,0
10271,313224.273960067,4161503.56802118,0
10272,313224.351533447,4161503.50491504,0
10273,313224.429065907,4161503.44175865,0
10274,313224.506554718,4161503.37854874,0
10275,313224.583997149,4161503.31528204,0
10276,313224.66139126,4161503.25195623,0
10277,313224.738737129,4161503.1885715,0
10278,313224.816035151,4161503.1251284,0
10279,313224.893285725,4161503.0616275,0
10280,313224.970489247,4161502.99806936,0
10281,313225.047645816,4161502.93445418,0
10282,313225.124754082,4161502.87078046,0
10283,313225.201812255,4161502.80704614,0
10284,313225.278818546,4161502.74324919,0
10285,313225.355771162,4161502.67938757,0
10286,313225.432668316,4161502.61545923,0
10287,313225.509509201,4161502.55146331,0
10288,313225.586297382,4161502.48740414,0
10289,313225.663037624,4161502.42328749,0
10290,313225.739734699,4161502.35911915,0
10291,313225.816393373,4161502.29490489,0
10292,313225.893018415,4161502.23065048,0
10293,313225.969613648,4161502.16636055,0
10294,313226.046180029,4161502.10203628,0
10295,313226.122717973,4161502.03767819,0
10296,313226.199227896,4161501.9732868,0
10297,313226.275710212,4161501.90886263,0
10298,313226.352165338,4161501.8444062,0
10299,313226.428593688,4161501.77991803,0
10300,313226.504995678,4161501.71539863,0
10301,313226.581371724,4161501.65084854,0
10302,313226.657722241,4161501.58626827,0
10303,313226.734047643,4161501.52165834,0
10304,313226.81034839,4161501.45701932,0
10305,313226.886625093,4161501.39235194,0
10306,313226.962878402,4161501.32765699,0
10307,313227.039108966,4161501.26293525,0
10308,313227.115317434,4161501.1981875,0
10309,313227.191504455,4161501.13341451,0
10310,313227.267670631,4161501.06861701,0
10311,313227.343816319,4161501.00379544,0
10312,313227.419941794,4161500.93895012,0
10313,313227.496047334,4161500.87408141,0
10314,313227.572133215,4161500.80918964,0
10315,313227.648199714,4161500.74427515,0
10316,313227.724247074,4161500.67933825,0
10317,313227.800275389,4161500.61437904,0
10318,313227.876284711,4161500.54939762,0
10319,313227.952275094,4161500.48439405,0
10320,313228.028246589,4161500.41936841,0
10321,313228.104199251,4161500.35432078,0
10322,313228.180133556,4161500.28925173,0
10323,313228.25605084,4161500.22416281,0
10324,313228.331952545,4161500.15905572,0
10325,313228.40784011,4161500.09393216,0
10326,313228.483714978,4161500.0287938,0
10327,313228.559578553,4161499.96364229,0
10328,313228.635431824,4161499.89847879,0
10329,313228.711275515,4161499.83330414,0
10330,313228.787110347,4161499.76811918,0
10331,313228.862937042,4161499.70292476,0
10332,313228.93875632,4161499.6377217,0
10333,313229.014568901,4161499.57251086,0
10334,313229.090375507,4161499.50729307,0
10335,313229.166176859,4161499.44206917,0
10336,313229.241973676,4161499.37684,0
10337,313229.317766681,4161499.31160641,0
10338,313229.393556593,4161499.24636922,0
10339,313229.46934387,4161499.18112897,0
10340,313229.545128052,4161499.11588513,0
10341,313229.620908477,4161499.05063694,0
10342,313229.696684486,4161498.98538361,0
10343,313229.772455416,4161498.92012439,0
10344,313229.848220607,4161498.85485851,0
10345,313229.923979518,4161498.78958533,0
10346,313229.999732054,4161498.72430476,0
10347,313230.075478229,4161498.6590168,0
10348,313230.151218055,4161498.59372148,0
10349,313230.226951544,4161498.52841881,0
10350,313230.302678764,4161498.46310887,0
10351,313230.37840053,4161498.39779261,0
10352,313230.454118205,4161498.3324716,0
10353,313230.529833167,4161498.26714745,0
10354,313230.605546792,4161498.20182175,0
10355,313230.681260454,4161498.13649609,0
10356,313230.756975457,4161498.07117199,0
10357,313230.832692187,4161498.00584989,0
10358,313230.908410415,4161497.94052953,0
10359,313230.9841299,4161497.87521062,0
10360,313231.0598504,4161497.80989289,0
10361,313231.135571676,4161497.74457606,0
10362,313231.211293525,4161497.67925989,0
10363,313231.287015991,4161497.61394444,0
10364,313231.362739211,4161497.54862987,0
10365,313231.438463323,4161497.48331632,0
10366,313231.514188464,4161497.41800397,0
10367,313231.589914773,4161497.35269298,0
10368,313231.665642387,4161497.28738349,0
10369,313231.741371422,4161497.22207566,0
10370,313231.817101962,4161497.15676957,0
10371,313231.892834088,4161497.09146532,0
10372,313231.96856788,4161497.026163,0
10373,313232.044303419,4161496.96086271,0
10374,313232.120040786,4161496.89556454,0
10375,313232.195780062,4161496.83026858,0
10376,313232.271521328,4161496.76497493,0
10377,313232.347264664,4161496.69968368,0
10378,313232.423010151,4161496.63439493,0
10379,313232.49875787,4161496.56910876,0
10380,313232.574507913,4161496.5038253,0
10381,313232.650260384,4161496.43854465,0
10382,313232.726015389,4161496.37326694,0
10383,313232.801773035,4161496.30799229,0
10384,313232.877533427,4161496.24272084,0
10385,313232.95329667,4161496.17745269,0
10386,313233.029062838,4161496.11218794,0
10387,313233.10483183,4161496.04692646,0
10388,313233.180603498,4161495.9816681,0
10389,313233.25637769,4161495.91641266,0
10390,313233.332154256,4161495.85115998,0
10391,313233.407933047,4161495.78590989,0
10392,313233.483714014,4161495.72066232,0
10393,313233.559497431,4161495.6554176,0
10394,313233.635283632,4161495.59017611,0
10395,313233.711072954,4161495.52493825,0
10396,313233.786865731,4161495.4597044,0
10397,313233.862662236,4161495.39447488,0
10398,313233.938462414,4161495.32924963,0
10399,313234.014266103,4161495.26402847,0
10400,313234.090073144,4161495.19881119,0
10401,313234.165883375,4161495.13359763,0
10402,313234.241696635,4161495.06838758,0
10403,313234.317512763,4161495.00318087,0
10404,313234.393331599,4161494.93797731,0
10405,313234.469152982,4161494.87277671,0
10406,313234.544976751,4161494.80757889,0
10407,313234.620802744,4161494.74238365,0
10408,313234.696630801,4161494.67719081,0
10409,313234.772460771,4161494.6120002,0
10410,313234.848292611,4161494.54681176,0
10411,313234.924126352,4161494.48162554,0
10412,313234.999962025,4161494.41644156,0
10413,313235.075799661,4161494.35125987,0
10414,313235.151639291,4161494.2860805,0
10415,313235.227480936,4161494.22090347,0
10416,313235.30332453,4161494.15572871,0
10417,313235.379169957,4161494.09055609,0
10418,313235.455017098,4161494.02538546,0
10419,313235.530865837,4161493.96021669,0
10420,313235.606716056,4161493.89504964,0
10421,313235.682567638,4161493.82988417,0
10422,313235.758420466,4161493.76472016,0
10423,313235.834274423,4161493.69955746,0
10424,313235.91012939,4161493.63439594,0
10425,313235.985985252,4161493.56923546,0
10426,313236.061841899,4161493.50407589,0
10427,313236.137699331,4161493.43891724,0
10428,313236.213557622,4161493.37375958,0
10429,313236.289416844,4161493.30860301,0
10430,313236.365277071,4161493.24344762,0
10431,313236.441138377,4161493.17829347,0
10432,313236.517000835,4161493.11314067,0
10433,313236.59286449,4161493.04798927,0
10434,313236.668729234,4161492.98283913,0
10435,313236.744594899,4161492.91769006,0
10436,313236.820461321,4161492.85254188,0
10437,313236.896328335,4161492.78739438,0
10438,313236.972195776,4161492.72224738,0
10439,313237.048063477,4161492.65710069,0
10440,313237.123931274,4161492.5919541,0
10441,313237.199799001,4161492.52680744,0
10442,313237.275666494,4161492.4616605,0
10443,313237.351533586,4161492.39651309,0
10444,313237.427400118,4161492.33136504,0
10445,313237.503265957,4161492.26621617,0
10446,313237.579130982,4161492.20106636,0
10447,313237.65499507,4161492.13591546,0
10448,313237.7308581,4161492.07076332,0
10449,313237.806719948,4161492.00560981,0
10450,313237.882580509,4161491.9404548,0
10451,313237.958439962,4161491.8752985,0
10452,313238.034298738,4161491.81014142,0
10453,313238.110157273,4161491.74498405,0
10454,313238.186016004,4161491.67982691,0
10455,313238.261875366,4161491.6146705,0
10456,313238.337735473,4161491.54951496,0
10457,313238.413595771,4161491.48435964,0
10458,313238.489455626,4161491.41920381,0
10459,313238.565314405,4161491.35404673,0
10460,313238.641171474,4161491.28888765,0
10461,313238.717026198,4161491.22372585,0
10462,313238.792878006,4161491.15856065,0
10463,313238.868726925,4161491.09339209,0
10464,313238.944573318,4161491.02822059,0
10465,313239.020417552,4161490.96304657,0
10466,313239.096259992,4161490.89787047,0
10467,313239.172101,4161490.8326927,0
10468,313239.247940683,4161490.76751339,0
10469,313239.323778772,4161490.70233222,0
10470,313239.399614966,4161490.63714884,0
10471,313239.475448964,4161490.57196291,0
10472,313239.551280466,4161490.50677408,0
10473,313239.627109171,4161490.44158199,0
10474,313239.702934779,4161490.37638631,0
10475,313239.778756989,4161490.31118667,0
10476,313239.8545755,4161490.24598273,0
10477,313239.930390013,4161490.18077415,0
10478,313240.006200227,4161490.11556057,0
10479,313240.08200584,4161490.05034164,0
10480,313240.157806623,4161489.98511709,0
10481,313240.233602803,4161489.9198872,0
10482,313240.309394793,4161489.85465243,0
10483,313240.385183005,4161489.78941328,0
10484,313240.460967852,4161489.72417022,0
10485,313240.536749746,4161489.65892373,0
10486,313240.612528999,4161489.59367417,0
10487,313240.688305689,4161489.52842163,0
10488,313240.764079856,4161489.46316617,0
10489,313240.839851543,4161489.39790783,0
10490,313240.915620792,4161489.33264665,0
10491,313240.991387631,4161489.26738268,0
10492,313241.067151892,4161489.20211571,0
10493,313241.142913245,4161489.13684537,0
10494,313241.218671356,4161489.07157127,0
10495,313241.294425891,4161489.00629301,0
10496,313241.370176516,4161488.94101022,0
10497,313241.445922899,4161488.87572251,0
10498,313241.521664744,4161488.81042953,0
10499,313241.597401798,4161488.74513099,0
10500,313241.673133805,4161488.67982661,0
10501,313241.748860514,4161488.61451607,0
10502,313241.82458167,4161488.5491991,0
10503,313241.900296969,4161488.48387533,0
10504,313241.976005853,4161488.41854413,0
10505,313242.051707688,4161488.35320477,0
10506,313242.127401837,4161488.2878565,0
10507,313242.203087664,4161488.22249859,0
10508,313242.278764534,4161488.15713032,0
10509,313242.3544319,4161488.09175105,0
10510,313242.430089992,4161488.02636104,0
10511,313242.50573943,4161487.96096102,0
10512,313242.581380835,4161487.89555171,0
10513,313242.657014831,4161487.83013383,0
10514,313242.732642041,4161487.7647081,0
10515,313242.808263089,4161487.69927524,0
10516,313242.883878595,4161487.63383598,0
10517,313242.959489185,4161487.56839104,0
10518,313243.03509548,4161487.50294113,0
10519,313243.110698104,4161487.43748698,0
10520,313243.186297679,4161487.37202932,0
10521,313243.261894817,4161487.30656884,0
10522,313243.337490032,4161487.24110615,0
10523,313243.413083795,4161487.17564179,0
10524,313243.488676574,4161487.11017629,0
10525,313243.564268838,4161487.0447102,0
10526,313243.639861055,4161486.97924405,0
10527,313243.715453521,4161486.91377819,0
10528,313243.791046221,4161486.8483126,0
10529,313243.86663911,4161486.78284723,0
10530,313243.94223214,4161486.71738202,0
10531,313244.017825266,4161486.65191692,0
10532,313244.093418441,4161486.58645187,0
10533,313244.16901164,4161486.52098686,0
10534,313244.244605022,4161486.45552205,0
10535,313244.320198834,4161486.39005774,0
10536,313244.395793324,4161486.32459422,0
10537,313244.471388739,4161486.25913176,0
10538,313244.546985323,4161486.19367066,0
10539,313244.622583242,4161486.12821109,0
10540,313244.698182599,4161486.06275318,0
10541,313244.773783497,4161485.99729706,0
10542,313244.849386039,4161485.93184283,0
10543,313244.924990328,4161485.86639062,0
10544,313245.000596464,4161485.80094055,0
10545,313245.076204552,4161485.73549273,0
10546,313245.151814694,4161485.67004728,0
10547,313245.227426992,4161485.60460433,0
10548,313245.303041548,4161485.53916398,0
10549,313245.378658466,4161485.47372636,0
10550,313245.454277847,4161485.40829159,0
10551,313245.529899756,4161485.34285974,0
10552,313245.605524198,4161485.27743082,0
10553,313245.681151173,4161485.21200482,0
10554,313245.756780679,4161485.14658176,0
10555,313245.832412716,4161485.08116161,0
10556,313245.908047282,4161485.0157444,0
10557,313245.983684368,4161484.95033009,0
10558,313246.059323946,4161484.88491867,0
10559,313246.134965985,4161484.81951009,0
10560,313246.210610454,4161484.75410432,0
10561,313246.286257325,4161484.68870134,0
10562,313246.361906573,4161484.6233011,0
10563,313246.437558199,4161484.55790361,0
10564,313246.513212208,4161484.49250888,0
10565,313246.588868606,4161484.42711691,0
10566,313246.664527398,4161484.36172771,0
10567,313246.74018859,4161484.29634129,0
10568,313246.815852188,4161484.23095765,0
10569,313246.891518288,4161484.16557691,0
10570,313246.967187124,4161484.10019933,0
10571,313247.042858941,4161484.03482521,0
10572,313247.118533984,4161483.96945482,0
10573,313247.194212499,4161483.90408845,0
10574,313247.269894643,4161483.83872628,0
10575,313247.345580304,4161483.77336818,0
10576,313247.42126932,4161483.70801397,0
10577,313247.496961527,4161483.64266346,0
10578,313247.572656762,4161483.57731645,0
10579,313247.648354862,4161483.51197276,0
10580,313247.724055663,4161483.4466322,0
10581,313247.799759003,4161483.38129458,0
10582,313247.875464717,4161483.31595971,0
10583,313247.951172644,4161483.2506274,0
10584,313248.026882619,4161483.18529747,0
10585,313248.10259448,4161483.11996972,0
10586,313248.178308082,4161483.05464399,0
10587,313248.254023516,4161482.98932039,0
10588,313248.329741037,4161482.9239992,0
10589,313248.405460902,4161482.85868074,0
10590,313248.481183367,4161482.79336529,0
10591,313248.556908689,4161482.72805315,0
10592,313248.632637105,4161482.6627446,0
10593,313248.708368425,4161482.59743941,0
10594,313248.784102073,4161482.53213693,0
10595,313248.859837461,4161482.46683646,0
10596,313248.935573998,4161482.40153732,0
10597,313249.011311104,4161482.33623885,0
10598,313249.087048631,4161482.27094086,0
10599,313249.162787039,4161482.2056439,0
10600,313249.238526831,4161482.14034854,0
10601,313249.314268512,4161482.07505537,0
10602,313249.390012583,4161482.00976498,0
10603,313249.465759551,4161481.94447794,0
10604,313249.541509728,4161481.87919463,0
10605,313249.617262884,4161481.81391478,0
10606,313249.693018686,4161481.74863799,0
10607,313249.768776803,4161481.68336389,0
10608,313249.844536903,4161481.6180921,0
10609,313249.920298656,4161481.55282222,0
10610,313249.99606172,4161481.48755387,0
10611,313250.071825653,4161481.42228652,0
10612,313250.147589938,4161481.35701959,0
10613,313250.223354062,4161481.29175246,0
10614,313250.299117509,4161481.22648455,0
10615,313250.374879764,4161481.16121526,0
10616,313250.45064031,4161481.09594398,0
10617,313250.526398632,4161481.03067013,0
10618,313250.602154216,4161480.96539309,0
10619,313250.677906546,4161480.90011227,0
10620,313250.753655105,4161480.83482708,0
10621,313250.829399363,4161480.76953689,0
10622,313250.905138292,4161480.70424052,0
10623,313250.980870288,4161480.63893611,0
10624,313251.056593717,4161480.57362177,0
10625,313251.132306945,4161480.50829561,0
10626,313251.208008338,4161480.44295573,0
10627,313251.28369626,4161480.37760025,0
10628,313251.359369436,4161480.3122277,0
10629,313251.435027668,4161480.24683785,0
10630,313251.510670963,4161480.18143071,0
10631,313251.586299329,4161480.11600631,0
10632,313251.661912772,4161480.05056466,0
10633,313251.737511301,4161479.98510578,0
10634,313251.813094876,4161479.91962964,0
10635,313251.888663332,4161479.85413604,0
10636,313251.964216484,4161479.78862479,0
10637,313252.039754145,4161479.72309569,0
10638,313252.11527613,4161479.65754852,0
10639,313252.190782253,4161479.59198309,0
10640,313252.266272728,4161479.52639964,0
10641,313252.341751487,4161479.46080271,0
10642,313252.417224483,4161479.39519915,0
10643,313252.492697687,4161479.32959583,0
10644,313252.568177072,4161479.26399962,0
10645,313252.643668607,4161479.1984174,0
10646,313252.719176872,4161479.13285443,0
10647,313252.794702412,4161479.06731135,0
10648,313252.870245042,4161479.00178796,0
10649,313252.945804579,4161478.93628406,0
10650,313253.021380839,4161478.87079944,0
10651,313253.096973638,4161478.80533391,0
10652,313253.172582793,4161478.73988725,0
10653,313253.24820812,4161478.67445928,0
10654,313253.323849435,4161478.60904978,0
10655,313253.399506554,4161478.54365856,0
10656,313253.475179295,4161478.47828541,0
10657,313253.550867473,4161478.41293014,0
10658,313253.62657164,4161478.34759339,0
10659,313253.702294785,4161478.28227865,0
10660,313253.7780404,4161478.21699,0
10661,313253.853811976,4161478.15173152,0
10662,313253.929613005,4161478.08650726,0
10663,313254.005446978,4161478.02132131,0
10664,313254.081316768,4161477.95617702,0
10665,313254.157222637,4161477.89107475,0
10666,313254.233164167,4161477.82601407,0
10667,313254.30914094,4161477.76099454,0
10668,313254.385152536,4161477.69601573,0
10669,313254.461198489,4161477.63107717,0
10670,313254.537277621,4161477.56617749,0
10671,313254.613388181,4161477.50131467,0
10672,313254.689528407,4161477.43648666,0
10673,313254.765696533,4161477.37169141,0
10674,313254.841890795,4161477.30692688,0
10675,313254.918109496,4161477.24219109,0
10676,313254.994352632,4161477.17748407,0
10677,313255.070621996,4161477.11280799,0
10678,313255.146919469,4161477.04816509,0
10679,313255.22324693,4161476.98355764,0
10680,313255.299606261,4161476.91898789,0
10681,313255.375999335,4161476.85445809,0
10682,313255.452426909,4161476.78996918,0
10683,313255.528887133,4161476.72551896,0
10684,313255.605377792,4161476.66110484,0
10685,313255.681896668,4161476.5967242,0
10686,313255.758441545,4161476.53237442,0
10687,313255.835010205,4161476.4680529,0
10688,313255.911600432,4161476.40375702,0
10689,313255.988210009,4161476.33948417,0
10690,313256.06483672,4161476.27523174,0
10691,313256.141478346,4161476.21099712,0
10692,313256.218132673,4161476.1467777,0
10693,313256.294798126,4161476.08257161,0
10694,313256.37147478,4161476.01837896,0
10695,313256.448162974,4161475.95420013,0
10696,313256.524863047,4161475.89003553,0
10697,313256.601575339,4161475.82588555,0
10698,313256.678300187,4161475.76175059,0
10699,313256.755037908,4161475.69763103,0
10700,313256.831788303,4161475.63352662,0
10701,313256.908550669,4161475.56943654,0
10702,313256.985324282,4161475.50535991,0
10703,313257.062108417,4161475.44129589,0
10704,313257.13890235,4161475.3772436,0
10705,313257.215705564,4161475.31320245,0
10706,313257.292518577,4161475.24917305,0
10707,313257.369342226,4161475.18515642,0
10708,313257.446177349,4161475.12115357,0
10709,313257.523024783,4161475.0571655,0
10710,313257.599885365,4161474.99319324,0
10711,313257.67675993,4161474.92923778,0
10712,313257.753648561,4161474.86529923,0
10713,313257.830549677,4161474.8013757,0
10714,313257.907461477,4161474.73746501,0
10715,313257.984382158,4161474.67356501,0
10716,313258.061309917,4161474.60967353,0
10717,313258.138243231,4161474.54578874,0
10718,313258.215181643,4161474.4819101,0
10719,313258.292124957,4161474.41803736,0
10720,313258.369072976,4161474.35417029,0
10721,313258.446025503,4161474.29030866,0
10722,313258.522982342,4161474.22645222,0
10723,313258.599943301,4161474.16260074,0
10724,313258.676908258,4161474.09875409,0
10725,313258.753877153,4161474.03491218,0
10726,313258.830849927,4161473.97107494,0
10727,313258.907826519,4161473.90724232,0
10728,313258.984806872,4161473.84341422,0
10729,313259.061790925,4161473.77959059,0
10730,313259.138778618,4161473.71577134,0
10731,313259.215769894,4161473.65195642,0
10732,313259.292764691,4161473.58814575,0
10733,313259.369762952,4161473.52433926,0
10734,313259.446764616,4161473.46053688,0
10735,313259.523769622,4161473.39673853,0
10736,313259.600777828,4161473.33294404,0
10737,313259.677788987,4161473.26915312,0
10738,313259.754802847,4161473.20536547,0
10739,313259.831819155,4161473.14158076,0
10740,313259.90883766,4161473.07779871,0
10741,313259.985858082,4161473.01401898,0
10742,313260.062879962,4161472.95024101,0
10743,313260.139902771,4161472.88646415,0
10744,313260.216925976,4161472.82268778,0
10745,313260.293949048,4161472.75891124,0
10746,313260.370971456,4161472.69513391,0
10747,313260.447992703,4161472.63135517,0
10748,313260.525012673,4161472.56757489,0
10749,313260.602031485,4161472.50379321,0
10750,313260.679049259,4161472.44001028,0
10751,313260.756066118,4161472.37622624,0
10752,313260.833082183,4161472.31244124,0
10753,313260.910097577,4161472.24865544,0
10754,313260.987112495,4161472.18486905,0
10755,313261.064127219,4161472.12108244,0
10756,313261.141142035,4161472.05729593,0
10757,313261.218157231,4161471.99350989,0
10758,313261.295173094,4161471.92972465,0
10759,313261.372189911,4161471.86594056,0
10760,313261.44920797,4161471.80215797,0
10761,313261.526227557,4161471.73837723,0
10762,313261.60324896,4161471.67459868,0
10763,313261.680272466,4161471.61082267,0
10764,313261.757298363,4161471.54704954,0
10765,313261.834326932,4161471.48327965,0
10766,313261.911358353,4161471.41951319,0
10767,313261.988392687,4161471.35575026,0
10768,313262.065429992,4161471.29199092,0
10769,313262.142470327,4161471.22823524,0
10770,313262.219513748,4161471.16448329,0
10771,313262.296560274,4161471.10073509,0
10772,313262.373609261,4161471.03698987,0
10773,313262.450659509,4161470.97324617,0
10774,313262.527709801,4161470.90950253,0
10775,313262.604758918,4161470.84575746,0
10776,313262.681805641,4161470.78200949,0
10777,313262.758848675,4161470.71825706,0
10778,313262.835886192,4161470.65449797,0
10779,313262.912916151,4161470.59072974,0
10780,313262.989936509,4161470.52694992,0
10781,313263.066945224,4161470.46315604,0
10782,313263.143940253,4161470.39934566,0
10783,313263.220919558,4161470.33551629,0
10784,313263.297881675,4161470.2716662,0
10785,313263.374826316,4161470.20779503,0
10786,313263.451753336,4161470.14390265,0
10787,313263.528662591,4161470.0799889,0
10788,313263.605553936,4161470.01605361,0
10789,313263.68242736,4161469.95209678,0
10790,313263.759284133,4161469.88811996,0
10791,313263.836126246,4161469.82412554,0
10792,313263.912955694,4161469.7601159,0
10793,313263.989774475,4161469.69609345,0
10794,313264.066584587,4161469.63206058,0
10795,313264.143388026,4161469.5680197,0
10796,313264.220186789,4161469.50397321,0
10797,313264.296982873,4161469.4399235,0
10798,313264.373778276,4161469.37587296,0
10799,313264.450574995,4161469.31182401,0
10800,313264.527375026,4161469.24777903,0
10801,313264.604180352,4161469.18374041,0
10802,313264.680992032,4161469.11970942,0
10803,313264.757809691,4161469.05568561,0
10804,313264.834632835,4161468.99166839,0
10805,313264.911460965,4161468.92765716,0
10806,313264.988293586,4161468.86365132,0
10807,313265.065130206,4161468.79965029,0
10808,313265.141970687,4161468.73565389,0
10809,313265.218815495,4161468.67166268,0
10810,313265.295665155,4161468.6076773,0
10811,313265.372520195,4161468.54369837,0
10812,313265.449381141,4161468.47972652,0
10813,313265.526248611,4161468.41576249,0
10814,313265.603124175,4161468.35180818,0
10815,313265.68000995,4161468.28786614,0
10816,313265.75690806,4161468.22393896,0
10817,313265.833820628,4161468.16002919,0
10818,313265.91074978,4161468.09613941,0
10819,313265.987697637,4161468.03227219,0
10820,313266.064666105,4161467.96842983,0
10821,313266.141655335,4161467.90461251,0
10822,313266.218664641,4161467.84081938,0
10823,313266.29569333,4161467.7770496,0
10824,313266.372740711,4161467.71330232,0
10825,313266.449806178,4161467.6495768,0
10826,313266.526890507,4161467.585874,0
10827,313266.603995591,4161467.52219627,0
10828,313266.681123354,4161467.45854599,0
10829,313266.758275722,4161467.39492554,0
10830,313266.83545462,4161467.33133732,0
10831,313266.912661972,4161467.2677837,0
10832,313266.989899704,4161467.20426706,0
10833,313267.06716974,4161467.1407898,0
10834,313267.144474006,4161467.0773543,0
10835,313267.221814427,4161467.01396293,0
10836,313267.299192926,4161466.95061809,0
10837,313267.37661143,4161466.88732216,0
10838,313267.454071049,4161466.82407653,0
10839,313267.53157037,4161466.76087952,0
10840,313267.609107489,4161466.69772886,0
10841,313267.686680504,4161466.63462228,0
10842,313267.764287509,4161466.57155748,0
10843,313267.841926602,4161466.50853221,0
10844,313267.919595963,4161466.44554429,0
10845,313267.997294312,4161466.38259215,0
10846,313268.075020589,4161466.31967452,0
10847,313268.152773737,4161466.2567901,0
10848,313268.230552695,4161466.1939376,0
10849,313268.308356457,4161466.13111578,0
10850,313268.38618519,4161466.0683249,0
10851,313268.46404023,4161466.00556663,0
10852,313268.541922965,4161465.94284275,0
10853,313268.619834783,4161465.880155,0
10854,313268.697777071,4161465.81750514,0
10855,313268.775751177,4161465.75489488,0
10856,313268.853757402,4161465.69232463,0
10857,313268.931794937,4161465.62979343,0
10858,313269.00986292,4161465.56730022,0
10859,313269.08796049,4161465.50484399,0
10860,313269.166086784,4161465.44242369,0
10861,313269.244240939,4161465.3800383,0
10862,313269.322422089,4161465.31768675,0
10863,313269.400628985,4161465.25536754,0
10864,313269.478859785,4161465.19307834,0
10865,313269.557112594,4161465.13081679,0
10866,313269.635385518,4161465.06858053,0
10867,313269.71367666,4161465.00636718,0
10868,313269.791984139,4161464.94417439,0
10869,313269.870306734,4161464.88200063,0
10870,313269.948644249,4161464.81984567,0
10871,313270.026996573,4161464.75770938,0
10872,313270.105363598,4161464.69559163,0
10873,313270.183745212,4161464.63349228,0
10874,313270.262141306,4161464.57141122,0
10875,313270.340551769,4161464.5093483,0
10876,313270.418976493,4161464.44730341,0
10877,313270.497415367,4161464.38527641,0
10878,313270.57586828,4161464.32326717,0
10879,313270.654335124,4161464.26127557,0
10880,313270.732815814,4161464.19930151,0
10881,313270.811310317,4161464.13734495,0
10882,313270.889818608,4161464.07540586,0
10883,313270.968340663,4161464.01348423,0
10884,313271.046876456,4161463.95158003,0
10885,313271.125425962,4161463.88969324,0
10886,313271.20398909,4161463.82782374,0
10887,313271.282565032,4161463.76597051,0
10888,313271.361152531,4161463.70413197,0
10889,313271.439750327,4161463.64230651,0
10890,313271.518357156,4161463.58049254,0
10891,313271.596971758,4161463.51868844,0
10892,313271.675592903,4161463.45689267,0
10893,313271.754220053,4161463.39510455,0
10894,313271.83285334,4161463.33332424,0
10895,313271.911492922,4161463.27155195,0
10896,313271.990138956,4161463.20978787,0
10897,313272.068791599,4161463.14803221,0
10898,313272.147450901,4161463.08628504,0
10899,313272.226116256,4161463.02454557,0
10900,313272.304786811,4161462.96281273,0
10901,313272.383461714,4161462.90108542,0
10902,313272.462140115,4161462.83936258,0
10903,313272.540821159,4161462.7776431,0
10904,313272.619504045,4161462.71592597,0
10905,313272.698188325,4161462.65421063,0
10906,313272.77687372,4161462.5924967,0
10907,313272.855559947,4161462.53078383,0
10908,313272.934246726,4161462.46907167,0
10909,313273.012933777,4161462.40735986,0
10910,313273.091620819,4161462.34564803,0
10911,313273.170307571,4161462.28393584,0
10912,313273.248993752,4161462.22222291,0
10913,313273.327679082,4161462.16050891,0
10914,313273.406363279,4161462.09879346,0
10915,313273.485046064,4161462.0370762,0
10916,313273.563727155,4161461.97535679,0
10917,313273.642406282,4161461.91363488,0
10918,313273.721083193,4161461.85191013,0
10919,313273.799757637,4161461.79018225,0
10920,313273.878429362,4161461.7284509,0
10921,313273.957098118,4161461.66671576,0
10922,313274.035763647,4161461.60497651,0
10923,313274.114425617,4161461.54323273,0
10924,313274.19308365,4161461.48148393,0
10925,313274.271737367,4161461.41972963,0
10926,313274.350386388,4161461.35796936,0
10927,313274.429030336,4161461.29620262,0
10928,313274.507668832,4161461.23442895,0
10929,313274.586301771,4161461.1726482,0
10930,313274.664929623,4161461.11086098,0
10931,313274.743552926,4161461.04906797,0
10932,313274.822172221,4161460.98726985,0
10933,313274.900788049,4161460.92546733,0
10934,313274.97940092,4161460.86366105,0
10935,313275.058010858,4161460.80185103,0
10936,313275.136617493,4161460.74003682,0
10937,313275.215220443,4161460.67821792,0
10938,313275.293819326,4161460.61639385,0
10939,313275.372413761,4161460.55456412,0
10940,313275.451003367,4161460.49272826,0
10941,313275.529587921,4161460.43088598,0
10942,313275.608167477,4161460.36903734,0
10943,313275.686742119,4161460.30718246,0
10944,313275.76531193,4161460.24532144,0
10945,313275.843876993,4161460.1834544,0
10946,313275.922437393,4161460.12158142,0
10947,313276.000993212,4161460.05970264,0
10948,313276.079544535,4161459.99781814,0
10949,313276.158091444,4161459.93592805,0
10950,313276.236634023,4161459.87403246,0
10951,313276.315172356,4161459.81213148,0
10952,313276.393706527,4161459.75022522,0
10953,313276.472236616,4161459.68831379,0
10954,313276.550762695,4161459.62639727,0
10955,313276.629284832,4161459.56447576,0
10956,313276.707803094,4161459.50254933,0
10957,313276.786317548,4161459.44061807,0
10958,313276.86482826,4161459.37868207,0
10959,313276.943335158,4161459.31674124,0
10960,313277.021837884,4161459.25479511,0
10961,313277.100336049,4161459.19284321,0
10962,313277.178829262,4161459.13088503,0
10963,313277.257317133,4161459.06892008,0
10964,313277.335799272,4161459.00694788,0
10965,313277.414275297,4161458.94496794,0
10966,313277.492745248,4161458.8829803,0
10967,313277.571209739,4161458.82098576,0
10968,313277.649669426,4161458.75898513,0
10969,313277.728124965,4161458.69697925,0
10970,313277.806577008,4161458.63496896,0
10971,313277.885026035,4161458.57295484,0
10972,313277.963472255,4161458.51093718,0
10973,313278.041915856,4161458.4489162,0
10974,313278.120357027,4161458.38689215,0
10975,313278.198795955,4161458.32486527,0
10976,313278.277232828,4161458.26283578,0
10977,313278.355667813,4161458.20080391,0
10978,313278.434100973,4161458.13876973,0
10979,313278.512532334,4161458.07673328,0
10980,313278.590961924,4161458.01469458,0
10981,313278.669389769,4161457.95265368,0
10982,313278.747815898,4161457.89061062,0
10983,313278.826240337,4161457.82856541,0
10984,313278.904663113,4161457.7665181,0
10985,313278.983084254,4161457.70446873,0
10986,313279.061503786,4161457.64241732,0
10987,313279.139921737,4161457.58036392,0
10988,313279.218338135,4161457.51830855,0
10989,313279.296753005,4161457.45625125,0
10990,313279.375166301,4161457.39419196,0
10991,313279.453577801,4161457.3321304,0
10992,313279.531987255,4161457.27006626,0
10993,313279.610394414,4161457.20799922,0
10994,313279.688799029,4161457.14592897,0
10995,313279.767200872,4161457.08385522,0
10996,313279.845600469,4161457.02177863,0
10997,313279.923999309,4161456.95970109,0
10998,313280.002398949,4161456.89762455,0
10999,313280.080800942,4161456.83555099,0
11000,313280.159206841,4161456.77348236,0
11001,313280.237618202,4161456.71142061,0
11002,313280.316035744,4161456.64936667,0
11003,313280.394455597,4161456.58731565,0
11004,313280.472872318,4161456.52526068,0
11005,313280.551280464,4161456.46319489,0
11006,313280.629674593,4161456.40111141,0
11007,313280.708049326,4161456.33900345,0
11008,313280.786402439,4161456.27686822,0
11009,313280.864736159,4161456.21470852,0
11010,313280.94305305,4161456.1525276,0
11011,313281.021355674,4161456.0903287,0
11012,313281.099646596,4161456.02811506,0
11013,313281.17792838,4161455.96588993,0
11014,313281.256203353,4161455.90365625,0
11015,313281.334472677,4161455.84141547,0
11016,313281.412737152,4161455.77916861,0
11017,313281.490997576,4161455.71691667,0
11018,313281.56925475,4161455.65466064,0
11019,313281.647509473,4161455.59240153,0
11020,313281.725762545,4161455.53014034,0
11021,313281.804014765,4161455.46787809,0
11022,313281.882266933,4161455.40561576,0
11023,313281.960519849,4161455.34335436,0
11024,313282.038774311,4161455.2810949,0
11025,313282.11703112,4161455.21883838,0
11026,313282.195291183,4161455.15658593,0
11027,313282.273557003,4161455.09434072,0
11028,313282.351832297,4161455.03210743,0
11029,313282.430120815,4161454.96989079,0
11030,313282.508426306,4161454.90769554,0
11031,313282.586752519,4161454.84552639,0
11032,313282.665103034,4161454.78338788,0
11033,313282.743478707,4161454.7212811,0
11034,313282.821878194,4161454.65920435,0
11035,313282.90030009,4161454.5971559,0
11036,313282.97874299,4161454.53513398,0
11037,313283.057205486,4161454.47313685,0
11038,313283.135686182,4161454.41116275,0
11039,313283.214184538,4161454.34921103,0
11040,313283.292701677,4161454.28728314,0
11041,313283.37123891,4161454.22538074,0
11042,313283.449797547,4161454.16350553,0
11043,313283.528378898,4161454.10165919,0
11044,313283.606984207,4161454.03984331,0
11045,313283.685613412,4161453.97805782,0
11046,313283.764265273,4161453.91630116,0
11047,313283.842938502,4161453.8545717,0
11048,313283.921631814,4161453.79286782,0
11049,313284.000343924,4161453.73118791,0
11050,313284.079073552,4161453.66953033,0
11051,313284.15781982,4161453.60789399,0
11052,313284.236582519,4161453.54627864,0
11053,313284.315361502,4161453.48468409,0
11054,313284.394156619,4161453.42311016,0
11055,313284.472967725,4161453.36155668,0
11056,313284.551794671,4161453.30002347,0
11057,313284.63063731,4161453.23851036,0
11058,313284.709495495,4161453.17701716,0
11059,313284.788369077,4161453.1155437,0
11060,313284.867257909,4161453.0540898,0
11061,313284.946161844,4161452.99265528,0
11062,313285.025080734,4161452.93123997,0
11063,313285.104014432,4161452.86984368,0
11064,313285.18296279,4161452.80846625,0
11065,313285.26192566,4161452.74710748,0
11066,313285.340902895,4161452.68576722,0
11067,313285.419894348,4161452.62444527,0
11068,313285.49889987,4161452.56314146,0
11069,313285.577919314,4161452.50185562,0
11070,313285.656952534,4161452.44058755,0
11071,313285.73599938,4161452.3793371,0
11072,313285.815059706,4161452.31810408,0
11073,313285.894133346,4161452.25688828,0
11074,313285.97321993,4161452.19568924,0
11075,313286.052318951,4161452.1345063,0
11076,313286.131429904,4161452.07333881,0
11077,313286.210552281,4161452.01218612,0
11078,313286.289685576,4161451.95104756,0
11079,313286.368829282,4161451.88992248,0
11080,313286.447982891,4161451.82881024,0
11081,313286.527145897,4161451.76771017,0
11082,313286.606317794,4161451.70662162,0
11083,313286.685498073,4161451.64554394,0
11084,313286.764686229,4161451.58447647,0
11085,313286.843881825,4161451.52341864,0
11086,313286.923084637,4161451.46237018,0
11087,313287.00229448,4161451.40133084,0
11088,313287.081511168,4161451.34030038,0
11089,313287.160734516,4161451.27927857,0
11090,313287.239964338,4161451.21826516,0
11091,313287.319200425,4161451.15725989,0
11092,313287.398442471,4161451.09626237,0
11093,313287.47769014,4161451.03527214,0
11094,313287.5569431,4161450.9742888,0
11095,313287.636201014,4161450.91331189,0
11096,313287.715463548,4161450.85234099,0
11097,313287.794730369,4161450.79137565,0
11098,313287.874001155,4161450.73041548,0
11099,313287.953275706,4161450.6694602,0
11100,313288.03255389,4161450.60850965,0
11101,313288.111835575,4161450.54756365,0
11102,313288.191120629,4161450.48662204,0
11103,313288.270408919,4161450.42568463,0
11104,313288.349700313,4161450.36475127,0
11105,313288.428994679,4161450.30382177,0
11106,313288.508291885,4161450.24289596,0
11107,313288.587591799,4161450.18197369,0
11108,313288.666894288,4161450.12105476,0
11109,313288.746199219,4161450.06013902,0
11110,313288.825506429,4161449.99922624,0
11111,313288.904815716,4161449.93831616,0
11112,313288.98412688,4161449.87740854,0
11113,313289.063439719,4161449.81650309,0
11114,313289.142754031,4161449.75559956,0
11115,313289.222069614,4161449.69469768,0
11116,313289.301386267,4161449.6337972,0
11117,313289.380703803,4161449.57289787,0
11118,313289.460022044,4161449.51199946,0
11119,313289.539340811,4161449.45110173,0
11120,313289.618659927,4161449.39020446,0
11121,313289.697979215,4161449.32930741,0
11122,313289.777298496,4161449.26841035,0
11123,313289.856617593,4161449.20751305,0
11124,313289.935936327,4161449.14661528,0
11125,313290.015254522,4161449.08571681,0
11126,313290.094572,4161449.02481741,0
11127,313290.173888582,4161448.96391683,0
11128,313290.253204068,4161448.90301483,0
11129,313290.33251817,4161448.84211103,0
11130,313290.411830579,4161448.78120502,0
11131,313290.491140984,4161448.7202964,0
11132,313290.570449077,4161448.65938478,0
11133,313290.649754547,4161448.59846973,0
11134,313290.729057086,4161448.53755087,0
11135,313290.808356322,4161448.47662771,0
11136,313290.887651797,4161448.41569966,0
11137,313290.966943047,4161448.3547661,0
11138,313291.046229606,4161448.29382645,0
11139,313291.12551101,4161448.23288008,0
11140,313291.204786793,4161448.17192641,0
11141,313291.284056646,4161448.11096503,0
11142,313291.363320758,4161448.04999618,0
11143,313291.44257942,4161447.98902024,0
11144,313291.521832922,4161447.9280376,0
11145,313291.601081554,4161447.86704863,0
11146,313291.680325607,4161447.80605371,0
11147,313291.759565307,4161447.74505313,0
11148,313291.838800684,4161447.68404693,0
11149,313291.918031733,4161447.62303512,0
11150,313291.997258446,4161447.56201767,0
11151,313292.076480819,4161447.50099459,0
11152,313292.155698845,4161447.43996587,0
11153,313292.234912519,4161447.3789315,0
11154,313292.314121833,4161447.31789147,0
11155,313292.393326783,4161447.25684578,0
11156,313292.472527361,4161447.19579441,0
11157,313292.551723563,4161447.13473737,0
11158,313292.630915382,4161447.07367465,0
11159,313292.710102816,4161447.01260624,0
11160,313292.789285897,4161446.95153219,0
11161,313292.868464666,4161446.89045255,0
11162,313292.947639165,4161446.82936737,0
11163,313293.026809436,4161446.76827671,0
11164,313293.10597552,4161446.70718063,0
11165,313293.185137459,4161446.64607918,0
11166,313293.264295237,4161446.58497233,0
11167,313293.343448664,4161446.52385985,0
11168,313293.422597517,4161446.46274145,0
11169,313293.501741573,4161446.40161683,0
11170,313293.580880609,4161446.34048572,0
11171,313293.660014402,4161446.27934782,0
11172,313293.73914275,4161446.21820287,0
11173,313293.818265622,4161446.15705083,0
11174,313293.897383067,4161446.09589178,0
11175,313293.976495137,4161446.03472577,0
11176,313294.05560188,4161445.97355287,0
11177,313294.13470335,4161445.91237316,0
11178,313294.213799657,4161445.85118677,0
11179,313294.292891002,4161445.78999396,0
11180,313294.371977596,4161445.72879502,0
11181,313294.451059645,4161445.6675902,0
11182,313294.53013736,4161445.60637978,0
11183,313294.609210949,4161445.54516403,0
11184,313294.68828062,4161445.48394321,0
11185,313294.767346582,4161445.42271761,0
11186,313294.846409044,4161445.36148749,0
11187,313294.925468215,4161445.30025312,0
11188,313295.004524303,4161445.23901476,0
11189,313295.083577517,4161445.1777727,0
11190,313295.162628065,4161445.1165272,0
11191,313295.241676079,4161445.05527843,0
11192,313295.320721582,4161444.99402642,0
11193,313295.399764588,4161444.93277119,0
11194,313295.478805111,4161444.87151276,0
11195,313295.557843166,4161444.81025114,0
11196,313295.636878768,4161444.74898636,0
11197,313295.715912043,4161444.68771858,0
11198,313295.7949433,4161444.62644819,0
11199,313295.873972867,4161444.56517562,0
11200,313295.95300107,4161444.50390129,0
11201,313296.032028236,4161444.44262563,0
11202,313296.111054685,4161444.38134904,0
11203,313296.190080533,4161444.32007167,0
11204,313296.269105648,4161444.25879336,0
11205,313296.348129882,4161444.19751392,0
11206,313296.427153087,4161444.13623315,0
11207,313296.506175115,4161444.07495086,0
11208,313296.585195819,4161444.01366686,0
11209,313296.664215081,4161443.952381,0
11210,313296.743232988,4161443.8910934,0
11211,313296.822249718,4161443.82980428,0
11212,313296.901265445,4161443.76851386,0
11213,313296.980280346,4161443.70722238,0
11214,313297.059294596,4161443.64593007,0
11215,313297.138308368,4161443.58463713,0
11216,313297.217321682,4161443.5233436,0
11217,313297.296334351,4161443.46204925,0
11218,313297.375346178,4161443.40075381,0
11219,313297.454356962,4161443.33945702,0
11220,313297.533366503,4161443.27815863,0
11221,313297.612374605,4161443.21685839,0
11222,313297.691381196,4161443.1555562,0
11223,313297.770386514,4161443.09425237,0
11224,313297.849390837,4161443.03294725,0
11225,313297.928394445,4161442.97164122,0
11226,313298.007397617,4161442.91033462,0
11227,313298.086400631,4161442.84902782,0
11228,313298.165403768,4161442.78772118,0
11229,313298.244407306,4161442.72641505,0
11230,313298.323411524,4161442.6651098,0
11231,313298.402416702,4161442.60380579,0
11232,313298.481423119,4161442.54250338,0
11233,313298.560431054,4161442.48120292,0
11234,313298.639440711,4161442.41990468,0
11235,313298.718451828,4161442.35860832,0
11236,313298.797463962,4161442.29731328,0
11237,313298.876476669,4161442.23601897,0
11238,313298.955489505,4161442.17472483,0
11239,313299.034502026,4161442.11343028,0
11240,313299.1135138,4161442.05213477,0
11241,313299.192524662,4161441.99083808,0
11242,313299.271534742,4161441.92954039,0
11243,313299.350544183,4161441.86824187,0
11244,313299.429553128,4161441.80694272,0
11245,313299.508561721,4161441.74564311,0
11246,313299.587570105,4161441.68434323,0
11247,313299.666578448,4161441.62304329,0
11248,313299.745587034,4161441.56174367,0
11249,313299.824596174,4161441.50044477,0
11250,313299.903606181,4161441.43914698,0
11251,313299.982617368,4161441.37785071,0
11252,313300.061630015,4161441.31655633,0
11253,313300.140644125,4161441.25526383,0
11254,313300.219659555,4161441.19397303,0
11255,313300.298676158,4161441.13268375,0
11256,313300.377693791,4161441.07139579,0
11257,313300.456712307,4161441.01010897,0
11258,313300.535731562,4161440.94882311,0
11259,313300.614751453,4161440.88753806,0
11260,313300.69377199,4161440.82625385,0
11261,313300.772793205,4161440.76497051,0
11262,313300.851815128,4161440.70368808,0
11263,313300.93083779,4161440.64240661,0
11264,313301.00986122,4161440.58112613,0
11265,313301.08888545,4161440.51984668,0
11266,313301.167910511,4161440.4585683,0
11267,313301.246936431,4161440.39729103,0
11268,313301.325963244,4161440.33601491,0
11269,313301.404990978,4161440.27473997,0
11270,313301.484019664,4161440.21346627,0
11271,313301.563049333,4161440.15219383,0
11272,313301.642080091,4161440.0909228,0
11273,313301.721112377,4161440.02965374,0
11274,313301.800146722,4161439.96838734,0
11275,313301.879183655,4161439.90712427,0
11276,313301.958223707,4161439.84586523,0
11277,313302.037267376,4161439.78461085,0
11278,313302.116314338,4161439.72336073,0
11279,313302.195363397,4161439.66211331,0
11280,313302.274413314,4161439.600867,0
11281,313302.353462848,4161439.53962019,0
11282,313302.432510762,4161439.4783713,0
11283,313302.511555815,4161439.41711871,0
11284,313302.590597079,4161439.35586123,0
11285,313302.669635081,4161439.29459955,0
11286,313302.748670782,4161439.23333489,0
11287,313302.827705144,4161439.17206851,0
11288,313302.906739125,4161439.11080164,0
11289,313302.985773688,4161439.04953551,0
11290,313303.064809732,4161438.9882713,0
11291,313303.143847018,4161438.92700868,0
11292,313303.222884274,4161438.86574603,0
11293,313303.301920192,4161438.80448166,0
11294,313303.380953466,4161438.74321387,0
11295,313303.459982786,4161438.68194099,0
11296,313303.539006863,4161438.62066134,0
11297,313303.618025277,4161438.55937439,0
11298,313303.69703886,4161438.49808122,0
11299,313303.776048544,4161438.43678301,0
11300,313303.85505526,4161438.37548098,0
11301,313303.934059938,4161438.31417633,0
11302,313304.01306351,4161438.25287024,0
11303,313304.092066907,4161438.19156393,0
11304,313304.171071058,4161438.13025859,0
11305,313304.250076895,4161438.06895543,0
11306,313304.329085349,4161438.00765564,0
11307,313304.408097351,4161437.94636042,0
11308,313304.487113832,4161437.88507098,0
11309,313304.566135654,4161437.82378843,0
11310,313304.645162619,4161437.7625125,0
11311,313304.724193682,4161437.70124187,0
11312,313304.803227775,4161437.63997513,0
11313,313304.88226383,4161437.57871093,0
11314,313304.961300781,4161437.51744789,0
11315,313305.04033757,4161437.45618464,0
11316,313305.119373648,4161437.39492047,0
11317,313305.198409165,4161437.33365557,0
11318,313305.277444326,4161437.27239022,0
11319,313305.356479332,4161437.21112467,0
11320,313305.435514386,4161437.14985918,0
11321,313305.514549692,4161437.08859402,0
11322,313305.593585491,4161437.02732949,0
11323,313305.672622138,4161436.96606606,0
11324,313305.751660005,4161436.90480419,0
11325,313305.830699466,4161436.84354439,0
11326,313305.909740893,4161436.78228712,0
11327,313305.988784655,4161436.72103287,0
11328,313306.067830891,4161436.65978181,0
11329,313306.146879414,4161436.5985337,0
11330,313306.22593001,4161436.53728826,0
11331,313306.304982465,4161436.47604523,0
11332,313306.384036565,4161436.41480431,0
11333,313306.463092097,4161436.35356525,0
11334,313306.542148876,4161436.29232779,0
11335,313306.621206831,4161436.23109186,0
11336,313306.700265922,4161436.16985739,0
11337,313306.779326106,4161436.10862433,0
11338,313306.858387343,4161436.04739263,0
11339,313306.93744959,4161435.98616224,0
11340,313307.016512806,4161435.9249331,0
11341,313307.09557695,4161435.86370515,0
11342,313307.17464198,4161435.80247835,0
11343,313307.253707854,4161435.74125264,0
11344,313307.332774531,4161435.68002797,0
11345,313307.411841969,4161435.61880428,0
11346,313307.490910127,4161435.55758152,0
11347,313307.569978975,4161435.49635965,0
11348,313307.6490485,4161435.43513865,0
11349,313307.72811869,4161435.37391852,0
11350,313307.807189536,4161435.31269923,0
11351,313307.886261026,4161435.25148077,0
11352,313307.965333149,4161435.19026313,0
11353,313308.044405903,4161435.12904631,0
11354,313308.123479287,4161435.0678303,0
11355,313308.202553302,4161435.0066151,0
11356,313308.281627948,4161434.94540072,0
11357,313308.360703225,4161434.88418716,0
11358,313308.439779134,4161434.82297441,0
11359,313308.518855616,4161434.7617624,0
11360,313308.597932471,4161434.70055087,0
11361,313308.677009483,4161434.63933955,0
11362,313308.756086432,4161434.57812814,0
11363,313308.835163098,4161434.51691637,0
11364,313308.914239268,4161434.45570396,0
11365,313308.993314851,4161434.39449079,0
11366,313309.072389939,4161434.33327698,0
11367,313309.151464636,4161434.27206267,0
11368,313309.230539049,4161434.21084799,0
11369,313309.309613282,4161434.14963307,0
11370,313309.388687439,4161434.08841806,0
11371,313309.467761614,4161434.02720307,0
11372,313309.546835787,4161433.96598808,0
11373,313309.625909882,4161433.90477299,0
11374,313309.704983821,4161433.84355769,0
11375,313309.784057528,4161433.7823421,0
11376,313309.863130925,4161433.72112611,0
11377,313309.942203936,4161433.65990962,0
11378,313310.021276483,4161433.59869252,0
11379,313310.100348488,4161433.53747473,0
11380,313310.179419876,4161433.47625614,0
11381,313310.258490568,4161433.41503666,0
11382,313310.337560488,4161433.35381617,0
11383,313310.416629677,4161433.29259474,0
11384,313310.49569842,4161433.23137274,0
11385,313310.574767031,4161433.17015056,0
11386,313310.653835826,4161433.10892863,0
11387,313310.732905121,4161433.04770733,0
11388,313310.811975231,4161432.98648709,0
11389,313310.891046407,4161432.92526823,0
11390,313310.970118351,4161432.86405036,0
11391,313311.049190488,4161432.80283274,0
11392,313311.128262243,4161432.74161462,0
11393,313311.207333038,4161432.68039527,0
11394,313311.286402296,4161432.61917393,0
11395,313311.365469466,4161432.55794989,0
11396,313311.444534546,4161432.49672316,0
11397,313311.523598079,4161432.43549443,0
11398,313311.602660631,4161432.37426443,0
11399,313311.681722768,4161432.31303389,0
11400,313311.760785045,4161432.25180354,0
11401,313311.839847714,4161432.19057369,0
11402,313311.918910668,4161432.1293442,0
11403,313311.99797378,4161432.06811493,0
11404,313312.077036926,4161432.0068857,0
11405,313312.156099979,4161431.94565634,0
11406,313312.235162811,4161431.8844267,0
11407,313312.314225298,4161431.82319662,0
11408,313312.393287312,4161431.76196593,0
11409,313312.472348728,4161431.70073446,0
11410,313312.551409419,4161431.63950206,0
11411,313312.63046926,4161431.57826856,0
11412,313312.709528123,4161431.51703379,0
11413,313312.788585892,4161431.45579762,0
11414,313312.867642503,4161431.39455995,0
11415,313312.946697914,4161431.33332073,0
11416,313313.025752081,4161431.2720799,0
11417,313313.104804961,4161431.21083742,0
11418,313313.183856509,4161431.14959321,0
11419,313313.262906702,4161431.08834726,0
11420,313313.341955659,4161431.02709971,0
11421,313313.421003573,4161430.96585081,0
11422,313313.500050638,4161430.90460082,0
11423,313313.579097048,4161430.84334998,0
11424,313313.658142986,4161430.78209853,0
11425,313313.737188378,4161430.72084638,0
11426,313313.816232869,4161430.65959307,0
11427,313313.895276092,4161430.59833812,0
11428,313313.974317681,4161430.53708106,0
11429,313314.053357268,4161430.47582142,0
11430,313314.132394487,4161430.41455872,0
11431,313314.211429176,4161430.35329276,0
11432,313314.290461636,4161430.29202393,0
11433,313314.369492232,4161430.23075269,0
11434,313314.44852133,4161430.16947951,0
11435,313314.527549296,4161430.10820488,0
11436,313314.606576496,4161430.04692926,0
11437,313314.685603295,4161429.98565312,0
11438,313314.764630058,4161429.92437694,0
11439,313314.843657152,4161429.86310118,0
11440,313314.922684943,4161429.80182632,0
11441,313315.001713719,4161429.74055273,0
11442,313315.080742965,4161429.67927975,0
11443,313315.159771674,4161429.61800607,0
11444,313315.238798833,4161429.5567304,0
11445,313315.317823428,4161429.49545142,0
11446,313315.396844445,4161429.43416783,0
11447,313315.475861209,4161429.37287875,0
11448,313315.554874363,4161429.31158502,0
11449,313315.633884876,4161429.25028789,0
11450,313315.712893719,4161429.18898859,0
11451,313315.791901859,4161429.1276884,0
11452,313315.87091023,4161429.0663885,0
11453,313315.949919303,4161429.00508951,0
11454,313316.028929239,4161428.94379163,0
11455,313316.107940196,4161428.88249507,0
11456,313316.18695233,4161428.82120002,0
11457,313316.265965799,4161428.7599067,0
11458,313316.344980713,4161428.69861524,0
11459,313316.423996705,4161428.63732516,0
11460,313316.503013118,4161428.57603563,0
11461,313316.582029293,4161428.51474579,0
11462,313316.661044569,4161428.4534548,0
11463,313316.740058285,4161428.39216179,0
11464,313316.819069807,4161428.33086596,0
11465,313316.898078987,4161428.26956711,0
11466,313316.97708612,4161428.20826561,0
11467,313317.056091519,4161428.14696189,0
11468,313317.135095496,4161428.08565633,0
11469,313317.214098363,4161428.02434934,0
11470,313317.293100434,4161427.96304132,0
11471,313317.372102019,4161427.90173268,0
11472,313317.451103432,4161427.84042381,0
11473,313317.530104984,4161427.77911513,0
11474,313317.609106988,4161427.71780703,0
11475,313317.688109754,4161427.65649991,0
11476,313317.767113395,4161427.59519391,0
11477,313317.846117704,4161427.53388878,0
11478,313317.925122443,4161427.4725842,0
11479,313318.004127378,4161427.41127988,0
11480,313318.08313227,4161427.3499755,0
11481,313318.162136884,4161427.28867076,0
11482,313318.241141152,4161427.22736558,0
11483,313318.320145416,4161427.16606039,0
11484,313318.399150077,4161427.10475571,0
11485,313318.478155538,4161427.04345206,0
11486,313318.557162201,4161426.98214996,0
11487,313318.636170432,4161426.92084989,0
11488,313318.715180376,4161426.85955202,0
11489,313318.794192098,4161426.79825644,0
11490,313318.873205658,4161426.73696323,0
11491,313318.95222112,4161426.67567248,0
11492,313319.031238547,4161426.61438425,0
11493,313319.110257995,4161426.55309864,0
11494,313319.189279335,4161426.49181546,0
11495,313319.268302214,4161426.43053427,0
11496,313319.347326266,4161426.36925459,0
11497,313319.426351127,4161426.30797595,0
11498,313319.50537643,4161426.24669788,0
11499,313319.58440181,4161426.18541991,0
11500,313319.663426903,4161426.12414158,0
11501,313319.742451341,4161426.06286239,0
11502,313319.821474761,4161426.0015819,0
11503,313319.900496796,4161425.94029962,0
11504,313319.97951719,4161425.87901522,0
11505,313320.058536226,4161425.81772907,0
11506,313320.137554351,4161425.75644175,0
11507,313320.216572013,4161425.69515383,0
11508,313320.295589659,4161425.63386589,0
11509,313320.374607737,4161425.57257851,0
11510,313320.453626694,4161425.51129226,0
11511,313320.532646728,4161425.45000739,0
11512,313320.611667395,4161425.38872335,0
11513,313320.69068815,4161425.32743942,0
11514,313320.769708451,4161425.2661549,0
11515,313320.848727751,4161425.20486909,0
11516,313320.927745607,4161425.14358142,0
11517,313321.006762341,4161425.08229231,0
11518,313321.085778625,4161425.02100261,0
11519,313321.164795131,4161424.9597132,0
11520,313321.243812532,4161424.89842495,0
11521,313321.322831492,4161424.8371387,0
11522,313321.401852211,4161424.77585472,0
11523,313321.48087422,4161424.71457241,0
11524,313321.559896996,4161424.65329108,0
11525,313321.638920017,4161424.59201007,0
11526,313321.71794276,4161424.5307287,0
11527,313321.796964713,4161424.46944632,0
11528,313321.875985786,4161424.40816279,0
11529,313321.955006493,4161424.3468788,0
11530,313322.034027392,4161424.28559505,0
11531,313322.113049041,4161424.22431228,0
11532,313322.192071999,4161424.16303118,0
11533,313322.271096758,4161424.10175242,0
11534,313322.350123376,4161424.04047605,0
11535,313322.42915173,4161423.97920191,0
11536,313322.508181699,4161423.91792986,0
11537,313322.587213161,4161423.85665974,0
11538,313322.666245994,4161423.79539139,0
11539,313322.745280076,4161423.73412464,0
11540,313322.824315285,4161423.67285935,0
11541,313322.903351499,4161423.61159536,0
11542,313322.982388595,4161423.5503325,0
11543,313323.061426453,4161423.48907063,0
11544,313323.140464951,4161423.42780958,0
11545,313323.219503987,4161423.36654923,0
11546,313323.298543477,4161423.30528946,0
11547,313323.377583336,4161423.24403017,0
11548,313323.456623478,4161423.18277124,0
11549,313323.535663818,4161423.12151257,0
11550,313323.614704334,4161423.06025413,0
11551,313323.693745255,4161422.99899621,0
11552,313323.772786869,4161422.93773919,0
11553,313323.851829467,4161422.87648343,0
11554,313323.930873336,4161422.81522931,0
11555,313324.009918754,4161422.7539772,0
11556,313324.088965696,4161422.69272704,0
11557,313324.168013847,4161422.63147845,0
11558,313324.24706288,4161422.570231,0
11559,313324.326112469,4161422.50898427,0
11560,313324.405162286,4161422.44773783,0
11561,313324.48421201,4161422.38649127,0
11562,313324.563261406,4161422.32524428,0
11563,313324.642310325,4161422.26399668,0
11564,313324.721358616,4161422.20274827,0
11565,313324.800406134,4161422.14149887,0
11566,313324.879452731,4161422.08024827,0
11567,313324.958498313,4161422.01899637,0
11568,313325.037542853,4161421.95774311,0
11569,313325.116586325,4161421.89648849,0
11570,313325.195628703,4161421.83523245,0
11571,313325.274669963,4161421.77397496,0
11572,313325.35371008,4161421.712716,0
11573,313325.432749028,4161421.65145554,0
11574,313325.511786783,4161421.59019353,0
11575,313325.590823319,4161421.52892995,0
11576,313325.669858611,4161421.46766477,0
11577,313325.748892635,4161421.40639795,0
11578,313325.827925322,4161421.34512941,0
11579,313325.906956295,4161421.28385865,0
11580,313325.985985036,4161421.22258502,0
11581,313326.065011026,4161421.16130784,0
11582,313326.144033748,4161421.10002644,0
11583,313326.223052682,4161421.03874016,0
11584,313326.30206779,4161420.97744895,0
11585,313326.381080926,4161420.91615519,0
11586,313326.460094409,4161420.85486188,0
11587,313326.539110555,4161420.79357201,0
11588,313326.618131684,4161420.73228856,0
11589,313326.697159522,4161420.67101377,0
11590,313326.77619295,4161420.60974618,0
11591,313326.855229991,4161420.54848326,0
11592,313326.934268672,4161420.48722244,0
11593,313327.013307017,4161420.4259612,0
11594,313327.092343052,4161420.36469697,0
11595,313327.17137504,4161420.30342753,0
11596,313327.250403204,4161420.24215315,0
11597,313327.32942872,4161420.18087536,0
11598,313327.408452769,4161420.11959567,0
11599,313327.487476534,4161420.05831562,0
11600,313327.566501133,4161419.99703665,0
11601,313327.645526841,4161419.9357591,0
11602,313327.724553325,4161419.87448256,0
11603,313327.803580239,4161419.81320657,0
11604,313327.882607238,4161419.75193069,0
11605,313327.961633976,4161419.69065447,0
11606,313328.040660108,4161419.62937747,0
11607,313328.119685288,4161419.56809925,0
11608,313328.198709171,4161419.50681935,0
11609,313328.27773141,4161419.44553733,0
11610,313328.356751661,4161419.38425275,0
11611,313328.435769578,4161419.32296516,0
11612,313328.514785057,4161419.26167443,0
11613,313328.593798595,4161419.20038119,0
11614,313328.672810787,4161419.13908622,0
11615,313328.751822224,4161419.07779027,0
11616,313328.8308335,4161419.01649412,0
11617,313328.909845186,4161418.9551985,0
11618,313328.9888573,4161418.89390343,0
11619,313329.067869289,4161418.83260819,0
11620,313329.146880568,4161418.77131204,0
11621,313329.225890555,4161418.71001423,0
11622,313329.304898669,4161418.648714,0
11623,313329.383904619,4161418.58741099,0
11624,313329.462908825,4161418.52610572,0
11625,313329.541911813,4161418.46479889,0
11626,313329.62091411,4161418.40349116,0
11627,313329.699916242,4161418.34218323,0
11628,313329.778918736,4161418.28087576,0
11629,313329.857922031,4161418.21956932,0
11630,313329.936926198,4161418.158264,0
11631,313330.015931212,4161418.09695978,0
11632,313330.094937046,4161418.03565661,0
11633,313330.173943676,4161417.97435447,0
11634,313330.252951075,4161417.91305332,0
11635,313330.331959218,4161417.85175313,0
11636,313330.410968079,4161417.79045387,0
11637,313330.489977633,4161417.7291555,0
11638,313330.568987855,4161417.66785798,0
11639,313330.647998718,4161417.6065613,0
11640,313330.727010182,4161417.54526539,0
11641,313330.806022191,4161417.48397018,0
11642,313330.885034685,4161417.4226756,0
11643,313330.964047604,4161417.36138157,0
11644,313331.043060889,4161417.300088,0
11645,313331.12207448,4161417.23879484,0
11646,313331.201088319,4161417.17750199,0
11647,313331.280102346,4161417.11620938,0
11648,313331.359116501,4161417.05491694,0
11649,313331.438130725,4161416.99362459,0
11650,313331.517144959,4161416.93233225,0
11651,313331.596159167,4161416.87103988,0
11652,313331.675173535,4161416.80974771,0
11653,313331.754188368,4161416.74845614,0
11654,313331.833203974,4161416.68716557,0
11655,313331.912220661,4161416.6258764,0
11656,313331.991238734,4161416.56458901,0
11657,313332.070258419,4161416.5033037,0
11658,313332.149279641,4161416.44202037,0
11659,313332.22830226,4161416.38073884,0
11660,313332.307326134,4161416.31945893,0
11661,313332.386351123,4161416.25818046,0
11662,313332.465377087,4161416.19690324,0
11663,313332.544403914,4161416.13562714,0
11664,313332.623431548,4161416.07435208,0
11665,313332.702459937,4161416.01307799,0
11666,313332.781489029,4161415.95180481,0
11667,313332.860518772,4161415.89053247,0
11668,313332.93954911,4161415.8292609,0
11669,313333.01857994,4161415.76798996,0
11670,313333.097611111,4161415.70671946,0
11671,313333.176642475,4161415.64544921,0
11672,313333.255673882,4161415.58417902,0
11673,313333.334705184,4161415.52290869,0
11674,313333.413736231,4161415.46163803,0
11675,313333.492766874,4161415.40036685,0
11676,313333.571796963,4161415.33909495,0
11677,313333.65082635,4161415.27782216,0
11678,313333.729854885,4161415.21654826,0
11679,313333.808882424,4161415.15527307,0
11680,313333.887909151,4161415.09399684,0
11681,313333.96693576,4161415.03272046,0
11682,313334.045962989,4161414.97144488,0
11683,313334.124991579,4161414.91017105,0
11684,313334.204022268,4161414.84889993,0
11685,313334.283055769,4161414.78763244,0
11686,313334.362092205,4161414.72636873,0
11687,313334.441131096,4161414.66510819,0
11688,313334.520171937,4161414.60385017,0
11689,313334.599214222,4161414.54259401,0
11690,313334.678257446,4161414.48133906,0
11691,313334.757301121,4161414.42008469,0
11692,313334.836344862,4161414.35883041,0
11693,313334.915388314,4161414.29757575,0
11694,313334.994431122,4161414.23632027,0
11695,313335.073472934,4161414.1750635,0
11696,313335.152513395,4161414.11380498,0
11697,313335.231552401,4161414.05254459,0
11698,313335.310590452,4161413.99128297,0
11699,313335.389628138,4161413.93002087,0
11700,313335.468666049,4161413.86875907,0
11701,313335.547704776,4161413.80749832,0
11702,313335.626744896,4161413.74623936,0
11703,313335.705786672,4161413.68498255,0
11704,313335.784830028,4161413.62372777,0
11705,313335.863874874,4161413.56247491,0
11706,313335.94292112,4161413.50122386,0
11707,313336.021968673,4161413.4399745,0
11708,313336.101017445,4161413.37872671,0
11709,313336.180067343,4161413.31748038,0
11710,313336.259118277,4161413.25623538,0
11711,313336.338170157,4161413.1949916,0
11712,313336.417222891,4161413.13374892,0
11713,313336.496276388,4161413.07250723,0
11714,313336.575330515,4161413.01126635,0
11715,313336.654384986,4161412.95002592,0
11716,313336.733439484,4161412.88878552,0
11717,313336.812493691,4161412.82754475,0
11718,313336.891547289,4161412.76630319,0
11719,313336.970599962,4161412.70506044,0
11720,313337.049651547,4161412.64381628,0
11721,313337.128702324,4161412.58257108,0
11722,313337.207752646,4161412.52132529,0
11723,313337.286802867,4161412.46007937,0
11724,313337.365853341,4161412.39883378,0
11725,313337.444904363,4161412.33758889,0
11726,313337.523955898,4161412.27634467,0
11727,313337.603007806,4161412.21510093,0
11728,313337.682059945,4161412.15385749,0
11729,313337.761112173,4161412.09261416,0
11730,313337.840164348,4161412.03137076,0
11731,313337.919216349,4161411.97012714,0
11732,313337.998268297,4161411.90888345,0
11733,313338.07732049,4161411.84764008,0
11734,313338.15637323,4161411.78639741,0
11735,313338.23542682,4161411.72515584,0
11736,313338.31448156,4161411.66391575,0
11737,313338.393537613,4161411.60267737,0
11738,313338.472594894,4161411.54144056,0
11739,313338.551653287,4161411.48020519,0
11740,313338.630712677,4161411.41897111,0
11741,313338.709772951,4161411.35773816,0
11742,313338.788833993,4161411.29650622,0
11743,313338.867895693,4161411.23527512,0
11744,313338.946957954,4161411.17404474,0
11745,313339.026020677,4161411.11281496,0
11746,313339.105083765,4161411.05158565,0
11747,313339.18414712,4161410.99035669,0
11748,313339.263210645,4161410.92912795,0
11749,313339.342274243,4161410.8678993,0
11750,313339.421337817,4161410.80667062,0
11751,313339.500401268,4161410.74544178,0
11752,313339.5794645,4161410.68421266,0
11753,313339.658527415,4161410.62298313,0
11754,313339.737589922,4161410.56175307,0
11755,313339.816651956,4161410.5005224,0
11756,313339.895713462,4161410.43929105,0
11757,313339.974774385,4161410.37805895,0
11758,313340.053834669,4161410.31682602,0
11759,313340.132894252,4161410.25559219,0
11760,313340.211952899,4161410.19435714,0
11761,313340.29101019,4161410.13312035,0
11762,313340.370065698,4161410.07188126,0
11763,313340.449118997,4161410.01063931,0
11764,313340.528169658,4161409.94939396,0
11765,313340.607217255,4161409.88814465,0
11766,313340.686261704,4161409.82689128,0
11767,313340.765304129,4161409.7656353,0
11768,313340.84434592,4161409.70437851,0
11769,313340.923388464,4161409.64312268,0
11770,313341.002433149,4161409.58186962,0
11771,313341.081481167,4161409.52062086,0
11772,313341.160532523,4161409.4593764,0
11773,313341.239586777,4161409.39813569,0
11774,313341.318643492,4161409.33689816,0
11775,313341.397702227,4161409.27566323,0
11776,313341.476762545,4161409.21443034,0
11777,313341.555824005,4161409.15319893,0
11778,313341.63488617,4161409.09196843,0
11779,313341.7139486,4161409.03073828,0
11780,313341.793010856,4161408.96950789,0
11781,313341.8720725,4161408.90827672,0
11782,313341.951133091,4161408.84704418,0
11783,313342.030192249,4161408.7858098,0
11784,313342.109250245,4161408.72457392,0
11785,313342.188307768,4161408.66333743,0
11786,313342.267365516,4161408.60210122,0
11787,313342.346424183,4161408.54086621,0
11788,313342.425484467,4161408.47963328,0
11789,313342.504546808,4161408.41840301,0
11790,313342.583610945,4161408.35717506,0
11791,313342.662676505,4161408.29594894,0
11792,313342.741743109,4161408.23472417,0
11793,313342.820810381,4161408.17350027,0
11794,313342.899877898,4161408.11227668,0
11795,313342.978944822,4161408.05105232,0
11796,313343.058010102,4161407.98982584,0
11797,313343.137072685,4161407.92859588,0
11798,313343.21613152,4161407.86736108,0
11799,313343.295185553,4161407.80612009,0
11800,313343.374233863,4161407.7448717,0
11801,313343.453277043,4161407.6836167,0
11802,313343.532316679,4161407.62235712,0
11803,313343.611354373,4161407.56109503,0
11804,313343.690391726,4161407.49983251,0
11805,313343.769430341,4161407.43857161,0
11806,313343.848471587,4161407.37731411,0
11807,313343.927515499,4161407.31606005,0
11808,313344.006561634,4161407.25480886,0
11809,313344.085609546,4161407.19355996,0
11810,313344.164658791,4161407.13231278,0
11811,313344.243708926,4161407.07106675,0
11812,313344.322759505,4161407.0098213,0
11813,313344.401810085,4161406.94857584,0
11814,313344.480860221,4161406.88732981,0
11815,313344.559909468,4161406.82608264,0
11816,313344.638957383,4161406.76483374,0
11817,313344.718003556,4161406.70358259,0
11818,313344.797048321,4161406.64232963,0
11819,313344.876092711,4161406.58107619,0
11820,313344.955137787,4161406.51982363,0
11821,313345.03418461,4161406.45857333,0
11822,313345.113234241,4161406.39732665,0
11823,313345.192287733,4161406.33608495,0
11824,313345.271345474,4161406.27484874,0
11825,313345.350406641,4161406.21361695,0
11826,313345.429470281,4161406.15238836,0
11827,313345.508535443,4161406.09116173,0
11828,313345.587601176,4161406.02993583,0
11829,313345.66666658,4161405.96870951,0
11830,313345.74573147,4161405.90748253,0
11831,313345.824796192,4161405.84625534,0
11832,313345.903861103,4161405.78502838,0
11833,313345.982926561,4161405.72380214,0
11834,313346.061992923,4161405.66257706,0
11835,313346.141060544,4161405.6013536,0
11836,313346.220129679,4161405.5401321,0
11837,313346.299200488,4161405.47891277,0
11838,313346.378273124,4161405.41769579,0
11839,313346.457347744,4161405.35648138,0
11840,313346.536424503,4161405.29526972,0
11841,313346.615503469,4161405.23406093,0
11842,313346.694584437,4161405.17285471,0
11843,313346.773667142,4161405.11165075,0
11844,313346.852751321,4161405.05044868,0
11845,313346.931836708,4161404.98924818,0
11846,313347.010923041,4161404.9280489,0
11847,313347.090010055,4161404.8668505,0
11848,313347.169097486,4161404.80565264,0
11849,313347.248185071,4161404.74445497,0
11850,313347.327272545,4161404.68325717,0
11851,313347.406359645,4161404.62205888,0
11852,313347.485446106,4161404.56085976,0
11853,313347.564531736,4161404.49965957,0
11854,313347.643616883,4161404.43845876,0
11855,313347.722702137,4161404.37725808,0
11856,313347.801788088,4161404.31605831,0
11857,313347.880875328,4161404.2548602,0
11858,313347.959964441,4161404.19366451,0
11859,313348.03905555,4161404.1324714,0
11860,313348.118148036,4161404.07128008,0
11861,313348.197241214,4161404.01008964,0
11862,313348.2763344,4161403.94889922,0
11863,313348.355426907,4161403.88770792,0
11864,313348.434518119,4161403.82651494,0
11865,313348.513608353,4161403.7653207,0
11866,313348.592698589,4161403.70412646,0
11867,313348.67178982,4161403.64293351,0
11868,313348.750883044,4161403.58174314,0
11869,313348.829979255,4161403.52055663,0
11870,313348.909079441,4161403.45937525,0
11871,313348.988183984,4161403.39819951,0
11872,313349.067292119,4161403.33702842,0
11873,313349.146402958,4161403.27586082,0
11874,313349.225515609,4161403.21469556,0
11875,313349.304629185,4161403.1535315,0
11876,313349.383742847,4161403.09236755,0
11877,313349.462856205,4161403.03120321,0
11878,313349.541969094,4161402.97003826,0
11879,313349.62108135,4161402.9088725,0
11880,313349.700192813,4161402.8477057,0
11881,313349.779303318,4161402.78653767,0
11882,313349.858412704,4161402.72536819,0
11883,313349.937520808,4161402.66419706,0
11884,313350.016627467,4161402.60302405,0
11885,313350.095732518,4161402.54184897,0
11886,313350.174835799,4161402.4806716,0
11887,313350.25393717,4161402.41949176,0
11888,313350.333036927,4161402.35830983,0
11889,313350.41213576,4161402.2971267,0
11890,313350.491234369,4161402.23594329,0
11891,313350.570333458,4161402.1747605,0
11892,313350.649433729,4161402.11357923,0
11893,313350.728535885,4161402.05240041,0
11894,313350.807640441,4161401.99122468,0
11895,313350.886747161,4161401.93005176,0
11896,313350.965855617,4161401.86888107,0
11897,313351.04496538,4161401.80771208,0
11898,313351.124076022,4161401.74654423,0
11899,313351.20318714,4161401.68537699,0
11900,313351.28229861,4161401.62421021,0
11901,313351.36141049,4161401.56304396,0
11902,313351.440522839,4161401.50187831,0
11903,313351.519635719,4161401.44071335,0
11904,313351.59874919,4161401.37954916,0
11905,313351.677863311,4161401.3183858,0
11906,313351.756978129,4161401.25722335,0
11907,313351.836093669,4161401.19606183,0
11908,313351.915209953,4161401.13490128,0
11909,313351.994327005,4161401.07374171,0
11910,313352.073444848,4161401.01258318,0
11911,313352.152563463,4161400.95142563,0
11912,313352.231682723,4161400.89026893,0
11913,313352.310802483,4161400.82911287,0
11914,313352.389922601,4161400.76795727,0
11915,313352.469042932,4161400.70680195,0
11916,313352.548163332,4161400.64564672,0
11917,313352.627283681,4161400.58449142,0
11918,313352.706403974,4161400.52333605,0
11919,313352.785524235,4161400.46218064,0
11920,313352.864644489,4161400.40102522,0
11921,313352.94376476,4161400.33986982,0
11922,313353.022885072,4161400.27871448,0
11923,313353.102005451,4161400.21755922,0
11924,313353.18112592,4161400.15640408,0
11925,313353.260246505,4161400.09524909,0
11926,313353.339367229,4161400.03409428,0
11927,313353.418488118,4161399.97293968,0
11928,313353.497609198,4161399.91178533,0
11929,313353.576730521,4161399.85063129,0
11930,313353.655852177,4161399.78947768,0
11931,313353.734974254,4161399.72832462,0
11932,313353.814096844,4161399.66717222,0
11933,313353.893220036,4161399.6060206,0
11934,313353.972343804,4161399.54486973,0
11935,313354.051467656,4161399.48371897,0
11936,313354.130590979,4161399.42256752,0
11937,313354.20971316,4161399.36141459,0
11938,313354.288833587,4161399.30025939,0
11939,313354.367951648,4161399.23910114,0
11940,313354.447066875,4161399.17793921,0
11941,313354.526179663,4161399.11677413,0
11942,313354.605290726,4161399.05560683,0
11943,313354.68440078,4161398.99443821,0
11944,313354.763510539,4161398.93326922,0
11945,313354.842620701,4161398.87210074,0
11946,313354.921731618,4161398.81093324,0
11947,313355.00084329,4161398.74976672,0
11948,313355.079955704,4161398.68860116,0
11949,313355.159068845,4161398.62743654,0
11950,313355.2381827,4161398.56627284,0
11951,313355.317297253,4161398.50511004,0
11952,313355.396412492,4161398.44394813,0
11953,313355.475528401,4161398.38278709,0
11954,313355.554644968,4161398.32162691,0
11955,313355.633762177,4161398.26046755,0
11956,313355.712880016,4161398.199309,0
11957,313355.791998478,4161398.13815126,0
11958,313355.871117601,4161398.07699438,0
11959,313355.950237425,4161398.0158384,0
11960,313356.029357997,4161397.95468339,0
11961,313356.108479359,4161397.89352941,0
11962,313356.187601554,4161397.8323765,0
11963,313356.266724443,4161397.77122449,0
11964,313356.3458475,4161397.71007269,0
11965,313356.424970146,4161397.64892037,0
11966,313356.504091806,4161397.58776677,0
11967,313356.583211901,4161397.52661114,0
11968,313356.662329876,4161397.46545277,0
11969,313356.74144544,4161397.40429129,0
11970,313356.820558489,4161397.34312654,0
11971,313356.899668918,4161397.28195841,0
11972,313356.978776625,4161397.22078676,0
11973,313357.057881507,4161397.15961146,0
11974,313357.136983513,4161397.09843244,0
11975,313357.216083179,4161397.03725039,0
11976,313357.2951814,4161396.97606648,0
11977,313357.37427908,4161396.91488187,0
11978,313357.453377121,4161396.85369772,0
11979,313357.532476415,4161396.79251519,0
11980,313357.611577428,4161396.73133488,0
11981,313357.690680036,4161396.67015664,0
11982,313357.769784072,4161396.60898025,0
11983,313357.848889372,4161396.54780548,0
11984,313357.927995767,4161396.48663214,0
11985,313358.007103093,4161396.42546,0
11986,313358.086211183,4161396.36428884,0
11987,313358.165319871,4161396.30311846,0
11988,313358.24442899,4161396.24194863,0
11989,313358.323538374,4161396.18077915,0
11990,313358.402647857,4161396.1196098,0
11991,313358.481757341,4161396.05844045,0
11992,313358.560866954,4161395.99727126,0
11993,313358.639976872,4161395.93610247,0
11994,313358.719087271,4161395.87493431,0
11995,313358.798198327,4161395.81376699,0
11996,313358.877310213,4161395.75260074,0
11997,313358.956422972,4161395.69143563,0
11998,313359.035536403,4161395.63027138,0
11999,313359.114650279,4161395.56910771,0
12000,313359.193764372,4161395.50794432,0
12001,313359.272878457,4161395.44678092,0
12002,313359.351992361,4161395.38561729,0
12003,313359.431106056,4161395.32445338,0
12004,313359.510219534,4161395.2632892,0
12005,313359.589332791,4161395.20212472,0
12006,313359.668445819,4161395.14095996,0
12007,313359.747558612,4161395.07979488,0
12008,313359.826671199,4161395.01862955,0
12009,313359.905783689,4161394.95746408,0
12010,313359.984896203,4161394.89629865,0
12011,313360.064008861,4161394.8351334,0
12012,313360.143121783,4161394.7739685,0
12013,313360.222235052,4161394.71280404,0
12014,313360.301348593,4161394.65163994,0
12015,313360.380462291,4161394.59047604,0
12016,313360.459576031,4161394.52931219,0
12017,313360.538689697,4161394.46814825,0
12018,313360.617803174,4161394.40698406,0
12019,313360.696916348,4161394.34581948,0
12020,313360.776029102,4161394.28465436,0
12021,313360.855141323,4161394.22348855,0
12022,313360.934252893,4161394.1623219,0
12023,313361.013363699,4161394.10115425,0
12024,313361.092473718,4161394.0399856,0
12025,313361.17158325,4161393.97881631,0
12026,313361.250692665,4161393.91764687,0
12027,313361.329802331,4161393.85647775,0
12028,313361.408912617,4161393.79530944,0
12029,313361.488023894,4161393.7341424,0
12030,313361.567136413,4161393.67297698,0
12031,313361.646249983,4161393.61181291,0
12032,313361.725364309,4161393.55064982,0
12033,313361.804479094,4161393.48948733,0
12034,313361.883594043,4161393.42832504,0
12035,313361.962708859,4161393.36716259,0
12036,313362.041823245,4161393.30599958,0
12037,313362.120936906,4161393.24483563,0
12038,313362.200049545,4161393.18367036,0
12039,313362.279160866,4161393.12250338,0
12040,313362.358270621,4161393.06133438,0
12041,313362.437378895,4161393.00016347,0
12042,313362.51648592,4161392.93899093,0
12043,313362.595591927,4161392.87781709,0
12044,313362.674697149,4161392.81664222,0
12045,313362.753801817,4161392.75546664,0
12046,313362.832906149,4161392.69429063,0
12047,313362.912010275,4161392.63311435,0
12048,313362.991114288,4161392.57193792,0
12049,313363.070218281,4161392.51076147,0
12050,313363.14932235,4161392.44958512,0
12051,313363.228426589,4161392.38840898,0
12052,313363.307531091,4161392.32723319,0
12053,313363.38663595,4161392.26605786,0
12054,313363.465741261,4161392.20488311,0
12055,313363.544847117,4161392.14370907,0
12056,313363.6239536,4161392.08253583,0
12057,313363.703060528,4161392.02136318,0
12058,313363.782167483,4161391.96019055,0
12059,313363.861274038,4161391.89901742,0
12060,313363.940379767,4161391.83784321,0
12061,313364.019484244,4161391.77666738,0
12062,313364.098587074,4161391.71548943,0
12063,313364.177688191,4161391.65430926,0
12064,313364.256787718,4161391.59312703,0
12065,313364.335885779,4161391.53194291,0
12066,313364.414982498,4161391.47075705,0
12067,313364.494078001,4161391.40956962,0
12068,313364.573172412,4161391.34838078,0
12069,313364.652265855,4161391.28719069,0
12070,313364.731358456,4161391.22599951,0
12071,313364.810450338,4161391.1648074,0
12072,313364.889541627,4161391.10361452,0
12073,313364.968632428,4161391.04242102,0
12074,313365.047722733,4161390.98122687,0
12075,313365.126812496,4161390.92003202,0
12076,313365.20590167,4161390.85883641,0
12077,313365.284990211,4161390.79763998,0
12078,313365.36407807,4161390.73644267,0
12079,313365.443165202,4161390.67524443,0
12080,313365.522251561,4161390.61404518,0
12081,313365.6013371,4161390.55284487,0
12082,313365.680421772,4161390.49164345,0
12083,313365.759505531,4161390.43044084,0
12084,313365.838588332,4161390.36923699,0
12085,313365.917670128,4161390.30803185,0
12086,313365.996750871,4161390.24682535,0
12087,313366.075830517,4161390.18561743,0
12088,313366.154909018,4161390.12440803,0
12089,313366.233986415,4161390.0631972,0
12090,313366.313063005,4161390.00198533,0
12091,313366.392139135,4161389.94077287,0
12092,313366.471215152,4161389.87956026,0
12093,313366.550291404,4161389.81834795,0
12094,313366.629368193,4161389.75713634,0
12095,313366.708445353,4161389.69592521,0
12096,313366.787522423,4161389.63471396,0
12097,313366.86659894,4161389.573502,0
12098,313366.94567444,4161389.51228872,0
12099,313367.02474847,4161389.45107354,0
12100,313367.103820853,4161389.38985624,0
12101,313367.182891732,4161389.32863699,0
12102,313367.261961265,4161389.26741601,0
12103,313367.34102961,4161389.20619349,0
12104,313367.420096926,4161389.14496964,0
12105,313367.499163349,4161389.08374464,0
12106,313367.578228946,4161389.02251857,0
12107,313367.657293771,4161388.96129151,0
12108,313367.736357877,4161388.90006351,0
12109,313367.815421317,4161388.83883466,0
12110,313367.894484144,4161388.77760502,0
12111,313367.973546414,4161388.71637465,0
12112,313368.052608177,4161388.65514363,0
12113,313368.131669489,4161388.59391203,0
12114,313368.210730402,4161388.53267992,0
12115,313368.289790971,4161388.47144736,0
12116,313368.368851248,4161388.41021442,0
12117,313368.447911287,4161388.34898117,0
12118,313368.526971141,4161388.28774769,0
12119,313368.606030864,4161388.22651404,0
12120,313368.68509051,4161388.16528029,0
12121,313368.764150131,4161388.1040465,0
12122,313368.843209756,4161388.04281272,0
12123,313368.922269316,4161387.98157886,0
12124,313369.001328722,4161387.9203448,0
12125,313369.080387882,4161387.85911042,0
12126,313369.159446705,4161387.7978756,0
12127,313369.238505103,4161387.73664024,0
12128,313369.317562983,4161387.67540421,0
12129,313369.396620255,4161387.61416739,0
12130,313369.47567683,4161387.55292968,0
12131,313369.554732616,4161387.49169094,0
12132,313369.633787606,4161387.43045118,0
12133,313369.712841959,4161387.36921059,0
12134,313369.791895859,4161387.30796942,0
12135,313369.870949487,4161387.2467279,0
12136,313369.950003027,4161387.18548627,0
12137,313370.02905666,4161387.12424475,0
12138,313370.108110541,4161387.06300356,0
12139,313370.187164773,4161387.00176282,0
12140,313370.266219454,4161386.94052265,0
12141,313370.345274679,4161386.87928319,0
12142,313370.424330546,4161386.81804456,0
12143,313370.503387152,4161386.75680689,0
12144,313370.582444595,4161386.69557029,0
12145,313370.66150297,4161386.6343349,0
12146,313370.740562374,4161386.57310083,0
12147,313370.819622902,4161386.51186822,0
12148,313370.898684539,4161386.45063704,0
12149,313370.977747175,4161386.38940715,0
12150,313371.056810694,4161386.3281784,0
12151,313371.135874981,4161386.26695064,0
12152,313371.214939918,4161386.20572372,0
12153,313371.294005392,4161386.14449749,0
12154,313371.373071285,4161386.0832718,0
12155,313371.452137481,4161386.02204651,0
12156,313371.531203866,4161385.96082146,0
12157,313371.610270324,4161385.8995965,0
12158,313371.689336759,4161385.83837152,0
12159,313371.768403198,4161385.77714654,0
12160,313371.847469712,4161385.71592165,0
12161,313371.926536371,4161385.65469696,0
12162,313372.005603244,4161385.59347254,0
12163,313372.084670401,4161385.53224848,0
12164,313372.163737913,4161385.47102489,0
12165,313372.242805849,4161385.40980184,0
12166,313372.321874279,4161385.34857943,0
12167,313372.400943274,4161385.28735775,0
12168,313372.480012902,4161385.22613689,0
12169,313372.55908322,4161385.16491692,0
12170,313372.638154274,4161385.1036979,0
12171,313372.717226107,4161385.04247989,0
12172,313372.796298763,4161384.98126294,0
12173,313372.875372287,4161384.92004711,0
12174,313372.954446723,4161384.85883246,0
12175,313373.033522115,4161384.79761904,0
12176,313373.112598507,4161384.73640691,0
12177,313373.191675944,4161384.67519614,0
12178,313373.270754433,4161384.61398672,0
12179,313373.349833864,4161384.55277852,0
12180,313373.428914101,4161384.49157137,0
12181,313373.507995009,4161384.43036508,0
12182,313373.587076454,4161384.36915948,0
12183,313373.666158302,4161384.3079544,0
12184,313373.745240495,4161384.24674977,0
12185,313373.824323052,4161384.18554561,0
12186,313373.903405994,4161384.12434195,0
12187,313373.982489343,4161384.06313881,0
12188,313374.061573119,4161384.00193623,0
12189,313374.140657346,4161383.94073423,0
12190,313374.219742043,4161383.87953283,0
12191,313374.298827233,4161383.81833208,0
12192,313374.377912938,4161383.75713198,0
12193,313374.456999172,4161383.69593257,0
12194,313374.536085883,4161383.63473378,0
12195,313374.615172973,4161383.57353548,0
12196,313374.694260345,4161383.51233754,0
12197,313374.7733479,4161383.45113984,0
12198,313374.852435542,4161383.38994225,0
12199,313374.931523194,4161383.32874468,0
12200,313375.010610819,4161383.26754707,0
12201,313375.089698383,4161383.20634938,0
12202,313375.168785853,4161383.14515157,0
12203,313375.247873196,4161383.08395359,0
12204,313375.326960392,4161383.02275542,0
12205,313375.406047477,4161382.96155712,0
12206,313375.485134499,4161382.90035873,0
12207,313375.564221505,4161382.83916032,0
12208,313375.643308543,4161382.77796195,0
12209,313375.72239566,4161382.71676368,0
12210,313375.801482904,4161382.65556558,0
12211,313375.880570321,4161382.5943677,0
12212,313375.95965796,4161382.5331701,0
12213,313376.038745868,4161382.47197286,0
12214,313376.117834093,4161382.41077602,0
12215,313376.196922681,4161382.34957966,0
12216,313376.276011681,4161382.28838382,0
12217,313376.35510114,4161382.22718858,0
12218,313376.434191084,4161382.16599397,0
12219,313376.513281249,4161382.10479964,0
12220,313376.592371154,4161382.04360497,0
12221,313376.671460313,4161381.98240935,0
12222,313376.75054824,4161381.92121213,0
12223,313376.829634449,4161381.86001268,0
12224,313376.908718619,4161381.79881061,0
12225,313376.98780091,4161381.73760611,0
12226,313377.066881569,4161381.6763995,0
12227,313377.145960844,4161381.6151911,0
12228,313377.225038982,4161381.55398123,0
12229,313377.30411623,4161381.49277021,0
12230,313377.383192836,4161381.43155836,0
12231,313377.462269046,4161381.370346,0
12232,313377.541345108,4161381.30913344,0
12233,313377.62042129,4161381.24792105,0
12234,313377.699498107,4161381.18670947,0
12235,313377.77857623,4161381.12549958,0
12236,313377.857656337,4161381.06429225,0
12237,313377.936739102,4161381.00308837,0
12238,313378.015825189,4161380.94188877,0
12239,313378.094914737,4161380.88069364,0
12240,313378.174007219,4161380.81950231,0
12241,313378.253102065,4161380.75831403,0
12242,313378.332198704,4161380.69712808,0
12243,313378.411296566,4161380.63594369,0
12244,313378.490395081,4161380.57476016,0
12245,313378.569493678,4161380.51357673,0
12246,313378.648591786,4161380.45239267,0
12247,313378.727688836,4161380.39120724,0
12248,313378.806784397,4161380.33001988,0
12249,313378.88587857,4161380.26883073,0
12250,313378.964971572,4161380.20764007,0
12251,313379.044063624,4161380.14644818,0
12252,313379.123154945,4161380.08525535,0
12253,313379.202245761,4161380.02406186,0
12254,313379.281336356,4161379.96286809,0
12255,313379.360427049,4161379.90167445,0
12256,313379.43951816,4161379.84048134,0
12257,313379.518610009,4161379.77928919,0
12258,313379.597702909,4161379.7180984,0
12259,313379.676796951,4161379.65690908,0
12260,313379.755891919,4161379.59572096,0
12261,313379.834987576,4161379.53453373,0
12262,313379.914083684,4161379.47334708,0
12263,313379.993180006,4161379.41216071,0
12264,313380.072276305,4161379.35097431,0
12265,313380.151372344,4161379.28978758,0
12266,313380.230467884,4161379.2286002,0
12267,313380.309562688,4161379.16741187,0
12268,313380.388656567,4161379.10622234,0
12269,313380.467749548,4161379.04503165,0
12270,313380.546841727,4161378.98383992,0
12271,313380.625933199,4161378.92264728,0
12272,313380.705024057,4161378.86145385,0
12273,313380.784114398,4161378.80025975,0
12274,313380.863204315,4161378.7390651,0
12275,313380.942293903,4161378.67787003,0
12276,313381.021383257,4161378.61667465,0
12277,313381.100472472,4161378.5554791,0
12278,313381.179561658,4161378.4942835,0
12279,313381.258651113,4161378.43308826,0
12280,313381.33774126,4161378.3718939,0
12281,313381.416832523,4161378.310701,0
12282,313381.495925326,4161378.24951008,0
12283,313381.575020079,4161378.18832168,0
12284,313381.654116876,4161378.12713593,0
12285,313381.733215512,4161378.06595255,0
12286,313381.812315766,4161378.00477126,0
12287,313381.891417422,4161377.94359179,0
12288,313381.970520259,4161377.88241384,0
12289,313382.04962406,4161377.82123714,0
12290,313382.128728606,4161377.7600614,0
12291,313382.207833678,4161377.69888634,0
12292,313382.286939059,4161377.63771168,0
12293,313382.36604455,4161377.57653717,0
12294,313382.445150114,4161377.51536275,0
12295,313382.524255781,4161377.45418846,0
12296,313382.60336158,4161377.39301434,0
12297,313382.682467542,4161377.33184044,0
12298,313382.761573697,4161377.27066678,0
12299,313382.840680057,4161377.20949339,0
12300,313382.919786616,4161377.14832026,0
12301,313382.998893369,4161377.08714737,0
12302,313383.07800031,4161377.02597473,0
12303,313383.157107433,4161376.96480233,0
12304,313383.236214731,4161376.90363015,0
12305,313383.315322199,4161376.84245819,0
12306,313383.394429831,4161376.78128645,0
12307,313383.473537621,4161376.7201149,0
12308,313383.552645612,4161376.65894362,0
12309,313383.631754054,4161376.59777292,0
12310,313383.710863254,4161376.5366032,0
12311,313383.789973517,4161376.47543486,0
12312,313383.869085149,4161376.41426829,0
12313,313383.94819843,4161376.35310385,0
12314,313384.02731322,4161376.29194136,0
12315,313384.106429027,4161376.23078018,0
12316,313384.185545346,4161376.16961967,0
12317,313384.264661676,4161376.10845918,0
12318,313384.343777518,4161376.04729805,0
12319,313384.422892641,4161375.98613599,0
12320,313384.50200719,4161375.92497319,0
12321,313384.581121338,4161375.86380987,0
12322,313384.660235257,4161375.80264626,0
12323,313384.73934912,4161375.74148257,0
12324,313384.818463101,4161375.68031903,0
12325,313384.897577372,4161375.61915587,0
12326,313384.976692107,4161375.55799331,0
12327,313385.055807477,4161375.49683158,0
12328,313385.134923658,4161375.43567089,0
12329,313385.214040747,4161375.37451137,0
12330,313385.293158667,4161375.31335293,0
12331,313385.372277311,4161375.25219543,0
12332,313385.451396575,4161375.19103873,0
12333,313385.530516351,4161375.12988269,0
12334,313385.609636535,4161375.06872718,0
12335,313385.688757021,4161375.00757206,0
12336,313385.767877703,4161374.94641719,0
12337,313385.846998475,4161374.88526244,0
12338,313385.926119234,4161374.82410768,0
12339,313386.005239927,4161374.76295283,0
12340,313386.084360535,4161374.70179786,0
12341,313386.163481039,4161374.64064277,0
12342,313386.242601421,4161374.57948751,0
12343,313386.321721662,4161374.51833207,0
12344,313386.40084177,4161374.45717647,0
12345,313386.479961812,4161374.39602077,0
12346,313386.559081868,4161374.33486509,0
12347,313386.638202016,4161374.27370954,0
12348,313386.717322336,4161374.2125542,0
12349,313386.796442864,4161374.15139914,0
12350,313386.875563473,4161374.09024418,0
12351,313386.954683999,4161374.02908911,0
12352,313387.033804277,4161373.96793372,0
12353,313387.112924143,4161373.9067778,0
12354,313387.192043431,4161373.84562113,0
12355,313387.271161976,4161373.7844635,0
12356,313387.350279614,4161373.72330469,0
12357,313387.429396179,4161373.6621445,0
12358,313387.508511508,4161373.60098271,0
12359,313387.587625559,4161373.53981926,0
12360,313387.666738791,4161373.47865476,0
12361,313387.745851789,4161373.41748995,0
12362,313387.82496514,4161373.3563256,0
12363,313387.904079427,4161373.29516246,0
12364,313387.983195193,4161373.23400124,0
12365,313388.062312458,4161373.17284195,0
12366,313388.141430886,4161373.11168417,0
12367,313388.220550133,4161373.05052745,0
12368,313388.299669858,4161372.98937134,0
12369,313388.378789718,4161372.92821541,0
12370,313388.45790937,4161372.86705921,0
12371,313388.537028473,4161372.8059023,0
12372,313388.616146682,4161372.74474424,0
12373,313388.695263657,4161372.68358458,0
12374,313388.774379055,4161372.62242287,0
12375,313388.853492721,4161372.56125893,0
12376,313388.932605011,4161372.50009321,0
12377,313389.011716368,4161372.43892628,0
12378,313389.090827232,4161372.37775871,0
12379,313389.169938046,4161372.31659108,0
12380,313389.249049251,4161372.25542396,0
12381,313389.328161288,4161372.19425791,0
12382,313389.4072746,4161372.13309351,0
12383,313389.486389628,4161372.07193132,0
12384,313389.565506791,4161372.01077191,0
12385,313389.644625814,4161371.94961489,0
12386,313389.723745609,4161371.88845888,0
12387,313389.802865038,4161371.82730239,0
12388,313389.881982966,4161371.76614396,0
12389,313389.961098272,4161371.70498214,0
12390,313390.040210701,4161371.6438166,0
12391,313390.119321362,4161371.58264877,0
12392,313390.19843148,4161371.52148024,0
12393,313390.277542281,4161371.46031259,0
12394,313390.356654989,4161371.39914741,0
12395,313390.435770333,4161371.33798564,0
12396,313390.514887842,4161371.27682667,0
12397,313390.594006873,4161371.21566966,0
12398,313390.673126779,4161371.15451379,0
12399,313390.752246917,4161371.09335822,0
12400,313390.831366641,4161371.03220212,0
12401,313390.910485307,4161370.97104464,0
12402,313390.989602269,4161370.90988496,0
12403,313391.068716882,4161370.84872224,0
12404,313391.147828507,4161370.78755566,0
12405,313391.226936994,4161370.72638502,0
12406,313391.306043031,4161370.66521121,0
12407,313391.385147393,4161370.60403524,0
12408,313391.464250853,4161370.5428581,0
12409,313391.543354184,4161370.48168079,0
12410,313391.622458046,4161370.42050417,0
12411,313391.701562712,4161370.35932858,0
12412,313391.78066837,4161370.29815428,0
12413,313391.859775209,4161370.23698151,0
12414,313391.938883418,4161370.17581051,0
12415,313392.017993135,4161370.11464146,0
12416,313392.097104231,4161370.0534742,0
12417,313392.176216497,4161369.99230844,0
12418,313392.25532972,4161369.93114393,0
12419,313392.334443689,4161369.86998038,0
12420,313392.413558192,4161369.80881752,0
12421,313392.49267302,4161369.74765508,0
12422,313392.57178796,4161369.68649278,0
12423,313392.650902801,4161369.62533036,0
12424,313392.730017331,4161369.56416753,0
12425,313392.80913134,4161369.50300404,0
12426,313392.888244616,4161369.44183959,0
12427,313392.967356947,4161369.38067392,0
12428,313393.046468123,4161369.31950676,0
12429,313393.125577938,4161369.25833784,0
12430,313393.204686447,4161369.19716722,0
12431,313393.283794066,4161369.13599546,0
12432,313393.362901236,4161369.07482312,0
12433,313393.442008399,4161369.01365076,0
12434,313393.521115997,4161368.95247897,0
12435,313393.600224352,4161368.89130816,0
12436,313393.679333569,4161368.83013846,0
12437,313393.75844373,4161368.76896999,0
12438,313393.837554915,4161368.70780283,0
12439,313393.916667207,4161368.64663712,0
12440,313393.995780687,4161368.58547293,0
12441,313394.074895436,4161368.52431039,0
12442,313394.154011536,4161368.4631496,0
12443,313394.233129068,4161368.40199065,0
12444,313394.312248096,4161368.34083365,0
12445,313394.391368325,4161368.2796782,0
12446,313394.470489116,4161368.21852347,0
12447,313394.549609818,4161368.15736863,0
12448,313394.628729781,4161368.09621283,0
12449,313394.707848363,4161368.03505525,0
12450,313394.786965335,4161367.97389558,0
12451,313394.866081024,4161367.91273426,0
12452,313394.945195795,4161367.85157175,0
12453,313395.024310013,4161367.79040852,0
12454,313395.103424045,4161367.72924505,0
12455,313395.182538255,4161367.66808181,0
12456,313395.26165301,4161367.60691928,0
12457,313395.340768675,4161367.54575792,0
12458,313395.419885586,4161367.48459817,0
12459,313395.499003628,4161367.42343989,0
12460,313395.578122306,4161367.36228243,0
12461,313395.657241118,4161367.30112515,0
12462,313395.73635956,4161367.23996738,0
12463,313395.815477129,4161367.17880849,0
12464,313395.894593641,4161367.11764823,0
12465,313395.973709716,4161367.0564874,0
12466,313396.052826105,4161366.99532698,0
12467,313396.131943554,4161366.93416793,0
12468,313396.211062811,4161366.87301122,0
12469,313396.290184334,4161366.81185745,0
12470,313396.369307717,4161366.75070607,0
12471,313396.448432398,4161366.68955638,0
12472,313396.527557815,4161366.62840764,0
12473,313396.606683406,4161366.56725913,0
12474,313396.685808607,4161366.50611011,0
12475,313396.764932858,4161366.44495986,0
12476,313396.844055595,4161366.38380765,0
12477,313396.923176258,4161366.32265276,0
12478,313397.002294467,4161366.26149469,0
12479,313397.081410897,4161366.20033433,0
12480,313397.16052659,4161366.13917301,0
12481,313397.239642588,4161366.07801208,0
12482,313397.318759935,4161366.0168529,0
12483,313397.397879662,4161365.9556968,0
12484,313397.477002221,4161365.89454436,0
12485,313397.556127213,4161365.83339507,0
12486,313397.635254169,4161365.77224832,0
12487,313397.71438262,4161365.71110351,0
12488,313397.793512098,4161365.64996002,0
12489,313397.872642135,4161365.58881726,0
12490,313397.951772263,4161365.52767462,0
12491,313398.030902012,4161365.46653148,0
12492,313398.110030931,4161365.40538728,0
12493,313398.189159089,4161365.34424208,0
12494,313398.268287169,4161365.28309679,0
12495,313398.347415891,4161365.22195232,0
12496,313398.426545974,4161365.16080962,0
12497,313398.505678131,4161365.09966961,0
12498,313398.58481258,4161365.03853256,0
12499,313398.663948733,4161364.97739771,0
12500,313398.743085922,4161364.91626421,0
12501,313398.822223482,4161364.85513119,0
12502,313398.901360748,4161364.79399778,0
12503,313398.980497054,4161364.73286313,0
12504,313399.059631733,4161364.67172638,0
12505,313399.13876412,4161364.61058666,0
12506,313399.217893551,4161364.54944311,0
12507,313399.297019623,4161364.48829521,0
12508,313399.376142551,4161364.42714324,0
12509,313399.455262638,4161364.3659876,0
12510,313399.534380189,4161364.30482867,0
12511,313399.613495507,4161364.24366685,0
12512,313399.692608895,4161364.18250253,0
12513,313399.771720657,4161364.12133611,0
12514,313399.850831097,4161364.06016798,0
12515,313399.929940518,4161363.99899853,0
12516,313400.009049224,4161363.93782816,0
12517,313400.088157519,4161363.87665726,0
12518,313400.167265706,4161363.81548622,0
12519,313400.246374088,4161363.75431543,0
12520,313400.32548297,4161363.6931453,0
12521,313400.404592655,4161363.63197621,0
12522,313400.483703447,4161363.57080855,0
12523,313400.562815648,4161363.50964273,0
12524,313400.641929564,4161363.44847913,0
12525,313400.721045497,4161363.38731814,0
12526,313400.800163751,4161363.32616017,0
12527,313400.87928463,4161363.26500559,0
12528,313400.958408392,4161363.20385476,0
12529,313401.037534368,4161363.14270679,0
12530,313401.116661019,4161363.0815597,0
12531,313401.195786772,4161363.02041143,0
12532,313401.274910053,4161362.95925995,0
12533,313401.354029289,4161362.89810322,0
12534,313401.433142907,4161362.83693919,0
12535,313401.512249334,4161362.77576582,0
12536,313401.591346996,4161362.71458107,0
12537,313401.670433397,4161362.65338172,0
12538,313401.749501243,4161362.59215841,0
12539,313401.828541694,4161362.53089981,0
12540,313401.907545906,4161362.46959457,0
12541,313401.986505036,4161362.40823136,0
12542,313402.065412276,4161362.34680145,0
12543,313402.144272171,4161362.28531071,0
12544,313402.223093212,4161362.22377008,0
12545,313402.301883893,4161362.16219049,0
12546,313402.380652708,4161362.10058289,0
12547,313402.459407638,4161362.03895756,0
12548,313402.53815279,4161361.97731976,0
12549,313402.616890501,4161361.91567248,0
12550,313402.6956231,4161361.8540187,0
12551,313402.774352914,4161361.79236139,0
12552,313402.853082272,4161361.73070352,0
12553,313402.931813502,4161361.66904806,0
12554,313403.010548932,4161361.607398,0
12555,313403.08929089,4161361.54575631,0
12556,313403.168041704,4161361.48412595,0
12557,313403.246803703,4161361.4225099,0
12558,313403.325579214,4161361.36091114,0
12559,313403.404370567,4161361.29933264,0
12560,313403.483180082,4161361.23777737,0
12561,313403.562009718,4161361.17624783,0
12562,313403.640860847,4161361.11474581,0
12563,313403.719734788,4161361.05327302,0
12564,313403.798632862,4161360.99183119,0
12565,313403.877556389,4161360.93042201,0
12566,313403.956506688,4161360.86904722,0
12567,313404.035485079,4161360.80770851,0
12568,313404.114492883,4161360.74640762,0
12569,313404.193531567,4161360.68514646,0
12570,313404.272603346,4161360.62392796,0
12571,313404.351710666,4161360.56275539,0
12572,313404.430855978,4161360.50163202,0
12573,313404.510041727,4161360.44056109,0
12574,313404.589270363,4161360.37954587,0
12575,313404.668544333,4161360.31858963,0
12576,313404.747866086,4161360.25769561,0
12577,313404.827238069,4161360.19686709,0
12578,313404.9066627,4161360.13610729,0
12579,313404.986141233,4161360.07541794,0
12580,313405.065673412,4161360.01479883,0
12581,313405.145258876,4161359.95424964,0
12582,313405.224897269,4161359.89377004,0
12583,313405.304588231,4161359.83335969,0
12584,313405.384331404,4161359.77301826,0
12585,313405.464126429,4161359.71274543,0
12586,313405.543972949,4161359.65254087,0
12587,313405.623870606,4161359.59240424,0
12588,313405.703819208,4161359.53233542,0
12589,313405.783818854,4161359.47233464,0
12590,313405.863869672,4161359.41240218,0
12591,313405.943971789,4161359.35253831,0
12592,313406.024125333,4161359.29274331,0
12593,313406.104330431,4161359.23301743,0
12594,313406.184587211,4161359.17336096,0
12595,313406.264895803,4161359.11377416,0
12596,313406.345256547,4161359.05425762,0
12597,313406.425670221,4161358.99481257,0
12598,313406.506137654,4161358.93544028,0
12599,313406.586659677,4161358.87614207,0
12600,313406.667237119,4161358.81691923,0
12601,313406.74787081,4161358.75777305,0
12602,313406.82856158,4161358.69870482,0
12603,313406.909310259,4161358.63971586,0
12604,313406.990117678,4161358.58080744,0
12605,313407.070984299,4161358.52198036,0
12606,313407.151908937,4161358.46323312,0
12607,313407.232889945,4161358.40456358,0
12608,313407.313925674,4161358.34596959,0
12609,313407.395014476,4161358.28744901,0
12610,313407.476154702,4161358.22899971,0
12611,313407.557344704,4161358.17061953,0
12612,313407.638582833,4161358.11230634,0
12613,313407.719867451,4161358.054058,0
12614,313407.801197529,4161357.99587321,0
12615,313407.882573018,4161357.93775202,0
12616,313407.96399396,4161357.87969457,0
12617,313408.045460394,4161357.82170102,0
12618,313408.126972362,4161357.76377153,0
12619,313408.208529903,4161357.70590624,0
12620,313408.29013306,4161357.64810531,0
12621,313408.37178187,4161357.5903689,0
12622,313408.453476029,4161357.53269667,0
12623,313408.535214455,4161357.47508717,0
12624,313408.616995962,4161357.41753881,0
12625,313408.698819362,4161357.36004999,0
12626,313408.780683471,4161357.30261912,0
12627,313408.862587099,4161357.2452446,0
12628,313408.944529061,4161357.18792484,0
12629,313409.02650817,4161357.13065825,0
12630,313409.108523239,4161357.07344322,0
12631,313409.190573138,4161357.01627823,0
12632,313409.272656837,4161356.95916183,0
12633,313409.35477332,4161356.90209261,0
12634,313409.436921569,4161356.84506913,0
12635,313409.519100566,4161356.78808999,0
12636,313409.601309294,4161356.73115375,0
12637,313409.683546734,4161356.67425899,0
12638,313409.765811936,4161356.61740438,0
12639,313409.848104513,4161356.56058941,0
12640,313409.930424374,4161356.50381397,0
12641,313410.012771432,4161356.44707798,0
12642,313410.095145597,4161356.39038133,0
12643,313410.177546782,4161356.33372394,0
12644,313410.259974897,4161356.27710571,0
12645,313410.342429855,4161356.22052655,0
12646,313410.424911567,4161356.16398637,0
12647,313410.507420046,4161356.10748521,0
12648,313410.589956326,4161356.05102466,0
12649,313410.672522032,4161355.99460717,0
12650,313410.755118797,4161355.93823519,0
12651,313410.837748253,4161355.8819112,0
12652,313410.920412031,4161355.82563764,0
12653,313411.003111765,4161355.76941699,0
12654,313411.085849086,4161355.7132517,0
12655,313411.168625512,4161355.65714407,0
12656,313411.251440875,4161355.6010939,0
12657,313411.334293732,4161355.54509911,0
12658,313411.417182605,4161355.48915758,0
12659,313411.500106019,4161355.43326717,0
12660,313411.583062496,4161355.37742577,0
12661,313411.666050562,4161355.32163124,0
12662,313411.749068738,4161355.26588146,0
12663,313411.83211555,4161355.2101743,0
12664,313411.91518952,4161355.15450763,0
12665,313411.998289172,4161355.09887933,0
12666,313412.08141303,4161355.04328727,0
12667,313412.164559617,4161354.98772932,0
12668,313412.247727356,4161354.93220319,0
12669,313412.330914411,4161354.8767061,0
12670,313412.414118906,4161354.82123524,0
12671,313412.497338964,4161354.76578778,0
12672,313412.58057271,4161354.7103609,0
12673,313412.663818265,4161354.65495177,0
12674,313412.747073754,4161354.59955755,0
12675,313412.8303373,4161354.54417543,0
12676,313412.913607388,4161354.48880313,0
12677,313412.996884049,4161354.43344069,0
12678,313413.080167724,4161354.37808878,0
12679,313413.163458857,4161354.3227481,0
12680,313413.24675789,4161354.2674193,0
12681,313413.330065267,4161354.21210306,0
12682,313413.413381431,4161354.15680007,0
12683,313413.496706823,4161354.10151098,0
12684,313413.580041887,4161354.04623648,0
12685,313413.663387065,4161353.99097725,0
12686,313413.746742801,4161353.93573395,0
12687,313413.830109534,4161353.88050726,0
12688,313413.913487014,4161353.8252968,0
12689,313413.99687351,4161353.77009995,0
12690,313414.080267099,4161353.71491383,0
12691,313414.163665858,4161353.6597355,0
12692,313414.247067864,4161353.60456208,0
12693,313414.330471192,4161353.54939066,0
12694,313414.41387392,4161353.49421832,0
12695,313414.497274187,4161353.43904227,0
12696,313414.580671892,4161353.38386234,0
12697,313414.66406889,4161353.32868135,0
12698,313414.747467137,4161353.27350225,0
12699,313414.83086859,4161353.218328,0
12700,313414.914275206,4161353.16316155,0
12701,313414.997688941,4161353.10800588,0
12702,313415.081111753,4161353.05286394,0
12703,313415.164545595,4161352.99773868,0
12704,313415.247992191,4161352.94263272,0
12705,313415.331452863,4161352.88754807,0
12706,313415.414928892,4161352.83248669,0
12707,313415.498421562,4161352.77745054,0
12708,313415.581932155,4161352.72244159,0
12709,313415.665461952,4161352.66746178,0
12710,313415.749012235,4161352.61251307,0
12711,313415.832583096,4161352.55759563,0
12712,313415.916168306,4161352.50269998,0
12713,313415.999759549,4161352.44781353,0
12714,313416.083348507,4161352.39292365,0
12715,313416.166926864,4161352.33801772,0
12716,313416.250486303,4161352.28308311,0
12717,313416.334018506,4161352.22810722,0
12718,313416.41751528,4161352.17307761,0
12719,313416.500973956,4161352.11799022,0
12720,313416.584399463,4161352.06285253,0
12721,313416.667797284,4161352.00767285,0
12722,313416.751172904,4161351.95245951,0
12723,313416.834531807,4161351.8972208,0
12724,313416.917879475,4161351.84196506,0
12725,313417.001221392,4161351.78670059,0
12726,313417.084563023,4161351.73143568,0
12727,313417.167908699,4161351.6761769,0
12728,313417.251261052,4161351.62092823,0
12729,313417.334622573,4161351.56569345,0
12730,313417.417995751,4161351.51047633,0
12731,313417.501383075,4161351.45528064,0
12732,313417.584787037,4161351.40011017,0
12733,313417.668210125,4161351.34496867,0
12734,313417.75165483,4161351.28985993,0
12735,313417.835123642,4161351.23478772,0
12736,313417.91861905,4161351.17975581,0
12737,313418.002143538,4161351.12476796,0
12738,313418.085699352,4161351.06982764,0
12739,313418.169288466,4161351.01493794,0
12740,313418.252912836,4161350.96010193,0
12741,313418.336574417,4161350.90532271,0
12742,313418.420275168,4161350.85060334,0
12743,313418.504017044,4161350.79594691,0
12744,313418.587802002,4161350.74135649,0
12745,313418.671631971,4161350.68683514,0
12746,313418.755508701,4161350.6323857,0
12747,313418.839433872,4161350.57801095,0
12748,313418.923409165,4161350.52371368,0
12749,313419.007436259,4161350.46949666,0
12750,313419.091516833,4161350.41536268,0
12751,313419.175652568,4161350.3613145,0
12752,313419.259845063,4161350.30735478,0
12753,313419.34409464,4161350.25348421,0
12754,313419.428400588,4161350.19970184,0
12755,313419.512762164,4161350.14600671,0
12756,313419.597178627,4161350.09239785,0
12757,313419.681649236,4161350.03887427,0
12758,313419.766173249,4161349.98543501,0
12759,313419.850749926,4161349.9320791,0
12760,313419.935379055,4161349.8788064,0
12761,313420.020061896,4161349.82561917,0
12762,313420.104799954,4161349.77252003,0
12763,313420.189594737,4161349.71951162,0
12764,313420.274447753,4161349.66659657,0
12765,313420.359360509,4161349.61377753,0
12766,313420.444334512,4161349.56105713,0
12767,313420.529370622,4161349.50843695,0
12768,313420.61446779,4161349.45591551,0
12769,313420.699624615,4161349.40349077,0
12770,313420.784839698,4161349.35116066,0
12771,313420.870111638,4161349.29892313,0
12772,313420.955439036,4161349.24677613,0
12773,313421.040820492,4161349.19471761,0
12774,313421.126255064,4161349.14274628,0
12775,313421.211744725,4161349.09086567,0
12776,313421.297292578,4161349.03908119,0
12777,313421.382901731,4161348.98739824,0
12778,313421.468575292,4161348.93582226,0
12779,313421.554316368,4161348.88435864,0
12780,313421.640128066,4161348.8330128,0
12781,313421.726012844,4161348.78178911,0
12782,313421.811970428,4161348.73068751,0
12783,313421.897999834,4161348.6797068,0
12784,313421.984100074,4161348.62884577,0
12785,313422.070270163,4161348.57810321,0
12786,313422.156509114,4161348.52747793,0
12787,313422.242815942,4161348.47696871,0
12788,313422.329189129,4161348.42657338,0
12789,313422.41562455,4161348.37628501,0
12790,313422.502117279,4161348.32609524,0
12791,313422.588662392,4161348.27599567,0
12792,313422.675254962,4161348.22597792,0
12793,313422.761890063,4161348.17603361,0
12794,313422.848562771,4161348.12615437,0
12795,313422.935268161,4161348.0763318,0
12796,313423.022001306,4161348.02655754,0
12797,313423.10875728,4161347.97682319,0
12798,313423.1955315,4161347.92712096,0
12799,313423.282323202,4161347.87744959,0
12800,313423.369134024,4161347.82781191,0
12801,313423.455965642,4161347.77821084,0
12802,313423.542819734,4161347.72864928,0
12803,313423.629697975,4161347.67913015,0
12804,313423.716602032,4161347.62965632,0
12805,313423.803532285,4161347.58022846,0
12806,313423.890486517,4161347.53084268,0
12807,313423.977462197,4161347.4814946,0
12808,313424.064456795,4161347.43217978,0
12809,313424.151467783,4161347.38289382,0
12810,313424.23849263,4161347.33363231,0
12811,313424.325528807,4161347.28439083,0
12812,313424.412574151,4161347.23516561,0
12813,313424.499627828,4161347.18595518,0
12814,313424.586689305,4161347.1367586,0
12815,313424.673758046,4161347.0875749,0
12816,313424.760833517,4161347.03840315,0
12817,313424.847915183,4161346.98924238,0
12818,313424.93500251,4161346.94009165,0
12819,313425.022094962,4161346.89095001,0
12820,313425.109192007,4161346.84181651,0
12821,313425.196293101,4161346.79269019,0
12822,313425.283397102,4161346.74356901,0
12823,313425.370501781,4161346.69444902,0
12824,313425.457604798,4161346.64532608,0
12825,313425.544703813,4161346.59619603,0
12826,313425.631796483,4161346.54705472,0
12827,313425.71888047,4161346.497898,0
12828,313425.805953559,4161346.44872194,0
12829,313425.893016697,4161346.39952823,0
12830,313425.980074103,4161346.35032436,0
12831,313426.06713015,4161346.30111808,0
12832,313426.154189214,4161346.25191717,0
12833,313426.241255667,4161346.20272937,0
12834,313426.328333882,4161346.15356246,0
12835,313426.415428233,4161346.1044242,0
12836,313426.502543094,4161346.05532234,0
12837,313426.589682837,4161346.00626466,0
12838,313426.676851473,4161345.95725827,0
12839,313426.764049861,4161345.90830475,0
12840,313426.851277243,4161345.85940285,0
12841,313426.938532852,4161345.8105513,0
12842,313427.025815918,4161345.76174881,0
12843,313427.113125672,4161345.7129941,0
12844,313427.200461304,4161345.66428582,0
12845,313427.287819504,4161345.61561809,0
12846,313427.375193041,4161345.56697793,0
12847,313427.462574339,4161345.51835171,0
12848,313427.549955825,4161345.46972584,0
12849,313427.637329923,4161345.4210867,0
12850,313427.724689061,4161345.37242069,0
12851,313427.812025751,4161345.32371436,0
12852,313427.899335549,4161345.27495976,0
12853,313427.986617758,4161345.22615572,0
12854,313428.073871911,4161345.1773015,0
12855,313428.161097542,4161345.12839633,0
12856,313428.248294186,4161345.07943948,0
12857,313428.335461375,4161345.03043018,0
12858,313428.422598643,4161344.9813677,0
12859,313428.509705524,4161344.93225127,0
12860,313428.59678155,4161344.88308015,0
12861,313428.683825717,4161344.83385264,0
12862,313428.770835715,4161344.78456481,0
12863,313428.85780904,4161344.73521236,0
12864,313428.944743188,4161344.68579099,0
12865,313429.031635654,4161344.63629642,0
12866,313429.118483934,4161344.58672436,0
12867,313429.205285618,4161344.5370707,0
12868,313429.292039401,4161344.48733331,0
12869,313429.3787447,4161344.4375114,0
12870,313429.465400944,4161344.3876042,0
12871,313429.552007561,4161344.33761093,0
12872,313429.638563982,4161344.28753082,0
12873,313429.72506966,4161344.23736313,0
12874,313429.811524594,4161344.18710805,0
12875,313429.897929307,4161344.13676667,0
12876,313429.984284342,4161344.0863401,0
12877,313430.070590241,4161344.03582947,0
12878,313430.156847548,4161343.98523587,0
12879,313430.243056804,4161343.93456044,0
12880,313430.32921798,4161343.88380332,0
12881,313430.415329572,4161343.83296215,0
12882,313430.501389839,4161343.78203419,0
12883,313430.587397041,4161343.73101668,0
12884,313430.673349436,4161343.67990687,0
12885,313430.759245291,4161343.62870203,0
12886,313430.845083202,4161343.57740001,0
12887,313430.930862282,4161343.52599964,0
12888,313431.016581684,4161343.47449981,0
12889,313431.102240565,4161343.4228994,0
12890,313431.187838078,4161343.37119731,0
12891,313431.273373381,4161343.31939243,0
12892,313431.358846243,4161343.26748466,0
12893,313431.444258295,4161343.21547689,0
12894,313431.529611512,4161343.16337258,0
12895,313431.61490787,4161343.1111752,0
12896,313431.700149344,4161343.05888821,0
12897,313431.785337886,4161343.00651504,0
12898,313431.870474133,4161342.95405694,0
12899,313431.955556791,4161342.90151201,0
12900,313432.040584418,4161342.84887809,0
12901,313432.125555568,4161342.79615303,0
12902,313432.210468796,4161342.74333466,0
12903,313432.29532267,4161342.69042085,0
12904,313432.380116281,4161342.63741036,0
12905,313432.464849428,4161342.58430316,0
12906,313432.549521962,4161342.53109929,0
12907,313432.634133733,4161342.47779881,0
12908,313432.718684592,4161342.42440178,0
12909,313432.803174389,4161342.37090825,0
12910,313432.887602975,4161342.31731826,0
12911,313432.971970199,4161342.26363188,0
12912,313433.056276129,4161342.20984947,0
12913,313433.140522167,4161342.15597342,0
12914,313433.224710223,4161342.10200685,0
12915,313433.30884221,4161342.0479529,0
12916,313433.392920038,4161341.9938147,0
12917,313433.476945537,4161341.93959525,0
12918,313433.560918415,4161341.88529431,0
12919,313433.644836137,4161341.83090818,0
12920,313433.728696064,4161341.776433,0
12921,313433.812495554,4161341.72186491,0
12922,313433.896231966,4161341.66720006,0
12923,313433.979902732,4161341.6124347,0
12924,313434.063506942,4161341.55756766,0
12925,313434.147045309,4161341.50260031,0
12926,313434.230518615,4161341.44753412,0
12927,313434.313927642,4161341.39237056,0
12928,313434.397273172,4161341.33711109,0
12929,313434.480555987,4161341.28175718,0
12930,313434.563776869,4161341.22631031,0
12931,313434.646936586,4161341.17077193,0
12932,313434.730035433,4161341.11514269,0
12933,313434.813073129,4161341.05942231,0
12934,313434.896049358,4161341.00361045,0
12935,313434.978963804,4161340.94770677,0
12936,313435.061816152,4161340.89171093,0
12937,313435.144605988,4161340.83562245,0
12938,313435.227332332,4161340.7794402,0
12939,313435.309993999,4161340.72316276,0
12940,313435.392589805,4161340.66678874,0
12941,313435.475118566,4161340.61031673,0
12942,313435.557579097,4161340.55374534,0
12943,313435.639970214,4161340.49707315,0
12944,313435.722290735,4161340.44029879,0
12945,313435.804540892,4161340.38342279,0
12946,313435.886724735,4161340.32645101,0
12947,313435.968846946,4161340.26939018,0
12948,313436.050912211,4161340.21224701,0
12949,313436.132925214,4161340.15502822,0
12950,313436.21488814,4161340.09773707,0
12951,313436.296786014,4161340.0403529,0
12952,313436.378596642,4161339.98284499,0
12953,313436.460297805,4161339.92518262,0
12954,313436.541867286,4161339.86733503,0
12955,313436.623283781,4161339.80927277,0
12956,313436.704544251,4161339.75099203,0
12957,313436.785662507,4161339.69251265,0
12958,313436.866652989,4161339.63385535,0
12959,313436.947530138,4161339.57504087,0
12960,313437.028308394,4161339.51608993,0
12961,313437.109002197,4161339.45702326,0
12962,313437.189625986,4161339.39786159,0
12963,313437.270191376,4161339.33862151,0
12964,313437.350701887,4161339.2793078,0
12965,313437.431159596,4161339.21992314,0
12966,313437.511566579,4161339.16047019,0
12967,313437.591924913,4161339.10095162,0
12968,313437.67223708,4161339.04137067,0
12969,313437.752507793,4161338.98173369,0
12970,313437.832742527,4161338.92204809,0
12971,313437.912946758,4161338.86232132,0
12972,313437.993125963,4161338.80256078,0
12973,313438.073285619,4161338.74277389,0
12974,313438.153431201,4161338.68296809,0
12975,313438.233568186,4161338.62315079,0
12976,313438.313702051,4161338.56332941,0
12977,313438.393838273,4161338.50351138,0
12978,313438.473981603,4161338.44370312,0
12979,313438.554132478,4161338.38390515,0
12980,313438.634289737,4161338.32411579,0
12981,313438.71445222,4161338.26433337,0
12982,313438.794618765,4161338.2045562,0
12983,313438.874788208,4161338.1447826,0
12984,313438.95495939,4161338.08501091,0
12985,313439.035131503,4161338.02523992,0
12986,313439.115312678,4161337.96548071,0
12987,313439.19552042,4161337.90575723,0
12988,313439.275772678,4161337.846094,0
12989,313439.356087401,4161337.7865156,0
12990,313439.436482538,4161337.72704655,0
12991,313439.516976037,4161337.66771141,0
12992,313439.59758501,4161337.60853357,0
12993,313439.67830858,4161337.54951192,0
12994,313439.75912857,4161337.49062171,0
12995,313439.840026105,4161337.43183725,0
12996,313439.920982308,4161337.37313287,0
12997,313440.001978305,4161337.31448288,0
12998,313440.082995219,4161337.25586158,0
12999,313440.164014274,4161337.19724342,0
13000,313440.245021372,4161337.13860917,0
13001,313440.326008965,4161337.07994841,0
13002,313440.406969995,4161337.02125141,0
13003,313440.487897405,4161336.96250842,0
13004,313440.568784136,4161336.90370969,0
13005,313440.649623133,4161336.84484548,0
13006,313440.730407338,4161336.78590604,0
13007,313440.811130666,4161336.72688305,0
13008,313440.891789603,4161336.66777187,0
13009,313440.972381055,4161336.6085685,0
13010,313441.052901932,4161336.54926893,0
13011,313441.13334914,4161336.48986915,0
13012,313441.213719587,4161336.43036515,0
13013,313441.294010046,4161336.37075275,0
13014,313441.374211833,4161336.31102076,0
13015,313441.454309047,4161336.25114875,0
13016,313441.534285293,4161336.19111563,0
13017,313441.614124175,4161336.13090035,0
13018,313441.693809296,4161336.0704818,0
13019,313441.773324262,4161336.00983894,0
13020,313441.852653516,4161335.94895193,0
13021,313441.931788214,4161335.88781114,0
13022,313442.010722726,4161335.82641175,0
13023,313442.089451441,4161335.764749,0
13024,313442.167968752,4161335.70281811,0
13025,313442.246269046,4161335.64061432,0
13026,313442.32434684,4161335.578133,0
13027,313442.402208662,4161335.5153838,0
13028,313442.479882921,4161335.45240232,0
13029,313442.557400345,4161335.38922692,0
13030,313442.634791661,4161335.32589597,0
13031,313442.712087598,4161335.26244783,0
13032,313442.789318885,4161335.19892087,0
13033,313442.8665153,4161335.13535225,0
13034,313442.943691932,4161335.07176061,0
13035,313443.020852305,4161335.00815003,0
13036,313443.097999627,4161334.94452417,0
13037,313443.175137109,4161334.8808867,0
13038,313443.252267961,4161334.81724129,0
13039,313443.329395394,4161334.75359161,0
13040,313443.406523047,4161334.68994192,0
13041,313443.483655801,4161334.62629818,0
13042,313443.560798754,4161334.56266664,0
13043,313443.637957009,4161334.49905357,0
13044,313443.715135663,4161334.43546522,0
13045,313443.792339819,4161334.37190785,0
13046,313443.869574077,4161334.30838711,0
13047,313443.946839237,4161334.24490401,0
13048,313444.024134343,4161334.18145739,0
13049,313444.101458432,4161334.11804611,0
13050,313444.178810541,4161334.05466902,0
13051,313444.256189704,4161333.99132496,0
13052,313444.333594963,4161333.92801279,0
13053,313444.411025681,4161333.86473175,0
13054,313444.488481722,4161333.80148171,0
13055,313444.565962996,4161333.73826257,0
13056,313444.643469412,4161333.67507426,0
13057,313444.721000878,4161333.6119167,0
13058,313444.798557305,4161333.54878979,0
13059,313444.876138574,4161333.48569343,0
13060,313444.95374343,4161333.42262608,0
13061,313445.03136908,4161333.35958432,0
13062,313445.109012623,4161333.29656461,0
13063,313445.18667116,4161333.23356338,0
13064,313445.264341788,4161333.17057707,0
13065,313445.342021608,4161333.10760213,0
13066,313445.419708087,4161333.04463546,0
13067,313445.49740282,4161332.981679,0
13068,313445.575109997,4161332.91873792,0
13069,313445.652833848,4161332.85581739,0
13070,313445.730578602,4161332.79292261,0
13071,313445.80834849,4161332.73005876,0
13072,313445.886147742,4161332.66723105,0
13073,313445.963977689,4161332.6044411,0
13074,313446.041824095,4161332.54167141,0
13075,313446.11966751,4161332.47889809,0
13076,313446.197488486,4161332.41609724,0
13077,313446.275267571,4161332.35324495,0
13078,313446.352985315,4161332.29031732,0
13079,313446.430622267,4161332.22729046,0
13080,313446.50816234,4161332.1641446,0
13081,313446.585608511,4161332.10088341,0
13082,313446.662970469,4161332.03751883,0
13083,313446.740257909,4161331.9740628,0
13084,313446.817480527,4161331.91052725,0
13085,313446.894648018,4161331.84692412,0
13086,313446.971770077,4161331.78326536,0
13087,313447.048857236,4161331.71956393,0
13088,313447.125931213,4161331.65584648,0
13089,313447.203021721,4161331.59214945,0
13090,313447.280158644,4161331.52850949,0
13091,313447.357371868,4161331.46496326,0
13092,313447.434691278,4161331.40154739,0
13093,313447.512146759,4161331.33829855,0
13094,313447.589766952,4161331.27525187,0
13095,313447.667558124,4161331.2124154,0
13096,313447.745507163,4161331.14977368,0
13097,313447.823600317,4161331.08731051,0
13098,313447.901823837,4161331.02500966,0
13099,313447.98016397,4161330.96285492,0
13100,313448.058606965,4161330.90083007,0
13101,313448.137139323,4161330.83891918,0
13102,313448.215751787,4161330.77711102,0
13103,313448.294438613,4161330.71539826,0
13104,313448.373194161,4161330.65377371,0
13105,313448.452012795,4161330.59223015,0
13106,313448.530888875,4161330.53076037,0
13107,313448.609816765,4161330.46935718,0
13108,313448.688790822,4161330.40801336,0
13109,313448.767805203,4161330.34672142,0
13110,313448.846853807,4161330.28547352,0
13111,313448.925930512,4161330.2242618,0
13112,313449.005029199,4161330.16307838,0
13113,313449.084143747,4161330.10191539,0
13114,313449.163268036,4161330.04076498,0
13115,313449.242395945,4161329.97961926,0
13116,313449.321521876,4161329.91847105,0
13117,313449.400644077,4161329.85731807,0
13118,313449.479762512,4161329.79616028,0
13119,313449.558877155,4161329.73499761,0
13120,313449.637987981,4161329.67383004,0
13121,313449.717094963,4161329.61265751,0
13122,313449.796198076,4161329.55147997,0
13123,313449.875297281,4161329.49029736,0
13124,313449.954392135,4161329.42910911,0
13125,313450.033481671,4161329.36791397,0
13126,313450.112564889,4161329.30671066,0
13127,313450.191640786,4161329.24549788,0
13128,313450.270708362,4161329.18427435,0
13129,313450.349766617,4161329.12303879,0
13130,313450.428814548,4161329.0617899,0
13131,313450.507851199,4161329.00052646,0
13132,313450.586875801,4161328.93924747,0
13133,313450.665887643,4161328.87795205,0
13134,313450.74488601,4161328.81663925,0
13135,313450.82387019,4161328.75530818,0
13136,313450.902839538,4161328.69395801,0
13137,313450.981793775,4161328.6325884,0
13138,313451.06073274,4161328.57119914,0
13139,313451.13965627,4161328.50979004,0
13140,313451.218564202,4161328.44836089,0
13141,313451.297456459,4161328.38691162,0
13142,313451.376333716,4161328.3254431,0
13143,313451.455197042,4161328.26395671,0
13144,313451.534047509,4161328.20245382,0
13145,313451.612886192,4161328.14093583,0
13146,313451.691714187,4161328.07940415,0
13147,313451.770532944,4161328.01786064,0
13148,313451.849344176,4161327.95630749,0
13149,313451.928149602,4161327.89474691,0
13150,313452.006950941,4161327.8331811,0
13151,313452.085749876,4161327.77161221,0
13152,313452.164547136,4161327.71004118,0
13153,313452.243342376,4161327.64846756,0
13154,313452.322135192,4161327.58689084,0
13155,313452.400925184,4161327.52531052,0
13156,313452.479711951,4161327.46372606,0
13157,313452.558495413,4161327.40213738,0
13158,313452.637276103,4161327.34054515,0
13159,313452.716054626,4161327.27895015,0
13160,313452.794831586,4161327.21735314,0
13161,313452.873607589,4161327.15575491,0
13162,313452.952383036,4161327.09415597,0
13163,313453.031157227,4161327.03255542,0
13164,313453.109929083,4161326.97095188,0
13165,313453.188697527,4161326.90934398,0
13166,313453.267461483,4161326.84773035,0
13167,313453.346219871,4161326.78610961,0
13168,313453.424971616,4161326.72448037,0
13169,313453.503715639,4161326.66284128,0
13170,313453.582451041,4161326.60119117,0
13171,313453.661178748,4161326.53953124,0
13172,313453.739900754,4161326.47786402,0
13173,313453.818619065,4161326.41619209,0
13174,313453.89733569,4161326.354518,0
13175,313453.976052636,4161326.29284432,0
13176,313454.05477191,4161326.23117361,0
13177,313454.13349552,4161326.16950843,0
13178,313454.212225033,4161326.1078508,0
13179,313454.290960165,4161326.04620034,0
13180,313454.369700146,4161325.98455607,0
13181,313454.448444205,4161325.92291702,0
13182,313454.527191572,4161325.86128219,0
13183,313454.605941479,4161325.7996506,0
13184,313454.684693413,4161325.73802161,0
13185,313454.763447268,4161325.67639507,0
13186,313454.842202977,4161325.6147709,0
13187,313454.920960471,4161325.55314902,0
13188,313454.999719683,4161325.49152932,0
13189,313455.078480544,4161325.42991174,0
13190,313455.157242987,4161325.36829617,0
13191,313455.236006924,4161325.30668251,0
13192,313455.314771475,4161325.24506964,0
13193,313455.393534719,4161325.18345509,0
13194,313455.472294659,4161325.12183633,0
13195,313455.551049303,4161325.0602108,0
13196,313455.629796655,4161324.99857596,0
13197,313455.70853534,4161324.93693005,0
13198,313455.787266029,4161324.87527394,0
13199,313455.865989818,4161324.813609,0
13200,313455.944707802,4161324.75193666,0
13201,313456.023421078,4161324.6902583,0
13202,313456.102130741,4161324.62857532,0
13203,313456.180837886,4161324.56688913,0
13204,313456.25954361,4161324.50520112,0
13205,313456.338249008,4161324.44351269,0
13206,313456.416955176,4161324.38182524,0
13207,313456.49566332,4161324.32014031,0
13208,313456.574375509,4161324.25846054,0
13209,313456.653094212,4161324.1967891,0
13210,313456.731821903,4161324.13512914,0
13211,313456.810561053,4161324.07348382,0
13212,313456.889314125,4161324.01185629,0
13213,313456.96808156,4161323.95024712,0
13214,313457.046859449,4161323.88865131,0
13215,313457.125643318,4161323.82706314,0
13216,313457.204428691,4161323.76547689,0
13217,313457.283211093,4161323.70388684,0
13218,313457.36198643,4161323.64228776,0
13219,313457.440754169,4161323.58067897,0
13220,313457.519515725,4161323.51906227,0
13221,313457.598272532,4161323.45743951,0
13222,313457.677026023,4161323.3958125,0
13223,313457.755777633,4161323.33418309,0
13224,313457.834528757,4161323.27255306,0
13225,313457.913280595,4161323.21092394,0
13226,313457.992034283,4161323.14929719,0
13227,313458.070790958,4161323.08767425,0
13228,313458.149551755,4161323.02605659,0
13229,313458.228317807,4161322.96444564,0
13230,313458.307089561,4161322.90284198,0
13231,313458.385866105,4161322.84124445,0
13232,313458.464646364,4161322.77965167,0
13233,313458.543429264,4161322.71806226,0
13234,313458.62221373,4161322.65647486,0
13235,313458.700998719,4161322.59488812,0
13236,313458.779783814,4161322.53330153,0
13237,313458.858569193,4161322.4717153,0
13238,313458.937355057,4161322.41012968,0
13239,313459.016141607,4161322.34854495,0
13240,313459.094929043,4161322.28696135,0
13241,313459.173717542,4161322.22537911,0
13242,313459.252507049,4161322.16379816,0
13243,313459.331297366,4161322.10221824,0
13244,313459.410088295,4161322.04063911,0
13245,313459.488879637,4161321.97906051,0
13246,313459.567671193,4161321.91748218,0
13247,313459.64646284,4161321.85590396,0
13248,313459.725254658,4161321.79432597,0
13249,313459.804046758,4161321.73274833,0
13250,313459.882839255,4161321.67117121,0
13251,313459.96163226,4161321.60959473,0
13252,313460.040425886,4161321.54801905,0
13253,313460.119220246,4161321.48644431,0
13254,313460.198015452,4161321.42487065,0
13255,313460.276811604,4161321.3632982,0
13256,313460.355608624,4161321.30172686,0
13257,313460.434406309,4161321.24015638,0
13258,313460.513204456,4161321.17858648,0
13259,313460.592002861,4161321.11701692,0
13260,313460.67080132,4161321.05544742,0
13261,313460.749599634,4161320.99387774,0
13262,313460.828397731,4161320.93230778,0
13263,313460.907195653,4161320.8707376,0
13264,313460.985993444,4161320.80916724,0
13265,313461.064791149,4161320.74759678,0
13266,313461.143588813,4161320.68602627,0
13267,313461.22238648,4161320.62445576,0
13268,313461.301184197,4161320.56288531,0
13269,313461.379982006,4161320.50131499,0
13270,313461.458779904,4161320.43974477,0
13271,313461.537577516,4161320.37817419,0
13272,313461.61637431,4161320.31660256,0
13273,313461.695169754,4161320.25502921,0
13274,313461.773963314,4161320.19345344,0
13275,313461.852754456,4161320.13187458,0
13276,313461.931542697,4161320.07029201,0
13277,313462.010328424,4161320.00870622,0
13278,313462.08911277,4161319.94711867,0
13279,313462.167896895,4161319.88553083,0
13280,313462.246681957,4161319.82394419,0
13281,313462.325469115,4161319.76236024,0
13282,313462.404259314,4161319.70078017,0
13283,313462.483051946,4161319.63920322,0
13284,313462.561845713,4161319.57762772,0
13285,313462.640639315,4161319.51605201,0
13286,313462.719431453,4161319.45447442,0
13287,313462.798220828,4161319.3928933,0
13288,313462.877006686,4161319.33130768,0
13289,313462.955789602,4161319.2697183,0
13290,313463.034570355,4161319.20812615,0
13291,313463.11334972,4161319.14653222,0
13292,313463.192128474,4161319.08493751,0
13293,313463.270907388,4161319.02334301,0
13294,313463.349686931,4161318.96174931,0
13295,313463.428467131,4161318.90015646,0
13296,313463.507247983,4161318.83856443,0
13297,313463.58602948,4161318.77697323,0
13298,313463.664811617,4161318.71538285,0
13299,313463.743594383,4161318.65379328,0
13300,313463.822377675,4161318.59220438,0
13301,313463.901161289,4161318.53061589,0
13302,313463.979945013,4161318.46902754,0
13303,313464.058728639,4161318.40743906,0
13304,313464.137511956,4161318.34585019,0
13305,313464.216294808,4161318.28426073,0
13306,313464.295077101,4161318.22267055,0
13307,313464.373858747,4161318.16107954,0
13308,313464.452639656,4161318.09948759,0
13309,313464.53141974,4161318.03789458,0
13310,313464.610198912,4161317.97630041,0
13311,313464.688977196,4161317.9147051,0
13312,313464.767754791,4161317.85310891,0
13313,313464.84653191,4161317.79151211,0
13314,313464.925308766,4161317.72991498,0
13315,313465.004085571,4161317.66831778,0
13316,313465.082862532,4161317.60672078,0
13317,313465.161639745,4161317.5451241,0
13318,313465.240417224,4161317.48352776,0
13319,313465.319194977,4161317.42193178,0
13320,313465.397973014,4161317.36033615,0
13321,313465.476751353,4161317.29874091,0
13322,313465.555530128,4161317.23714623,0
13323,313465.634309571,4161317.17555241,0
13324,313465.713089918,4161317.11395974,0
13325,313465.791871402,4161317.05236852,0
13326,313465.870654259,4161316.99077907,0
13327,313465.949438682,4161316.92919161,0
13328,313466.028224436,4161316.86760586,0
13329,313466.10701104,4161316.80602119,0
13330,313466.185798007,4161316.74443699,0
13331,313466.264584852,4161316.68285263,0
13332,313466.343371089,4161316.6212675,0
13333,313466.422156535,4161316.55968135,0
13334,313466.500941848,4161316.49809503,0
13335,313466.579727827,4161316.43650957,0
13336,313466.658515275,4161316.37492598,0
13337,313466.73730499,4161316.3133453,0
13338,313466.816097486,4161316.25176817,0
13339,313466.894892206,4161316.19019389,0
13340,313466.973688344,4161316.12862142,0
13341,313467.052485095,4161316.06704974,0
13342,313467.131281656,4161316.00547782,0
13343,313467.210077229,4161315.94390463,0
13344,313467.288871494,4161315.88232976,0
13345,313467.367664872,4161315.82075376,0
13346,313467.446457852,4161315.75917725,0
13347,313467.525250921,4161315.69760086,0
13348,313467.604044566,4161315.6360252,0
13349,313467.682839276,4161315.57445091,0
13350,313467.761635536,4161315.5128786,0
13351,313467.84043382,4161315.45130888,0
13352,313467.919234032,4161315.38974163,0
13353,313467.998035382,4161315.32817583,0
13354,313468.076837038,4161315.26661043,0
13355,313468.155638167,4161315.20504435,0
13356,313468.234437947,4161315.14347654,0
13357,313468.313236014,4161315.08190655,0
13358,313468.392032635,4161315.0203347,0
13359,313468.470828123,4161314.9587614,0
13360,313468.549622791,4161314.89718705,0
13361,313468.628416953,4161314.83561205,0
13362,313468.707210915,4161314.7740368,0
13363,313468.786004968,4161314.71246167,0
13364,313468.864799392,4161314.65088701,0
13365,313468.943594469,4161314.58931319,0
13366,313469.022390482,4161314.52774056,0
13367,313469.101187713,4161314.46616949,0
13368,313469.179986443,4161314.40460034,0
13369,313469.258786954,4161314.34303347,0
13370,313469.337589254,4161314.28146889,0
13371,313469.416392598,4161314.21990564,0
13372,313469.495196117,4161314.15834262,0
13373,313469.573998937,4161314.09677871,0
13374,313469.652800189,4161314.03521279,0
13375,313469.731599129,4161313.97364392,0
13376,313469.810395907,4161313.91207228,0
13377,313469.88919105,4161313.85049855,0
13378,313469.967985088,4161313.7889234,0
13379,313470.046778548,4161313.72734751,0
13380,313470.125571959,4161313.66577155,0
13381,313470.20436585,4161313.60419619,0
13382,313470.283160743,4161313.54262211,0
13383,313470.361956638,4161313.4810493,0
13384,313470.44075262,4161313.4194766,0
13385,313470.519547683,4161313.35790273,0
13386,313470.598340822,4161313.29632642,0
13387,313470.677131031,4161313.23474637,0
13388,313470.755917302,4161313.1731613,0
13389,313470.834698631,4161313.11156995,0
13390,313470.913474432,4161313.04997157,0
13391,313470.992246716,4161312.9883687,0
13392,313471.071018477,4161312.92676517,0
13393,313471.149792714,4161312.86516478,0
13394,313471.228572424,4161312.80357134,0
13395,313471.307360605,4161312.74198868,0
13396,313471.386160253,4161312.68042061,0
13397,313471.464974368,4161312.61887093,0
13398,313471.543805641,4161312.55734308,0
13399,313471.622648701,4161312.49583021,0
13400,313471.701489472,4161312.43431443,0
13401,313471.780313448,4161312.37277727,0
13402,313471.859106123,4161312.31120028,0
13403,313471.937852991,4161312.249565,0
13404,313472.016539545,4161312.18785297,0
13405,313472.095151645,4161312.12604622,0
13406,313472.173685574,4161312.06414004,0
13407,313472.25214927,4161312.00214462,0
13408,313472.330551287,4161311.94007091,0
13409,313472.408900179,4161311.87792989,0
13410,313472.4872045,4161311.81573251,0
13411,313472.565472804,4161311.75348975,0
13412,313472.643713645,4161311.69121256,0
13413,313472.721935792,4161311.62891214,0
13414,313472.800149214,4161311.56660101,0
13415,313472.878364302,4161311.50429215,0
13416,313472.956591446,4161311.44199852,0
13417,313473.034841035,4161311.37973312,0
13418,313473.113123461,4161311.31750891,0
13419,313473.191449112,4161311.25533887,0
13420,313473.269827856,4161311.19323535,0
13421,313473.348265555,4161311.13120596,0
13422,313473.426766222,4161311.06925609,0
13423,313473.505333861,4161311.00739115,0
13424,313473.583972477,4161310.94561652,0
13425,313473.662686074,4161310.8839376,0
13426,313473.741478655,4161310.82235978,0
13427,313473.820354226,4161310.76088846,0
13428,313473.899316788,4161310.69952903,0
13429,313473.978370315,4161310.63828683,0
13430,313474.057517394,4161310.57716552,0
13431,313474.136758748,4161310.51616641,0
13432,313474.216094972,4161310.45529068,0
13433,313474.295526657,4161310.39453949,0
13434,313474.375054399,4161310.33391401,0
13435,313474.454678788,4161310.2734154,0
13436,313474.534400437,4161310.21304486,0
13437,313474.614220919,4161310.15280493,0
13438,313474.694143248,4161310.09270022,0
13439,313474.774170562,4161310.03273548,0
13440,313474.854305994,4161309.97291547,0
13441,313474.93455268,4161309.91324496,0
13442,313475.014913754,4161309.85372871,0
13443,313475.095392276,4161309.79437138,0
13444,313475.175989601,4161309.73517539,0
13445,313475.256705435,4161309.67614099,0
13446,313475.337539415,4161309.61726835,0
13447,313475.418491177,4161309.55855762,0
13448,313475.499560356,4161309.50000896,0
13449,313475.580746602,4161309.44162255,0
13450,313475.662050719,4161309.38340026,0
13451,313475.743475562,4161309.32534698,0
13452,313475.825024198,4161309.2674679,0
13453,313475.906699694,4161309.20976821,0
13454,313475.988505118,4161309.1522531,0
13455,313476.070443537,4161309.09492777,0
13456,313476.152516847,4161309.03779573,0
13457,313476.234722509,4161308.98085413,0
13458,313476.317056932,4161308.92409862,0
13459,313476.399516526,4161308.86752484,0
13460,313476.482097699,4161308.81112844,0
13461,313476.564796861,4161308.75490506,0
13462,313476.647610588,4161308.69885059,0
13463,313476.730538567,4161308.64296548,0
13464,313476.813583261,4161308.58725424,0
13465,313476.896747229,4161308.53172153,0
13466,313476.980033031,4161308.47637202,0
13467,313477.063443224,4161308.42121034,0
13468,313477.146980134,4161308.36624081,0
13469,313477.2306429,4161308.31146291,0
13470,313477.314428364,4161308.25687262,0
13471,313477.398333317,4161308.20246586,0
13472,313477.48235455,4161308.14823856,0
13473,313477.566488854,4161308.09418662,0
13474,313477.650733611,4161308.04030689,0
13475,313477.735090877,4161307.98660361,0
13476,313477.819564927,4161307.93308452,0
13477,313477.904160053,4161307.87975738,0
13478,313477.988880545,4161307.82662996,0
13479,313478.073730695,4161307.77371,0
13480,313478.158713133,4161307.72100265,0
13481,313478.243825233,4161307.66850466,0
13482,313478.329063327,4161307.61621113,0
13483,313478.414423745,4161307.56411717,0
13484,313478.49990282,4161307.51221789,0
13485,313478.585496897,4161307.46050841,0
13486,313478.671204549,4161307.40898756,0
13487,313478.757029056,4161307.35766193,0
13488,313478.84297429,4161307.30653912,0
13489,313478.929044125,4161307.25562671,0
13490,313479.015242435,4161307.20493231,0
13491,313479.101572491,4161307.1544625,0
13492,313479.18803401,4161307.10421799,0
13493,313479.274625415,4161307.05419737,0
13494,313479.361345123,4161307.00439919,0
13495,313479.448191557,4161306.95482203,0
13496,313479.535163412,4161306.90546497,0
13497,313479.622262448,4161306.85633271,0
13498,313479.709492311,4161306.8074334,0
13499,313479.796856673,4161306.75877527,0
13500,313479.88435921,4161306.71036652,0
13501,313479.972003442,4161306.66221508,0
13502,313480.059789183,4161306.61432206,0
13503,313480.147712433,4161306.56668152,0
13504,313480.235769018,4161306.51928723,0
13505,313480.323954766,4161306.47213293,0
13506,313480.412265523,4161306.42521242,0
13507,313480.5007,4161306.37852505,0
13508,313480.589262716,4161306.33208146,0
13509,313480.677958888,4161306.28589367,0
13510,313480.766793735,4161306.23997368,0
13511,313480.855772477,4161306.1943335,0
13512,313480.944900332,4161306.14898512,0
13513,313481.034181818,4161306.10393926,0
13514,313481.123616535,4161306.05919744,0
13515,313481.21320198,4161306.0147573,0
13516,313481.30293564,4161305.97061644,0
13517,313481.392815005,4161305.92677245,0
13518,313481.482837562,4161305.88322296,0
13519,313481.5730008,4161305.83996555,0
13520,313481.663302209,4161305.79699785,0
13521,313481.753739578,4161305.75431785,0
13522,313481.844311395,4161305.71192451,0
13523,313481.935016246,4161305.66981691,0
13524,313482.025852714,4161305.62799411,0
13525,313482.116819385,4161305.58645519,0
13526,313482.207914844,4161305.54519924,0
13527,313482.299137677,4161305.50422533,0
13528,313482.390486895,4161305.46353356,0
13529,313482.481965638,4161305.42313409,0
13530,313482.573579361,4161305.38304267,0
13531,313482.665333544,4161305.34327514,0
13532,313482.757233668,4161305.30384732,0
13533,313482.849285213,4161305.26477503,0
13534,313482.941492109,4161305.22607059,0
13535,313483.033853325,4161305.187735,0
13536,313483.126366838,4161305.14976704,0
13537,313483.219030626,4161305.11216548,0
13538,313483.311842667,4161305.07492908,0
13539,313483.404801728,4161305.03805882,0
13540,313483.497916664,4161305.00158385,0
13541,313483.591203297,4161304.96555277,0
13542,313483.684677583,4161304.93001459,0
13543,313483.778355483,4161304.89501829,0
13544,313483.872252138,4161304.86061085,0
13545,313483.966369718,4161304.82680721,0
13546,313484.060699996,4161304.79359666,0
13547,313484.155234451,4161304.76096773,0
13548,313484.249964566,4161304.72890898,0
13549,313484.34488182,4161304.69740897,0
13550,313484.439977695,4161304.66645623,0
13551,313484.535243698,4161304.636037,0
13552,313484.630671396,4161304.60613244,0
13553,313484.726252361,4161304.57672298,0
13554,313484.821978169,4161304.5477891,0
13555,313484.917840393,4161304.51931124,0
13556,313485.013830635,4161304.4912699,0
13557,313485.109941452,4161304.46364673,0
13558,313485.206166578,4161304.43642484,0
13559,313485.302499821,4161304.40958744,0
13560,313485.398934987,4161304.38311772,0
13561,313485.495465886,4161304.35699888,0
13562,313485.592091972,4161304.3312356,0
13563,313485.688829982,4161304.30589829,0
13564,313485.785699955,4161304.28106991,0
13565,313485.882721928,4161304.25683341,0
13566,313485.979915939,4161304.23327175,0
13567,313486.077300967,4161304.21046979,0
13568,313486.174887786,4161304.18852718,0
13569,313486.272683342,4161304.16755045,0
13570,313486.37069456,4161304.14764618,0
13571,313486.468928364,4161304.12892093,0
13572,313486.567391204,4161304.11147827,0
13573,313486.666075649,4161304.09533302,0
13574,313486.764958498,4161304.08039925,0
13575,313486.864015696,4161304.06658554,0
13576,313486.963223186,4161304.05380049,0
13577,313487.062556912,4161304.04195271,0
13578,313487.161994063,4161304.03096193,0
13579,313487.261522519,4161304.02084384,0
13580,313487.361135615,4161304.01166305,0
13581,313487.46082673,4161304.00348458,0
13582,313487.560589241,4161303.99637343,0
13583,313487.660416527,4161303.99039461,0
13584,313487.760301967,4161303.98561312,0
13585,313487.860238517,4161303.98208232,0
13586,313487.960215411,4161303.97975295,0
13587,313488.060219951,4161303.97852247,0
13588,313488.160239423,4161303.97828786,0
13589,313488.260261111,4161303.97894612,0
13590,313488.360272301,4161303.98039424,0
13591,313488.460261161,4161303.98252688,0
13592,313488.560227187,4161303.98520862,0
13593,313488.660177739,4161303.98828319,0
13594,313488.760120334,4161303.99159392,0
13595,313488.860062488,4161303.9949841,0
13596,313488.960011411,4161303.99829989,0
13597,313489.059969746,4161304.00142917,0
13598,313489.159936647,4161304.00429175,0
13599,313489.25991118,4161304.00680825,0
13600,313489.359892412,4161304.0088993,0
13601,313489.459879408,4161304.01048551,0
13602,313489.559871233,4161304.01148752,0
13603,313489.659866897,4161304.01183805,0
13604,313489.759864895,4161304.01157589,0
13605,313489.859863462,4161304.01079474,0
13606,313489.959860826,4161304.00958871,0
13607,313490.05985522,4161304.00805196,0
13608,313490.159844886,4161304.00627864,0
13609,313490.259829433,4161304.00436456,0
13610,313490.359811057,4161304.00240875,0
13611,313490.459792242,4161304.00051056,0
13612,313490.559775471,4161303.99876934,0
13613,313490.65976323,4161303.99728447,0
13614,313490.759757704,4161303.99615219,0
13615,313490.859757963,4161303.99543602,0
13616,313490.959761215,4161303.99517998,0
13617,313491.059764642,4161303.99542782,0
13618,313491.159765428,4161303.99622329,0
13619,313491.259760754,4161303.99761012,0
13620,313491.359747418,4161303.99962673,0
13621,313491.459720339,4161304.00228562,0
13622,313491.559673867,4161304.00559136,0
13623,313491.659602351,4161304.00954857,0
13624,313491.75950014,4161304.01416182,0
13625,313491.859361582,4161304.01943572,0
13626,313491.959182689,4161304.02536465,0
13627,313492.058964972,4161304.03190917,0
13628,313492.158711085,4161304.03902285,0
13629,313492.258423678,4161304.04665924,0
13630,313492.358105404,4161304.0547719,0
13631,313492.457758858,4161304.06331481,0
13632,313492.557379427,4161304.07229259,0
13633,313492.656948382,4161304.08180918,0
13634,313492.756445353,4161304.09198002,0
13635,313492.855849971,4161304.10292055,0
13636,313492.955141867,4161304.11474623,0
13637,313493.054300684,4161304.12757241,0
13638,313493.153315096,4161304.14145387,0
13639,313493.252198647,4161304.15627848,0
13640,313493.350969126,4161304.17190565,0
13641,313493.449644322,4161304.18819476,0
13642,313493.548242024,4161304.20500523,0
13643,313493.64678002,4161304.22219644,0
13644,313493.745276099,4161304.2396278,0
13645,313493.843747588,4161304.25716322,0
13646,313493.942205416,4161304.27472914,0
13647,313494.040655839,4161304.29229771,0
13648,313494.139105004,4161304.30984208,0
13649,313494.237559061,4161304.32733544,0
13650,313494.336024159,4161304.34475094,0
13651,313494.434506445,4161304.36206176,0
13652,313494.533012069,4161304.37924108,0
13653,313494.631547054,4161304.39626252,0
13654,313494.730114433,4161304.41311071,0
13655,313494.828714179,4161304.42978152,0
13656,313494.927346128,4161304.44627135,0
13657,313495.026010113,4161304.46257658,0
13658,313495.124705971,4161304.47869359,0
13659,313495.223433536,4161304.49461877,0
13660,313495.322192909,4161304.51034663,0
13661,313495.420985793,4161304.52586038,0
13662,313495.519814494,4161304.54113898,0
13663,313495.618681318,4161304.55616138,0
13664,313495.717588572,4161304.57090655,0
13665,313495.81653856,4161304.58535345,0
13666,313495.915533583,4161304.59948108,0
13667,313496.014572813,4161304.61329241,0
13668,313496.113647259,4161304.62685293,0
13669,313496.21274662,4161304.64023817,0
13670,313496.311860593,4161304.65352367,0
13671,313496.410978875,4161304.66678497,0
13672,313496.510091165,4161304.68009761,0
13673,313496.609187168,4161304.69353705,0
13674,313496.708258216,4161304.70716429,0
13675,313496.807299136,4161304.72100926,0
13676,313496.906305207,4161304.73509787,0
13677,313497.005271708,4161304.749456,0
13678,313497.104193916,4161304.76410958,0
13679,313497.203067112,4161304.77908449,0
13680,313497.301886574,4161304.79440665,0
13681,313497.400647589,4161304.81010187,0
13682,313497.499346192,4161304.82618866,0
13683,313497.59797973,4161304.84267272,0
13684,313497.69654568,4161304.85955845,0
13685,313497.795041523,4161304.87685026,0
13686,313497.893464732,4161304.89455254,0
13687,313497.991812231,4161304.91267185,0
13688,313498.090079845,4161304.93121893,0
13689,313498.188263269,4161304.95020504,0
13690,313498.286358197,4161304.96964145,0
13691,313498.384360321,4161304.98953941,0
13692,313498.482266261,4161305.00990571,0
13693,313498.580076526,4161305.03072828,0
13694,313498.677792649,4161305.05199011,0
13695,313498.775416161,4161305.07367419,0
13696,313498.872948595,4161305.0957635,0
13697,313498.970391497,4161305.11824109,0
13698,313499.06774676,4161305.14109183,0
13699,313499.165016651,4161305.16430251,0
13700,313499.262203455,4161305.18786005,0
13701,313499.359309456,4161305.21175134,0
13702,313499.456336939,4161305.23596328,0
13703,313499.553286086,4161305.26049037,0
13704,313499.650145983,4161305.28536718,0
13705,313499.746902071,4161305.31064146,0
13706,313499.84353979,4161305.33636095,0
13707,313499.940044579,4161305.36257339,0
13708,313500.036402053,4161305.38932575,0
13709,313500.13260319,4161305.41664087,0
13710,313500.228645137,4161305.44451385,0
13711,313500.324525386,4161305.47293827,0
13712,313500.420241425,4161305.50190768,0
13713,313500.51579075,4161305.53141565,0
13714,313500.611180229,4161305.5614291,0
13715,313500.706447565,4161305.59182742,0
13716,313500.801636783,4161305.62247205,0
13717,313500.896791909,4161305.65322442,0
13718,313500.991956971,4161305.68394596,0
13719,313501.087175787,4161305.71449874,0
13720,313501.182473802,4161305.74480242,0
13721,313501.277843824,4161305.77487896,0
13722,313501.373275308,4161305.8047608,0
13723,313501.468757706,4161305.8344804,0
13724,313501.564280473,4161305.8640702,0
13725,313501.659833181,4161305.89356232,0
13726,313501.755407876,4161305.92298192,0
13727,313501.850998947,4161305.95234755,0
13728,313501.946600875,4161305.98167749,0
13729,313502.042208142,4161306.01099004,0
13730,313502.137815229,4161306.04030347,0
13731,313502.233416445,4161306.06963658,0
13732,313502.329004637,4161306.09901242,0
13733,313502.42457191,4161306.12845615,0
13734,313502.520110363,4161306.15799299,0
13735,313502.615612098,4161306.18764814,0
13736,313502.711069215,4161306.21744679,0
13737,313502.806474958,4161306.24741017,0
13738,313502.901825784,4161306.27754833,0
13739,313502.997118716,4161306.30786937,0
13740,313503.092350772,4161306.33838138,0
13741,313503.187518974,4161306.36909245,0
13742,313503.282620341,4161306.40001068,0
13743,313503.377651417,4161306.43114534,0
13744,313503.472606487,4161306.46251124,0
13745,313503.567479174,4161306.49412484,0
13746,313503.662263098,4161306.52600258,0
13747,313503.756951883,4161306.55816091,0
13748,313503.851539162,4161306.59061624,0
13749,313503.94602084,4161306.6233782,0
13750,313504.040397812,4161306.65644152,0
13751,313504.13467163,4161306.68979895,0
13752,313504.22884385,4161306.72344325,0
13753,313504.322916026,4161306.75736717,0
13754,313504.416889712,4161306.79156347,0
13755,313504.51076552,4161306.82602748,0
13756,313504.604540008,4161306.86076552,0
13757,313504.69820865,4161306.89578688,0
13758,313504.791766919,4161306.93110087,0
13759,313504.885210289,4161306.96671677,0
13760,313504.978534233,4161307.00264386,0
13761,313505.071735997,4161307.03888687,0
13762,313505.164818183,4161307.07543671,0
13763,313505.257784399,4161307.11228167,0
13764,313505.350638255,4161307.14941006,0
13765,313505.443383359,4161307.18681019,0
13766,313505.536023322,4161307.22447037,0
13767,313505.628561322,4161307.26237998,0
13768,313505.720996474,4161307.30053881,0
13769,313505.813325648,4161307.33895234,0
13770,313505.905545692,4161307.37762613,0
13771,313505.997653453,4161307.41656573,0
13772,313506.08964578,4161307.45577668,0
13773,313506.181520075,4161307.49526326,0
13774,313506.273277938,4161307.53502006,0
13775,313506.364922892,4161307.57503723,0
13776,313506.456458467,4161307.61530492,0
13777,313506.547888196,4161307.65581327,0
13778,313506.639215609,4161307.6965524,0
13779,313506.730444085,4161307.7375128,0
13780,313506.821573046,4161307.77869379,0
13781,313506.912597725,4161307.82010404,0
13782,313507.003513148,4161307.86175271,0
13783,313507.094314344,4161307.90364893,0
13784,313507.184996339,4161307.94580183,0
13785,313507.27555421,4161307.98822045,0
13786,313507.365986011,4161308.03090745,0
13787,313507.456294469,4161308.07385545,0
13788,313507.546482723,4161308.1170562,0
13789,313507.636553909,4161308.16050145,0
13790,313507.726511167,4161308.20418294,0
13791,313507.816357634,4161308.24809244,0
13792,313507.906095978,4161308.29222264,0
13793,313507.995724224,4161308.33657564,0
13794,313508.085237751,4161308.38115893,0
13795,313508.174631907,4161308.42598003,0
13796,313508.26390204,4161308.47104647,0
13797,313508.353043497,4161308.5163658,0
13798,313508.442051825,4161308.56194517,0
13799,313508.530929775,4161308.6077781,0
13800,313508.61968916,4161308.65384095,0
13801,313508.708342376,4161308.70010898,0
13802,313508.796901813,4161308.74655745,0
13803,313508.885379866,4161308.79316163,0
13804,313508.973788927,4161308.83989679,0
13805,313509.06213901,4161308.88674277,0
13806,313509.150427181,4161308.93370443,0
13807,313509.238646119,4161308.98079509,0
13808,313509.326788501,4161309.02802806,0
13809,313509.414847002,4161309.07541667,0
13810,313509.502814299,4161309.12297425,0
13811,313509.5906835,4161309.17071327,0
13812,313509.678452825,4161309.21863634,0
13813,313509.766123851,4161309.26673957,0
13814,313509.853698208,4161309.31501896,0
13815,313509.941177529,4161309.36347051,0
13816,313510.028563445,4161309.41209022,0
13817,313510.115857594,4161309.46087409,0
13818,313510.203062271,4161309.50981717,0
13819,313510.29018115,4161309.55891253,0
13820,313510.377218075,4161309.60815303,0
13821,313510.464176892,4161309.65753149,0
13822,313510.551061445,4161309.70704076,0
13823,313510.637875582,4161309.75667367,0
13824,313510.724621677,4161309.80642559,0
13825,313510.811297084,4161309.85630053,0
13826,313510.897898084,4161309.90630433,0
13827,313510.984420956,4161309.95644287,0
13828,313511.070861983,4161310.00672199,0
13829,313511.157217444,4161310.05714754,0
13830,313511.243484881,4161310.10772326,0
13831,313511.329674879,4161310.15843091,0
13832,313511.415805733,4161310.20923926,0
13833,313511.501895838,4161310.26011691,0
13834,313511.58796359,4161310.31103246,0
13835,313511.674027382,4161310.36195452,0
13836,313511.760104811,4161310.41285305,0
13837,313511.846195346,4161310.46372898,0
13838,313511.932280478,4161310.51461394,0
13839,313512.018340927,4161310.56554086,0
13840,313512.104357414,4161310.61654269,0
13841,313512.19031066,4161310.66765237,0
13842,313512.276180871,4161310.71890348,0
13843,313512.36194302,4161310.77033615,0
13844,313512.447569034,4161310.82199432,0
13845,313512.5330308,4161310.87392197,0
13846,313512.618300204,4161310.92616308,0
13847,313512.70334932,4161310.97876133,0
13848,313512.788164258,4161311.03173732,0
13849,313512.872754681,4161311.08507285,0
13850,313512.957132505,4161311.13874606,0
13851,313513.041309646,4161311.19273506,0
13852,313513.125298021,4161311.24701797,0
13853,313513.209108513,4161311.30157457,0
13854,313513.292739434,4161311.35640467,0
13855,313513.37618071,4161311.41152144,0
13856,313513.45942212,4161311.46693831,0
13857,313513.542453437,4161311.52266871,0
13858,313513.625264699,4161311.57872565,0
13859,313513.707852772,4161311.63511168,0
13860,313513.790221854,4161311.69181805,0
13861,313513.872376499,4161311.74883548,0
13862,313513.954321264,4161311.80615471,0
13863,313514.036060699,4161311.86376644,0
13864,313514.117598138,4161311.9216634,0
13865,313514.198934105,4161311.9798429,0
13866,313514.280068734,4161312.03830288,0
13867,313514.361002158,4161312.0970413,0
13868,313514.44173451,4161312.1560561,0
13869,313514.522265923,4161312.21534523,0
13870,313514.602596359,4161312.27490686,0
13871,313514.682718892,4161312.33474787,0
13872,313514.762617503,4161312.39488662,0
13873,313514.842275549,4161312.45534227,0
13874,313514.92167639,4161312.51613399,0
13875,313515.000803526,4161312.57728075,0
13876,313515.079650307,4161312.63878886,0
13877,313515.158226105,4161312.70064402,0
13878,313515.23654176,4161312.76283005,0
13879,313515.314608116,4161312.82533074,0
13880,313515.392436013,4161312.88812992,0
13881,313515.470036293,4161312.9512114,0
13882,313515.547417346,4161313.01456197,0
13883,313515.624571035,4161313.07818859,0
13884,313515.701482402,4161313.14210654,0
13885,313515.778136467,4161313.20633111,0
13886,313515.85451825,4161313.2708776,0
13887,313515.930612773,4161313.33576131,0
13888,313516.006405055,4161313.40099755,0
13889,313516.081883595,4161313.46659732,0
13890,313516.157050261,4161313.53255519,0
13891,313516.231910129,4161313.59886174,0
13892,313516.306468281,4161313.66550759,0
13893,313516.380729792,4161313.73248334,0
13894,313516.454700257,4161313.79977912,0
13895,313516.528392287,4161313.86737875,0
13896,313516.601823586,4161313.93526149,0
13897,313516.675011972,4161314.00340649,0
13898,313516.74797526,4161314.07179288,0
13899,313516.820731128,4161314.14039997,0
13900,313516.893291012,4161314.209214,0
13901,313516.965657707,4161314.2782308,0
13902,313517.037833378,4161314.34744692,0
13903,313517.109820187,4161314.41685887,0
13904,313517.181620296,4161314.48646322,0
13905,313517.253236094,4161314.55625639,0
13906,313517.324671375,4161314.6262341,0
13907,313517.395930479,4161314.69639185,0
13908,313517.467017748,4161314.76672508,0
13909,313517.537937522,4161314.83722929,0
13910,313517.608693011,4161314.90790098,0
13911,313517.67926188,4161314.97876041,0
13912,313517.749596546,4161315.04985126,0
13913,313517.819648352,4161315.12121823,0
13914,313517.889368639,4161315.19290602,0
13915,313517.958708748,4161315.26495931,0
13916,313518.027628807,4161315.33741436,0
13917,313518.096147077,4161315.41025157,0
13918,313518.164305431,4161315.48342865,0
13919,313518.23214581,4161315.55690324,0
13920,313518.299710156,4161315.630633,0
13921,313518.367040406,4161315.70457558,0
13922,313518.434176151,4161315.77869193,0
13923,313518.501150672,4161315.85295192,0
13924,313518.567996203,4161315.9273269,0
13925,313518.634744975,4161316.0017882,0
13926,313518.701429221,4161316.07630716,0
13927,313518.768080937,4161316.15085534,0
13928,313518.834725746,4161316.22540992,0
13929,313518.901382347,4161316.2999542,0
13930,313518.968069094,4161316.37447179,0
13931,313519.03480434,4161316.4489463,0
13932,313519.101606436,4161316.52336133,0
13933,313519.168493802,4161316.5977004,0
13934,313519.235485918,4161316.67194547,0
13935,313519.302603104,4161316.74607729,0
13936,313519.369865705,4161316.82007656,0
13937,313519.437294063,4161316.89392399,0
13938,313519.504908524,4161316.96760028,0
13939,313519.572725863,4161317.04108947,0
13940,313519.640728096,4161317.11440792,0
13941,313519.70887763,4161317.18759022,0
13942,313519.777136651,4161317.26067119,0
13943,313519.845467347,4161317.33368562,0
13944,313519.913831904,4161317.40666833,0
13945,313519.982194055,4161317.47965272,0
13946,313520.050532727,4161317.55265847,0
13947,313520.118835474,4161317.62569745,0
13948,313520.18708995,4161317.69878145,0
13949,313520.255283808,4161317.77192226,0
13950,313520.323404703,4161317.84513166,0
13951,313520.39143994,4161317.91842169,0
13952,313520.459372038,4161317.99180803,0
13953,313520.527180029,4161318.06530895,0
13954,313520.594842868,4161318.13894281,0
13955,313520.66233951,4161318.21272795,0
13956,313520.72964891,4161318.28668272,0
13957,313520.79675097,4161318.36082463,0
13958,313520.863642209,4161318.43515654,0
13959,313520.930333312,4161318.5096688,0
13960,313520.996835416,4161318.58435139,0
13961,313521.063159656,4161318.65919426,0
13962,313521.129317171,4161318.73418737,0
13963,313521.195318479,4161318.80932119,0
13964,313521.261146003,4161318.88460925,0
13965,313521.326743132,4161318.96009712,0
13966,313521.392050371,4161319.03583272,0
13967,313521.457008225,4161319.11186399,0
13968,313521.521557201,4161319.18823886,0
13969,313521.585637846,4161319.26500522,0
13970,313521.649215536,4161319.34218998,0
13971,313521.712322215,4161319.41976375,0
13972,313521.775000866,4161319.49768781,0
13973,313521.837294472,4161319.57592346,0
13974,313521.899246017,4161319.65443196,0
13975,313521.960898484,4161319.73317462,0
13976,313522.022293707,4161319.81211433,0
13977,313522.083467442,4161319.89122263,0
13978,313522.144453443,4161319.97047388,0
13979,313522.205285465,4161320.04984244,0
13980,313522.265997261,4161320.12930269,0
13981,313522.326622586,4161320.20882899,0
13982,313522.387194542,4161320.28839619,0
13983,313522.447734108,4161320.36798833,0
13984,313522.508251559,4161320.44759753,0
13985,313522.568756801,4161320.52721618,0
13986,313522.629259741,4161320.6068367,0
13987,313522.689770285,4161320.68645148,0
13988,313522.750298333,4161320.76605294,0
13989,313522.810851802,4161320.84563499,0
13990,313522.871433753,4161320.92519531,0
13991,313522.932046525,4161321.00473208,0
13992,313522.992692453,4161321.08424354,0
13993,313523.053373875,4161321.16372789,0
13994,313523.114093126,4161321.24318334,0
13995,313523.174852536,4161321.32260811,0
13996,313523.235653931,4161321.40200078,0
13997,313523.296498348,4161321.48136052,0
13998,313523.357386752,4161321.56068652,0
13999,313523.418320112,4161321.63997801,0
14000,313523.479299393,4161321.71923418,0
14001,313523.540325563,4161321.79845425,0
14002,313523.601399407,4161321.87763757,0
14003,313523.662520203,4161321.95678465,0
14004,313523.723686482,4161322.03589658,0
14005,313523.784896771,4161322.11497447,0
14006,313523.846149595,4161322.19401941,0
14007,313523.90744348,4161322.27303251,0
14008,313523.968776952,4161322.35201485,0
14009,313524.030147569,4161322.4309683,0
14010,313524.091550487,4161322.50989663,0
14011,313524.152980494,4161322.58880388,0
14012,313524.214432376,4161322.66769411,0
14013,313524.275900919,4161322.74657138,0
14014,313524.337380909,4161322.82543973,0
14015,313524.398867153,4161322.90430321,0
14016,313524.460356455,4161322.9831643,0
14017,313524.521849349,4161323.06202257,0
14018,313524.583346778,4161323.1408773,0
14019,313524.644849684,4161323.21972775,0
14020,313524.706359008,4161323.29857319,0
14021,313524.767875695,4161323.37741288,0
14022,313524.829400686,4161323.45624608,0
14023,313524.890934924,4161323.53507206,0
14024,313524.95247935,4161323.61389008,0
14025,313525.0140346,4161323.69269965,0
14026,313525.07559999,4161323.77150131,0
14027,313525.137174488,4161323.85029585,0
14028,313525.198757059,4161323.92908409,0
14029,313525.260346671,4161324.00786684,0
14030,313525.321942289,4161324.08664489,0
14031,313525.383542881,4161324.16541907,0
14032,313525.445146935,4161324.24419055,0
14033,313525.50675063,4161324.32296231,0
14034,313525.568349445,4161324.40173787,0
14035,313525.629938858,4161324.48052078,0
14036,313525.691514347,4161324.55931455,0
14037,313525.753071392,4161324.63812272,0
14038,313525.814605471,4161324.71694882,0
14039,313525.87611296,4161324.79579566,0
14040,313525.937597139,4161324.8746607,0
14041,313525.999064491,4161324.95353887,0
14042,313526.060521515,4161325.03242509,0
14043,313526.121974712,4161325.11131431,0
14044,313526.183430087,4161325.19020182,0
14045,313526.244889603,4161325.26908609,0
14046,313526.306353235,4161325.34796716,0
14047,313526.367820947,4161325.42684504,0
14048,313526.429292701,4161325.50571977,0
14049,313526.490768461,4161325.58459137,0
14050,313526.552248188,4161325.66345989,0
14051,313526.613731791,4161325.74232538,0
14052,313526.675218599,4161325.82118838,0
14053,313526.736707599,4161325.90004966,0
14054,313526.798197772,4161325.97891004,0
14055,313526.859688099,4161326.05777029,0
14056,313526.92117756,4161326.13663122,0
14057,313526.982665138,4161326.21549362,0
14058,313527.044149825,4161326.29435828,0
14059,313527.105631176,4161326.37322553,0
14060,313527.167109512,4161326.45209513,0
14061,313527.228585213,4161326.53096679,0
14062,313527.290058658,4161326.6098402,0
14063,313527.351530224,4161326.68871508,0
14064,313527.413000292,4161326.76759113,0
14065,313527.47446924,4161326.84646805,0
14066,313527.535937485,4161326.92534552,0
14067,313527.597405638,4161327.00422305,0
14068,313527.658874366,4161327.08310014,0
14069,313527.720344338,4161327.16197626,0
14070,313527.781816221,4161327.2408509,0
14071,313527.843290657,4161327.31972354,0
14072,313527.904767948,4161327.39859397,0
14073,313527.966248152,4161327.47746212,0
14074,313528.02773132,4161327.55632795,0
14075,313528.089217506,4161327.63519143,0
14076,313528.15070675,4161327.71405252,0
14077,313528.212198861,4161327.79291136,0
14078,313528.273693418,4161327.8717683,0
14079,313528.335189992,4161327.95062366,0
14080,313528.396688152,4161328.0294778,0
14081,313528.458187469,4161328.10833105,0
14082,313528.519687513,4161328.18718375,0
14083,313528.581187855,4161328.26603623,0
14084,313528.64268634,4161328.34489018,0
14085,313528.704171157,4161328.42375479,0
14086,313528.765627137,4161328.50264184,0
14087,313528.827039105,4161328.58156314,0
14088,313528.888391886,4161328.66053047,0
14089,313528.94967105,4161328.73955506,0
14090,313529.010870842,4161328.81864126,0
14091,313529.071991126,4161328.89778902,0
14092,313529.133031858,4161328.97699819,0
14093,313529.193992996,4161329.05626863,0
14094,313529.254874496,4161329.13560021,0
14095,313529.315676316,4161329.21499279,0
14096,313529.376398414,4161329.29444622,0
14097,313529.437044628,4161329.37395745,0
14098,313529.49763121,4161329.45351409,0
14099,313529.558176888,4161329.5331019,0
14100,313529.618700389,4161329.61270664,0
14101,313529.679220441,4161329.69231406,0
14102,313529.739754374,4161329.77191096,0
14103,313529.800312725,4161329.85148927,0
14104,313529.860903969,4161329.93104249,0
14105,313529.921536584,4161330.01056409,0
14106,313529.982219044,4161330.09004756,0
14107,313530.042959609,4161330.16948655,0
14108,313530.103763779,4161330.24887685,0
14109,313530.164635146,4161330.32821573,0
14110,313530.225577265,4161330.4075005,0
14111,313530.286593693,4161330.48672844,0
14112,313530.347688405,4161330.56589652,0
14113,313530.408879155,4161330.64499068,0
14114,313530.470200271,4161330.72398359,0
14115,313530.531687059,4161330.80284715,0
14116,313530.593374828,4161330.88155326,0
14117,313530.655298875,4161330.9600738,0
14118,313530.71748641,4161331.03838669,0
14119,313530.779941835,4161331.11648675,0
14120,313530.842665564,4161331.1943718,0
14121,313530.90565801,4161331.27203961,0
14122,313530.968919584,4161331.34948799,0
14123,313531.032449572,4161331.42671573,0
14124,313531.09623447,4161331.50373275,0
14125,313531.160252694,4161331.58055607,0
14126,313531.224482532,4161331.65720279,0
14127,313531.288902269,4161331.73369002,0
14128,313531.35349025,4161331.81003484,0
14129,313531.418226469,4161331.8862535,0
14130,313531.483092765,4161331.96236129,0
14131,313531.548071075,4161332.03837346,0
14132,313531.613143339,4161332.11430525,0
14133,313531.678291514,4161332.1901719,0
14134,313531.743501174,4161332.26598561,0
14135,313531.808765456,4161332.34175224,0
14136,313531.874078451,4161332.41747686,0
14137,313531.939434248,4161332.49316454,0
14138,313532.004826938,4161332.56882034,0
14139,313532.070250372,4161332.64444953,0
14140,313532.135696693,4161332.72005892,0
14141,313532.201157292,4161332.79565595,0
14142,313532.266623557,4161332.87124807,0
14143,313532.332086876,4161332.94684274,0
14144,313532.397538717,4161333.02244734,0
14145,313532.462974348,4161333.09806597,0
14146,313532.528394361,4161333.17369812,0
14147,313532.593799748,4161333.24934292,0
14148,313532.659191499,4161333.32499952,0
14149,313532.724570605,4161333.40066705,0
14150,313532.789937227,4161333.47634537,0
14151,313532.855288869,4161333.55203663,0
14152,313532.920622502,4161333.62774343,0
14153,313532.985935095,4161333.70346837,0
14154,313533.05122362,4161333.77921405,0
14155,313533.116485068,4161333.85498306,0
14156,313533.181717812,4161333.93077679,0
14157,313533.246922422,4161334.00659474,0
14158,313533.312099662,4161334.08243622,0
14159,313533.377250298,4161334.15830057,0
14160,313533.442375094,4161334.2341871,0
14161,313533.5074745,4161334.31009542,0
14162,313533.572547968,4161334.38602597,0
14163,313533.637594753,4161334.46197937,0
14164,313533.702614111,4161334.53795625,0
14165,313533.767605297,4161334.61395722,0
14166,313533.832567618,4161334.68998285,0
14167,313533.897501777,4161334.76603253,0
14168,313533.962409995,4161334.84210437,0
14169,313534.027294565,4161334.91819638,0
14170,313534.092157781,4161334.99430661,0
14171,313534.157001938,4161335.07043309,0
14172,313534.221829018,4161335.14657412,0
14173,313534.286639152,4161335.22272957,0
14174,313534.351431789,4161335.29889991,0
14175,313534.41620638,4161335.37508559,0
14176,313534.480962375,4161335.45128707,0
14177,313534.545699222,4161335.5275048,0
14178,313534.610416373,4161335.60373926,0
14179,313534.675113275,4161335.67999089,0
14180,313534.73978939,4161335.75626015,0
14181,313534.804445294,4161335.83254654,0
14182,313534.869083652,4161335.9088478,0
14183,313534.933707359,4161335.98516147,0
14184,313534.998319308,4161336.06148511,0
14185,313535.062922396,4161336.13781625,0
14186,313535.127519368,4161336.21415258,0
14187,313535.192110313,4161336.290494,0
14188,313535.256693015,4161336.36684239,0
14189,313535.321265178,4161336.44319968,0
14190,313535.38582451,4161336.51956781,0
14191,313535.450368716,4161336.59594872,0
14192,313535.514895949,4161336.67234397,0
14193,313535.579407864,4161336.74875216,0
14194,313535.643907776,4161336.82517049,0
14195,313535.708399005,4161336.90159615,0
14196,313535.772884875,4161336.97802635,0
14197,313535.837368697,4161337.05445828,0
14198,313535.901852129,4161337.13089055,0
14199,313535.966333538,4161337.20732453,0
14200,313536.030810899,4161337.2837619,0
14201,313536.095282188,4161337.36020438,0
14202,313536.15974538,4161337.43665366,0
14203,313536.224198474,4161337.51311142,0
14204,313536.288642625,4161337.58957669,0
14205,313536.353085423,4161337.6660431,0
14206,313536.417535239,4161337.74250363,0
14207,313536.482000444,4161337.81895126,0
14208,313536.546489411,4161337.89537895,0
14209,313536.61101002,4161337.97178011,0
14210,313536.675554566,4161338.04816118,0
14211,313536.740096896,4161338.1245441,0
14212,313536.804609785,4161338.20095169,0
14213,313536.869066009,4161338.27740678,0
14214,313536.933438346,4161338.3539322,0
14215,313536.997700736,4161338.43054981,0
14216,313537.061853352,4161338.50725947,0
14217,313537.125922293,4161338.58403932,0
14218,313537.189934763,4161338.6608666,0
14219,313537.253917965,4161338.73771851,0
14220,313537.317899102,4161338.81457227,0
14221,313537.381904447,4161338.89140589,0
14222,313537.445951256,4161338.96820485,0
14223,313537.510051728,4161339.04495885,0
14224,313537.574218007,4161339.12165763,0
14225,313537.638462235,4161339.19829094,0
14226,313537.702796557,4161339.2748485,0
14227,313537.767231475,4161339.35132145,0
14228,313537.831764,4161339.4277122,0
14229,313537.896384515,4161339.50402872,0
14230,313537.961083357,4161339.58027901,0
14231,313538.02585086,4161339.65647109,0
14232,313538.090677361,4161339.73261295,0
14233,313538.15555383,4161339.8087121,0
14234,313538.220474744,4161339.88477321,0
14235,313538.285435784,4161339.96079996,0
14236,313538.350432631,4161340.03679606,0
14237,313538.415460969,4161340.1127652,0
14238,313538.480516479,4161340.18871107,0
14239,313538.545595107,4161340.26463715,0
14240,313538.610694735,4161340.34054524,0
14241,313538.675814104,4161340.41643641,0
14242,313538.740951963,4161340.49231172,0
14243,313538.806107056,4161340.56817223,0
14244,313538.871278133,4161340.64401902,0
14245,313538.936463932,4161340.71985313,0
14246,313539.001663164,4161340.7956757,0
14247,313539.066874532,4161340.87148782,0
14248,313539.132096735,4161340.94729062,0
14249,313539.197328475,4161341.02308521,0
14250,313539.262568453,4161341.09887271,0
14251,313539.327815372,4161341.17465424,0
14252,313539.393067944,4161341.2504309,0
14253,313539.458324885,4161341.32620379,0
14254,313539.523584914,4161341.40197403,0
14255,313539.588846748,4161341.47774271,0
14256,313539.654109103,4161341.55351094,0
14257,313539.719370799,4161341.62927974,0
14258,313539.78463161,4161341.7050493,0
14259,313539.849891832,4161341.78081937,0
14260,313539.915151768,4161341.85658968,0
14261,313539.98041172,4161341.93235998,0
14262,313540.045671992,4161342.00813001,0
14263,313540.110932885,4161342.0838995,0
14264,313540.176194702,4161342.1596682,0
14265,313540.241457746,4161342.23543584,0
14266,313540.306722259,4161342.31120222,0
14267,313540.371987012,4161342.3869684,0
14268,313540.437249237,4161342.46273675,0
14269,313540.502506092,4161342.53850972,0
14270,313540.567754739,4161342.61428975,0
14271,313540.632992335,4161342.6900793,0
14272,313540.698216218,4161342.76588064,0
14273,313540.763426408,4161342.84169377,0
14274,313540.828625015,4161342.91751686,0
14275,313540.893814203,4161342.99334806,0
14276,313540.958996136,4161343.06918549,0
14277,313541.024172978,4161343.14502731,0
14278,313541.089346888,4161343.22087164,0
14279,313541.154518946,4161343.29671757,0
14280,313541.219687687,4161343.37256634,0
14281,313541.284851279,4161343.44841953,0
14282,313541.350007893,4161343.52427871,0
14283,313541.415155697,4161343.60014546,0
14284,313541.480292862,4161343.67602134,0
14285,313541.545418318,4161343.75190727,0
14286,313541.610533184,4161343.82780229,0
14287,313541.67563897,4161343.9037051,0
14288,313541.740737185,4161343.9796144,0
14289,313541.805829339,4161344.05552891,0
14290,313541.87091694,4161344.13144732,0
14291,313541.936001265,4161344.20736854,0
14292,313542.001082312,4161344.28329257,0
14293,313542.066159649,4161344.35921977,0
14294,313542.131232842,4161344.43515053,0
14295,313542.196301456,4161344.51108521,0
14296,313542.261365058,4161344.58702418,0
14297,313542.326423217,4161344.66296781,0
14298,313542.391475633,4161344.73891637,0
14299,313542.456522198,4161344.81486994,0
14300,313542.521562817,4161344.8908286,0
14301,313542.586597398,4161344.96679243,0
14302,313542.651625845,4161345.04276151,0
14303,313542.716648096,4161345.11873589,0
14304,313542.781664639,4161345.19471516,0
14305,313542.84667645,4161345.27069848,0
14306,313542.911684524,4161345.34668499,0
14307,313542.976689854,4161345.42267386,0
14308,313543.041693436,4161345.49866421,0
14309,313543.106696263,4161345.57465522,0
14310,313543.171699103,4161345.65064621,0
14311,313543.236701671,4161345.72663743,0
14312,313543.301703366,4161345.8026294,0
14313,313543.366703592,4161345.87862263,0
14314,313543.431701749,4161345.95461763,0
14315,313543.496697239,4161346.03061491,0
14316,313543.561689505,4161346.10661494,0
14317,313543.626678947,4161346.18261739,0
14318,313543.691666927,4161346.25862109,0
14319,313543.75665485,4161346.33462484,0
14320,313543.82164412,4161346.41062744,0
14321,313543.886636142,4161346.48662768,0
14322,313543.951632316,4161346.56262438,0
14323,313544.016633167,4161346.63861707,0
14324,313544.081636977,4161346.71460723,0
14325,313544.146641681,4161346.79059663,0
14326,313544.211645214,4161346.86658703,0
14327,313544.276645509,4161346.9425802,0
14328,313544.341640501,4161347.0185779,0
14329,313544.406628447,4161347.09458163,0
14330,313544.471610079,4161347.17059076,0
14331,313544.53658728,4161347.24660367,0
14332,313544.601561939,4161347.32261876,0
14333,313544.666535943,4161347.39863441,0
14334,313544.731511182,4161347.47464901,0
14335,313544.796489543,4161347.55066093,0
14336,313544.861472916,4161347.62666857,0
14337,313544.926462842,4161347.7026706,0
14338,313544.991458364,4161347.77866785,0
14339,313545.056457428,4161347.85466208,0
14340,313545.121457973,4161347.93065503,0
14341,313545.18645794,4161348.00664848,0
14342,313545.25145527,4161348.08264419,0
14343,313545.316447967,4161348.15864385,0
14344,313545.381435577,4161348.23464787,0
14345,313545.446419217,4161348.31065528,0
14346,313545.511400073,4161348.38666507,0
14347,313545.576379334,4161348.46267623,0
14348,313545.641358185,4161348.53868773,0
14349,313545.706337816,4161348.61469857,0
14350,313545.771319412,4161348.69070773,0
14351,313545.836304161,4161348.76671419,0
14352,313545.901293252,4161348.84271694,0
14353,313545.966287665,4161348.91871514,0
14354,313546.031286985,4161348.99470914,0
14355,313546.096290217,4161349.0706998,0
14356,313546.161296359,4161349.14668796,0
14357,313546.226304413,4161349.2226745,0
14358,313546.29131338,4161349.29866025,0
14359,313546.35632226,4161349.37464607,0
14360,313546.421330274,4161349.45063264,0
14361,313546.486337169,4161349.52662017,0
14362,313546.551342773,4161349.60260879,0
14363,313546.616346913,4161349.67859867,0
14364,313546.681349418,4161349.75458995,0
14365,313546.746350115,4161349.83058278,0
14366,313546.811348831,4161349.9065773,0
14367,313546.876345393,4161349.98257366,0
14368,313546.941339631,4161350.05857201,0
14369,313547.00633137,4161350.13457249,0
14370,313547.071320585,4161350.21057513,0
14371,313547.136307665,4161350.2865796,0
14372,313547.201293078,4161350.3625855,0
14373,313547.266277288,4161350.43859242,0
14374,313547.331260763,4161350.51459997,0
14375,313547.396243968,4161350.59060776,0
14376,313547.461227368,4161350.66661537,0
14377,313547.526211211,4161350.74262261,0
14378,313547.591195334,4161350.81862961,0
14379,313547.656179523,4161350.89463655,0
14380,313547.721163566,4161350.97064362,0
14381,313547.786147249,4161351.04665099,0
14382,313547.85113036,4161351.12265885,0
14383,313547.916112699,4161351.19866738,0
14384,313547.981094196,4161351.27467662,0
14385,313548.046074855,4161351.35068658,0
14386,313548.111054679,4161351.42669726,0
14387,313548.176033673,4161351.50270864,0
14388,313548.241011841,4161351.57872073,0
14389,313548.305989188,4161351.65473352,0
14390,313548.370965755,4161351.73074698,0
14391,313548.435941826,4161351.80676086,0
14392,313548.500917781,4161351.88277484,0
14393,313548.565894001,4161351.95878859,0
14394,313548.630870868,4161352.03480179,0
14395,313548.695848764,4161352.11081412,0
14396,313548.760828062,4161352.18682524,0
14397,313548.825808668,4161352.26283525,0
14398,313548.890789677,4161352.33884491,0
14399,313548.95577011,4161352.41485506,0
14400,313549.020748986,4161352.49086654,0
14401,313549.085725324,4161352.5668802,0
14402,313549.150698143,4161352.64289686,0
14403,313549.215666465,4161352.71891736,0
14404,313549.280629731,4161352.79494219,0
14405,313549.345588367,4161352.87097097,0
14406,313549.410542936,4161352.94700322,0
14407,313549.475494002,4161353.02303847,0
14408,313549.540442129,4161353.09907623,0
14409,313549.60538788,4161353.17511602,0
14410,313549.670331823,4161353.25115736,0
14411,313549.73527459,4161353.32719969,0
14412,313549.800216854,4161353.40324246,0
14413,313549.865159291,4161353.47928508,0
14414,313549.930102576,4161353.55532697,0
14415,313549.995047386,4161353.63136757,0
14416,313550.059994395,4161353.70740628,0
14417,313550.12494418,4161353.78344262,0
14418,313550.189896426,4161353.85947686,0
14419,313550.254850347,4161353.93550967,0
14420,313550.319805152,4161354.01154173,0
14421,313550.384760051,4161354.0875737,0
14422,313550.449714255,4161354.16360627,0
14423,313550.514666974,4161354.23964011,0
14424,313550.579617493,4161354.31567582,0
14425,313550.644566129,4161354.39171315,0
14426,313550.709513939,4161354.46775118,0
14427,313550.774461993,4161354.543789,0
14428,313550.839411364,4161354.61982569,0
14429,313550.904363124,4161354.69586035,0
14430,313550.969318345,4161354.77189205,0
14431,313551.034277776,4161354.84792015,0
14432,313551.099240875,4161354.92394512,0
14433,313551.16420677,4161354.9999677,0
14434,313551.229174592,4161355.07598863,0
14435,313551.294143473,4161355.15200866,0
14436,313551.359112541,4161355.22802852,0
14437,313551.42408093,4161355.30404897,0
14438,313551.48904806,4161355.3800705,0
14439,313551.554014013,4161355.45609303,0
14440,313551.61897896,4161355.53211641,0
14441,313551.683943073,4161355.60814052,0
14442,313551.748906524,4161355.68416518,0
14443,313551.813869484,4161355.76019027,0
14444,313551.878832126,4161355.83621563,0
14445,313551.94379462,4161355.91224111,0
14446,313552.008757138,4161355.98826658,0
14447,313552.073719853,4161356.06429187,0
14448,313552.138682936,4161356.14031686,0
14449,313552.203646559,4161356.21634138,0
14450,313552.268610894,4161356.29236529,0
14451,313552.333576113,4161356.36838844,0
14452,313552.398542453,4161356.44441064,0
14453,313552.463510285,4161356.52043156,0
14454,313552.528479999,4161356.59645088,0
14455,313552.593451985,4161356.67246825,0
14456,313552.658426631,4161356.74848335,0
14457,313552.723404328,4161356.82449584,0
14458,313552.788385451,4161356.90050541,0
14459,313552.853369446,4161356.97651253,0
14460,313552.918354229,4161357.05251897,0
14461,313552.983337572,4161357.12852664,0
14462,313553.048317248,4161357.20453744,0
14463,313553.11329103,4161357.28055328,0
14464,313553.178256691,4161357.35657605,0
14465,313553.243212004,4161357.43260766,0
14466,313553.308155367,4161357.50864948,0
14467,313553.373088111,4161357.58470037,0
14468,313553.438012428,4161357.66075846,0
14469,313553.502930507,4161357.73682188,0
14470,313553.567844541,4161357.81288875,0
14471,313553.632756721,4161357.88895721,0
14472,313553.697669238,4161357.96502538,0
14473,313553.762583989,4161358.04109163,0
14474,313553.82750094,4161358.11715601,0
14475,313553.892419273,4161358.19321921,0
14476,313553.95733817,4161358.26928193,0
14477,313554.022256811,4161358.34534486,0
14478,313554.087174377,4161358.42140871,0
14479,313554.152090052,4161358.49747418,0
14480,313554.217003531,4161358.57354151,0
14481,313554.281915967,4161358.64960975,0
14482,313554.346828768,4161358.72567766,0
14483,313554.41174334,4161358.80174407,0
14484,313554.476661092,4161358.87780777,0
14485,313554.541583428,4161358.95386755,0
14486,313554.606511758,4161359.02992221,0
14487,313554.671447124,4161359.10597088,0
14488,313554.73638781,4161359.182015,0
14489,313554.801330828,4161359.25805713,0
14490,313554.866273185,4161359.33409982,0
14491,313554.931211887,4161359.41014563,0
14492,313554.996143941,4161359.48619711,0
14493,313555.061066353,4161359.56225682,0
14494,313555.125976183,4161359.63832726,0
14495,313555.190872787,4161359.71440899,0
14496,313555.255758641,4161359.79049989,0
14497,313555.32063644,4161359.86659767,0
14498,313555.385508884,4161359.94270001,0
14499,313555.450378668,4161360.01880463,0
14500,313555.51524849,4161360.09490921,0
14501,313555.580120923,4161360.17101157,0
14502,313555.644997324,4161360.24711054,0
14503,313555.709878356,4161360.32320556,0
14504,313555.774764677,4161360.39929607,0
14505,313555.839656943,4161360.47538151,0
14506,313555.904555812,4161360.55146132,0
14507,313555.96946194,4161360.62753493,0
14508,313556.034375984,4161360.70360178,0
14509,313556.099298326,4161360.77966155,0
14510,313556.164228292,4161360.85571482,0
14511,313556.229164954,4161360.93176237,0
14512,313556.294107382,4161361.007805,0
14513,313556.35905465,4161361.0838435,0
14514,313556.424005827,4161361.15987865,0
14515,313556.488959987,4161361.23591126,0
14516,313556.553916206,4161361.31194211,0
14517,313556.61887361,4161361.38797195,0
14518,313556.683831344,4161361.4640015,0
14519,313556.748788552,4161361.5400315,0
14520,313556.81374438,4161361.61606268,0
14521,313556.878697973,4161361.69209577,0
14522,313556.943648477,4161361.7681315,0
14523,313557.008595506,4161361.8441702,0
14524,313557.073540719,4161361.92021045,0
14525,313557.138486326,4161361.99625036,0
14526,313557.203434538,4161362.07228805,0
14527,313557.268387567,4161362.14832162,0
14528,313557.333347623,4161362.22434919,0
14529,313557.398316917,4161362.30036886,0
14530,313557.46329744,4161362.37637894,0
14531,313557.528289403,4161362.45237923,0
14532,313557.593292162,4161362.52837029,0
14533,313557.658305062,4161362.60435268,0
14534,313557.723327454,4161362.68032695,0
14535,313557.788358684,4161362.75629366,0
14536,313557.853398101,4161362.83225335,0
14537,313557.918445028,4161362.90820662,0
14538,313557.983498422,4161362.98415434,0
14539,313558.048556977,4161363.06009763,0
14540,313558.113619376,4161363.13603764,0
14541,313558.178684306,4161363.21197547,0
14542,313558.243750451,4161363.28791227,0
14543,313558.308816497,4161363.36384915,0
14544,313558.373881457,4161363.43978696,0
14545,313558.438945248,4161363.51572577,0
14546,313558.50400794,4161363.59166552,0
14547,313558.569069603,4161363.66760616,0
14548,313558.634130308,4161363.74354761,0
14549,313558.699190126,4161363.81948983,0
14550,313558.764249127,4161363.89543274,0
14551,313558.829307351,4161363.97137632,0
14552,313558.894364653,4161364.04732069,0
14553,313558.959420824,4161364.12326602,0
14554,313559.024475653,4161364.19921251,0
14555,313559.08952893,4161364.27516033,0
14556,313559.154580443,4161364.35110966,0
14557,313559.219629984,4161364.42706069,0
14558,313559.284677095,4161364.50301381,0
14559,313559.3497203,4161364.57897027,0
14560,313559.414757852,4161364.65493157,0
14561,313559.479788006,4161364.7308992,0
14562,313559.544809016,4161364.80687464,0
14563,313559.609819135,4161364.88285939,0
14564,313559.674816619,4161364.95885494,0
14565,313559.739800994,4161365.0348617,0
14566,313559.804777858,4161365.11087487,0
14567,313559.869754613,4161365.18688813,0
14568,313559.934738665,4161365.26289517,0
14569,313559.999737417,4161365.33888966,0
14570,313560.064758276,4161365.41486528,0
14571,313560.129808643,4161365.49081569,0
14572,313560.194895683,4161365.56673478,0
14573,313560.260024906,4161365.64261774,0
14574,313560.325201137,4161365.71846032,0
14575,313560.390429199,4161365.79425828,0
14576,313560.455713915,4161365.87000737,0
14577,313560.521060106,4161365.94570335,0
14578,313560.586472594,4161366.02134197,0
14579,313560.651954837,4161366.09692017,0
14580,313560.717499876,4161366.17244395,0
14581,313560.783095964,4161366.24792347,0
14582,313560.848731324,4161366.32336891,0
14583,313560.914394183,4161366.39879046,0
14584,313560.980072766,4161366.4741983,0
14585,313561.045755298,4161366.54960262,0
14586,313561.111431763,4161366.6250121,0
14587,313561.177097996,4161366.7004304,0
14588,313561.24275105,4161366.77586015,0
14589,313561.308387976,4161366.85130398,0
14590,313561.374005824,4161366.92676452,0
14591,313561.439601648,4161367.00224439,0
14592,313561.505172498,4161367.07774623,0
14593,313561.570714453,4161367.15327349,0
14594,313561.636214509,4161367.22883723,0
14595,313561.701654715,4161367.30445273,0
14596,313561.767017068,4161367.38013527,0
14597,313561.832283567,4161367.45590013,0
14598,313561.897436211,4161367.53176262,0
14599,313561.962456998,4161367.60773802,0
14600,313562.027329871,4161367.68383994,0
14601,313562.092053672,4161367.76006902,0
14602,313562.156634127,4161367.83641994,0
14603,313562.221077001,4161367.91288734,0
14604,313562.28538806,4161367.98946584,0
14605,313562.349573067,4161368.06615009,0
14606,313562.413637788,4161368.14293472,0
14607,313562.477588077,4161368.21981434,0
14608,313562.541430422,4161368.29678332,0
14609,313562.605171596,4161368.37383597,0
14610,313562.668818368,4161368.45096658,0
14611,313562.732377509,4161368.52816942,0
14612,313562.795855792,4161368.60543879,0
14613,313562.859259987,4161368.68276899,0
14614,313562.922596657,4161368.76015447,0
14615,313562.985869129,4161368.8375924,0
14616,313563.049078187,4161368.91508205,0
14617,313563.112224541,4161368.99262278,0
14618,313563.175308903,4161369.07021392,0
14619,313563.238331987,4161369.14785481,0
14620,313563.301294503,4161369.22554479,0
14621,313563.364197296,4161369.30328311,0
14622,313563.42704299,4161369.38106758,0
14623,313563.489835492,4161369.45889501,0
14624,313563.552578738,4161369.53676219,0
14625,313563.615276661,4161369.6146659,0
14626,313563.677933197,4161369.69260292,0
14627,313563.740552281,4161369.77057004,0
14628,313563.803137572,4161369.84856427,0
14629,313563.865690204,4161369.92658466,0
14630,313563.928209954,4161370.00463138,0
14631,313563.990696586,4161370.08270461,0
14632,313564.053149863,4161370.1608045,0
14633,313564.115569549,4161370.23893124,0
14634,313564.177955408,4161370.31708499,0
14635,313564.240307205,4161370.39526594,0
14636,313564.302624715,4161370.47347423,0
14637,313564.36490774,4161370.55171,0
14638,313564.427156085,4161370.62997337,0
14639,313564.489369555,4161370.70826446,0
14640,313564.551547957,4161370.78658339,0
14641,313564.613691095,4161370.86493029,0
14642,313564.675798775,4161370.94330528,0
14643,313564.737871493,4161371.02170795,0
14644,313564.799912588,4161371.10013563,0
14645,313564.861926129,4161371.17858512,0
14646,313564.923916183,4161371.25705317,0
14647,313564.98588682,4161371.33553658,0
14648,313565.047842107,4161371.41403212,0
14649,313565.109786112,4161371.49253655,0
14650,313565.171722731,4161371.57104681,0
14651,313565.233655178,4161371.64956034,0
14652,313565.295586506,4161371.72807475,0
14653,313565.357519767,4161371.80658762,0
14654,313565.419458013,4161371.88509656,0
14655,313565.481404296,4161371.96359914,0
14656,313565.543361669,4161372.04209297,0
14657,313565.605333063,4161372.12057572,0
14658,313565.66731878,4161372.19904718,0
14659,313565.729316545,4161372.27750912,0
14660,313565.791323976,4161372.35596343,0
14661,313565.853338691,4161372.43441199,0
14662,313565.915358308,4161372.51285668,0
14663,313565.977380444,4161372.59129938,0
14664,313566.039403009,4161372.66974173,0
14665,313566.101426073,4161372.74818369,0
14666,313566.16345068,4161372.82662442,0
14667,313566.225477878,4161372.9050631,0
14668,313566.287508716,4161372.9834989,0
14669,313566.349544242,4161373.06193099,0
14670,313566.411585506,4161373.14035854,0
14671,313566.473633556,4161373.21878073,0
14672,313566.535689434,4161373.29719673,0
14673,313566.597754176,4161373.37560572,0
14674,313566.659828817,4161373.45400687,0
14675,313566.721914392,4161373.53239936,0
14676,313566.784011936,4161373.61078236,0
14677,313566.846122484,4161373.68915506,0
14678,313566.908247065,4161373.76751664,0
14679,313566.970386259,4161373.84586664,0
14680,313567.032539895,4161373.92420517,0
14681,313567.094707729,4161374.00253245,0
14682,313567.156889517,4161374.08084864,0
14683,313567.219085017,4161374.15915395,0
14684,313567.281293985,4161374.23744855,0
14685,313567.343516076,4161374.31573273,0
14686,313567.405750324,4161374.39400724,0
14687,313567.467995534,4161374.47227303,0
14688,313567.530250509,4161374.55053106,0
14689,313567.59251405,4161374.62878227,0
14690,313567.654784962,4161374.70702762,0
14691,313567.717062047,4161374.78526805,0
14692,313567.779344163,4161374.86350447,0
14693,313567.841631082,4161374.94173707,0
14694,313567.903923341,4161375.01996541,0
14695,313567.966221497,4161375.09818906,0
14696,313568.028526108,4161375.17640757,0
14697,313568.090837734,4161375.2546205,0
14698,313568.153156931,4161375.3328274,0
14699,313568.215484354,4161375.41102776,0
14700,313568.277821852,4161375.48922009,0
14701,313568.340172091,4161375.56740226,0
14702,313568.402537757,4161375.64557212,0
14703,313568.464921533,4161375.72372751,0
14704,313568.527326103,4161375.80186629,0
14705,313568.589754146,4161375.8799863,0
14706,313568.65220659,4161375.9580868,0
14707,313568.714679932,4161376.0361706,0
14708,313568.777169976,4161376.11424105,0
14709,313568.83967253,4161376.19230149,0
14710,313568.902183397,4161376.27035528,0
14711,313568.964698384,4161376.34840578,0
14712,313569.027213316,4161376.42645632,0
14713,313569.08972624,4161376.50450847,0
14714,313569.15223941,4161376.58256041,0
14715,313569.214755548,4161376.66060997,0
14716,313569.277277377,4161376.73865496,0
14717,313569.33980762,4161376.8166932,0
14718,313569.402349,4161376.89472251,0
14719,313569.464904188,4161376.97274076,0
14720,313569.52747396,4161377.05074731,0
14721,313569.590056647,4161377.12874351,0
14722,313569.65265042,4161377.20673082,0
14723,313569.715253448,4161377.2847107,0
14724,313569.777863902,4161377.36268463,0
14725,313569.840479952,4161377.44065406,0
14726,313569.903099816,4161377.51862042,0
14727,313569.965722452,4161377.59658455,0
14728,313570.028347389,4161377.67454684,0
14729,313570.090974171,4161377.75250763,0
14730,313570.153602342,4161377.83046731,0
14731,313570.216231447,4161377.90842624,0
14732,313570.278861037,4161377.98638478,0
14733,313570.341491051,4161378.06434299,0
14734,313570.404122039,4161378.14230041,0
14735,313570.466754605,4161378.22025656,0
14736,313570.529389352,4161378.29821096,0
14737,313570.592026885,4161378.37616312,0
14738,313570.654667807,4161378.45411256,0
14739,313570.717312706,4161378.5320588,0
14740,313570.779961404,4161378.61000199,0
14741,313570.842612643,4161378.68794314,0
14742,313570.90526508,4161378.76588332,0
14743,313570.967917374,4161378.84382362,0
14744,313571.030568183,4161378.92176511,0
14745,313571.093216165,4161378.99970887,0
14746,313571.155860516,4161379.07765556,0
14747,313571.218502142,4161379.15560443,0
14748,313571.281142288,4161379.23355449,0
14749,313571.343782198,4161379.31150474,0
14750,313571.406423118,4161379.38945418,0
14751,313571.469066292,4161379.46740181,0
14752,313571.531712964,4161379.54534663,0
14753,313571.594363467,4161379.62328837,0
14754,313571.657015783,4161379.70122865,0
14755,313571.719667521,4161379.7791694,0
14756,313571.782316288,4161379.85711253,0
14757,313571.844959693,4161379.93505998,0
14758,313571.907595342,4161380.01301365,0
14759,313571.970220951,4161380.09097538,0
14760,313572.032836425,4161380.16894526,0
14761,313572.095443728,4161380.2469217,0
14762,313572.158044903,4161380.32490307,0
14763,313572.220641993,4161380.40288771,0
14764,313572.283237042,4161380.48087399,0
14765,313572.345832092,4161380.55886028,0
14766,313572.40842882,4161380.63684521,0
14767,313572.471026632,4161380.71482928,0
14768,313572.53362407,4161380.79281364,0
14769,313572.596219675,4161380.87079948,0
14770,313572.658811987,4161380.94878795,0
14771,313572.721399548,4161381.02678024,0
14772,313572.783980909,4161381.1047775,0
14773,313572.846555488,4161381.1827802,0
14774,313572.909124151,4161381.26078765,0
14775,313572.9716879,4161381.33879905,0
14776,313573.034247736,4161381.41681358,0
14777,313573.096804661,4161381.49483044,0
14778,313573.159359678,4161381.57284884,0
14779,313573.221913783,4161381.65086797,0
14780,313573.28446756,4161381.72888736,0
14781,313573.347020885,4161381.80690711,0
14782,313573.409573566,4161381.88492738,0
14783,313573.47212541,4161381.96294832,0
14784,313573.534676224,4161382.04097008,0
14785,313573.597225816,4161382.11899282,0
14786,313573.659774001,4161382.19701669,0
14787,313573.722320742,4161382.27504172,0
14788,313573.784866145,4161382.35306782,0
14789,313573.847410323,4161382.43109491,0
14790,313573.909953386,4161382.50912289,0
14791,313573.972495445,4161382.58715167,0
14792,313574.035036613,4161382.66518116,0
14793,313574.097576985,4161382.7432113,0
14794,313574.16011652,4161382.8212421,0
14795,313574.222655098,4161382.89927368,0
14796,313574.285192598,4161382.97730611,0
14797,313574.3477289,4161383.05533951,0
14798,313574.410263884,4161383.13337396,0
14799,313574.47279743,4161383.21140957,0
14800,313574.535329436,4161383.2894464,0
14801,313574.597860036,4161383.36748437,0
14802,313574.660389515,4161383.44552323,0
14803,313574.722918165,4161383.52356276,0
14804,313574.785446273,4161383.60160273,0
14805,313574.84797413,4161383.67964289,0
14806,313574.910502025,4161383.75768302,0
14807,313574.973030228,4161383.83572291,0
14808,313575.035558788,4161383.91376251,0
14809,313575.098087602,4161383.9918019,0
14810,313575.160616565,4161384.06984118,0
14811,313575.223145572,4161384.14788042,0
14812,313575.285674519,4161384.22591971,0
14813,313575.348203302,4161384.30395913,0
14814,313575.410731735,4161384.38199884,0
14815,313575.473259161,4161384.46003935,0
14816,313575.535784757,4161384.53808132,0
14817,313575.598307696,4161384.61612543,0
14818,313575.660827155,4161384.69417232,0
14819,313575.723342308,4161384.77222266,0
14820,313575.785852331,4161384.85027711,0
14821,313575.84835655,4161384.9283362,0
14822,313575.910855619,4161385.00639942,0
14823,313575.97335089,4161385.08446568,0
14824,313576.035843715,4161385.1625339,0
14825,313576.098335449,4161385.240603,0
14826,313576.160827448,4161385.31867188,0
14827,313576.223321065,4161385.39673946,0
14828,313576.285817507,4161385.47480479,0
14829,313576.348316781,4161385.55286784,0
14830,313576.410818322,4161385.63092909,0
14831,313576.473321559,4161385.70898897,0
14832,313576.535825922,4161385.78704795,0
14833,313576.598330841,4161385.86510649,0
14834,313576.660835746,4161385.94316503,0
14835,313576.723340141,4161386.02122399,0
14836,313576.785843853,4161386.09928349,0
14837,313576.848346797,4161386.17734361,0
14838,313576.910848885,4161386.25540441,0
14839,313576.973350033,4161386.33346597,0
14840,313577.035850153,4161386.41152835,0
14841,313577.09834916,4161386.48959162,0
14842,313577.160847022,4161386.56765581,0
14843,313577.22334387,4161386.6457208,0
14844,313577.285839869,4161386.72378648,0
14845,313577.34833518,4161386.80185271,0
14846,313577.410829967,4161386.87991936,0
14847,313577.473324392,4161386.9579863,0
14848,313577.53581862,4161387.03605339,0
14849,313577.598312865,4161387.11412048,0
14850,313577.660807439,4161387.1921873,0
14851,313577.72330266,4161387.2702536,0
14852,313577.785798846,4161387.34831912,0
14853,313577.848296319,4161387.42638362,0
14854,313577.910795396,4161387.50444684,0
14855,313577.973296359,4161387.58250854,0
14856,313578.035798961,4161387.66056893,0
14857,313578.098302565,4161387.73862852,0
14858,313578.160806526,4161387.81668783,0
14859,313578.223310197,4161387.89474736,0
14860,313578.285812932,4161387.97280765,0
14861,313578.348314086,4161388.0508692,0
14862,313578.410813072,4161388.12893248,0
14863,313578.473310021,4161388.2069974,0
14864,313578.535805538,4161388.28506347,0
14865,313578.598300238,4161388.36313018,0
14866,313578.660794737,4161388.44119706,0
14867,313578.723289647,4161388.51926361,0
14868,313578.785785578,4161388.59732935,0
14869,313578.848282935,4161388.67539394,0
14870,313578.910781857,4161388.75345727,0
14871,313578.97328247,4161388.83151926,0
14872,313579.035784897,4161388.90957979,0
14873,313579.09828926,4161388.98763877,0
14874,313579.160795685,4161389.0656961,0
14875,313579.223304283,4161389.14375169,0
14876,313579.285814914,4161389.22180566,0
14877,313579.348327183,4161389.29985831,0
14878,313579.410840682,4161389.37790997,0
14879,313579.473355007,4161389.45596098,0
14880,313579.535869749,4161389.53401165,0
14881,313579.598384502,4161389.61206231,0
14882,313579.660898906,4161389.69011325,0
14883,313579.723412899,4161389.76816452,0
14884,313579.785926541,4161389.84621607,0
14885,313579.848439891,4161389.92426785,0
14886,313579.910953008,4161390.00231982,0
14887,313579.973465953,4161390.08037193,0
14888,313580.03597878,4161390.15842413,0
14889,313580.098491509,4161390.23647642,0
14890,313580.16100414,4161390.31452878,0
14891,313580.223516676,4161390.39258121,0
14892,313580.286029116,4161390.47063373,0
14893,313580.348541461,4161390.54868632,0
14894,313580.411053713,4161390.62673898,0
14895,313580.473565844,4161390.70479174,0
14896,313580.536077638,4161390.78284477,0
14897,313580.598588804,4161390.86089831,0
14898,313580.661099048,4161390.93895258,0
14899,313580.723608078,4161391.01700782,0
14900,313580.7861156,4161391.09506427,0
14901,313580.848621327,4161391.17312216,0
14902,313580.911125024,4161391.25118168,0
14903,313580.973626508,4161391.32924297,0
14904,313581.036125593,4161391.40730618,0
14905,313581.098622095,4161391.48537145,0
14906,313581.16111583,4161391.56343894,0
14907,313581.223606613,4161391.6415088,0
14908,313581.286094259,4161391.71958116,0
14909,313581.348578584,4161391.79765618,0
14910,313581.411059405,4161391.87573401,0
14911,313581.473536659,4161391.95381469,0
14912,313581.536010506,4161392.0318981,0
14913,313581.598481129,4161392.10998409,0
14914,313581.660948712,4161392.18807251,0
14915,313581.723413439,4161392.26616321,0
14916,313581.785875493,4161392.34425605,0
14917,313581.848335091,4161392.42235086,0
14918,313581.910792682,4161392.50044727,0
14919,313581.97324882,4161392.57854484,0
14920,313582.035704057,4161392.65664313,0
14921,313582.098158948,4161392.7347417,0
14922,313582.160614044,4161392.81284011,0
14923,313582.223069901,4161392.8909379,0
14924,313582.28552707,4161392.96903465,0
14925,313582.347986107,4161393.04712991,0
14926,313582.410447553,4161393.12522323,0
14927,313582.472911227,4161393.20331478,0
14928,313582.53537572,4161393.28140567,0
14929,313582.597839504,4161393.35949713,0
14930,313582.660301051,4161393.43759038,0
14931,313582.722758834,4161393.51568663,0
14932,313582.785211326,4161393.59378712,0
14933,313582.847657225,4161393.67189288,0
14934,313582.91009691,4161393.7500036,0
14935,313582.972531507,4161393.8281184,0
14936,313583.034962147,4161393.90623636,0
14937,313583.097389959,4161393.98435657,0
14938,313583.159816073,4161394.06247815,0
14939,313583.2222416,4161394.1406002,0
14940,313583.284667398,4161394.21872202,0
14941,313583.347094163,4161394.29684308,0
14942,313583.409522584,4161394.37496281,0
14943,313583.471953352,4161394.45308066,0
14944,313583.534387158,4161394.53119609,0
14945,313583.596824667,4161394.60930855,0
14946,313583.659266108,4161394.68741788,0
14947,313583.721711321,4161394.76552418,0
14948,313583.784160131,4161394.84362762,0
14949,313583.846612366,4161394.92172831,0
14950,313583.909067853,4161394.9998264,0
14951,313583.971526436,4161395.07792202,0
14952,313584.033988289,4161395.15601503,0
14953,313584.096453859,4161395.23410506,0
14954,313584.158923606,4161395.31219175,0
14955,313584.221397989,4161395.39027472,0
14956,313584.283877465,4161395.46835363,0
14957,313584.346362482,4161395.54642809,0
14958,313584.408852813,4161395.62449831,0
14959,313584.471347185,4161395.70256529,0
14960,313584.533844236,4161395.78063012,0
14961,313584.596342605,4161395.85869391,0
14962,313584.658840928,4161395.93675772,0
14963,313584.721337858,4161396.01482266,0
14964,313584.783833206,4161396.09288886,0
14965,313584.846328778,4161396.17095488,0
14966,313584.908826574,4161396.24901912,0
14967,313584.971328596,4161396.32707998,0
14968,313585.033836844,4161396.40513585,0
14969,313585.096353287,4161396.48318515,0
14970,313585.158878688,4161396.56122728,0
14971,313585.221412274,4161396.63926286,0
14972,313585.283953171,4161396.71729257,0
14973,313585.346500506,4161396.79531713,0
14974,313585.409053406,4161396.87333722,0
14975,313585.471610996,4161396.95135356,0
14976,313585.534172207,4161397.02936699,0
14977,313585.596735585,4161397.10737868,0
14978,313585.659299633,4161397.18538983,0
14979,313585.721862853,4161397.26340164,0
14980,313585.784423746,4161397.34141532,0
14981,313585.846980951,4161397.41943196,0
14982,313585.909534498,4161397.49745153,0
14983,313585.972085224,4161397.57547337,0
14984,313586.034633973,4161397.65349679,0
14985,313586.097181593,4161397.73152111,0
14986,313586.159728929,4161397.80954567,0
14987,313586.222276833,4161397.88756977,0
14988,313586.28482625,4161397.96559265,0
14989,313586.347378215,4161398.0436135,0
14990,313586.409933766,4161398.12163146,0
14991,313586.472493938,4161398.19964572,0
14992,313586.53505977,4161398.27765544,0
14993,313586.597632204,4161398.35565987,0
14994,313586.660210556,4161398.43365955,0
14995,313586.722792788,4161398.51165611,0
14996,313586.785376817,4161398.58965124,0
14997,313586.847960562,4161398.66764659,0
14998,313586.910541945,4161398.74564384,0
14999,313586.97311966,4161398.82364403,0
15000,313587.035694264,4161398.90164671,0
15001,313587.098266592,4161398.97965122,0
15002,313587.160837476,4161399.05765689,0
15003,313587.22340775,4161399.13566305,0
15004,313587.285978245,4161399.21366903,0
15005,313587.348549521,4161399.29167439,0
15006,313587.411121536,4161399.36967915,0
15007,313587.473694172,4161399.44768341,0
15008,313587.536267308,4161399.52568728,0
15009,313587.598840823,4161399.60369083,0
15010,313587.661414595,4161399.68169419,0
15011,313587.723988225,4161399.75969766,0
15012,313587.786560837,4161399.83770194,0
15013,313587.849131503,4161399.91570779,0
15014,313587.911699299,4161399.99371594,0
15015,313587.974263297,4161400.07172712,0
15016,313588.036823115,4161400.14974166,0
15017,313588.099381563,4161400.2277573,0
15018,313588.161942616,4161400.30577085,0
15019,313588.224510252,4161400.38377912,0
15020,313588.28708845,4161400.46177893,0
15021,313588.349681186,4161400.53976709,0
15022,313588.412289003,4161400.61774316,0
15023,313588.474899122,4161400.69571739,0
15024,313588.537495538,4161400.77370261,0
15025,313588.600062244,4161400.85171162,0
15026,313588.662583236,4161400.92975728,0
15027,313588.725042651,4161401.00785227,0
15028,313588.7874307,4161401.08600438,0
15029,313588.849745763,4161401.16421475,0
15030,313588.911986793,4161401.24248407,0
15031,313588.974152743,4161401.32081299,0
15032,313589.036242567,4161401.39920221,0
15033,313589.098257058,4161401.47765095,0
15034,313589.160211333,4161401.55614723,0
15035,313589.222127222,4161401.63467382,0
15036,313589.284026592,4161401.71321345,0
15037,313589.345931314,4161401.79174885,0
15038,313589.407862581,4161401.87026328,0
15039,313589.469831105,4161401.94874827,0
15040,313589.531839318,4161402.02720189,0
15041,313589.593889424,4161402.10562236,0
15042,313589.655983629,4161402.18400793,0
15043,313589.71812414,4161402.26235684,0
15044,313589.78031316,4161402.34066732,0
15045,313589.842552897,4161402.41893761,0
15046,313589.904845555,4161402.49716595,0
15047,313589.96719334,4161402.57535058,0
15048,313590.029598457,4161402.65348973,0
15049,313590.092063113,4161402.73158165,0
15050,313590.154589513,4161402.80962457,0
15051,313590.217181345,4161402.88761548,0
15052,313590.279852208,4161402.96554304,0
15053,313590.342619767,4161403.04339248,0
15054,313590.405501698,4161403.12114902,0
15055,313590.468515675,4161403.19879789,0
15056,313590.531679376,4161403.27632432,0
15057,313590.595010477,4161403.35371352,0
15058,313590.658526608,4161403.43095076,0
15059,313590.722236589,4161403.50802848,0
15060,313590.786129865,4161403.58495492,0
15061,313590.850193302,4161403.66174039,0
15062,313590.914413769,4161403.73839523,0
15063,313590.978778131,4161403.81492976,0
15064,313591.043273257,4161403.89135432,0
15065,313591.107886012,4161403.96767924,0
15066,313591.17260373,4161404.0439145,0
15067,313591.237418292,4161404.12006674,0
15068,313591.302324147,4161404.19614072,0
15069,313591.367315771,4161404.27214118,0
15070,313591.432387645,4161404.34807284,0
15071,313591.497534247,4161404.42394044,0
15072,313591.562750118,4161404.49974862,0
15073,313591.628029915,4161404.57550188,0
15074,313591.693368307,4161404.6512047,0
15075,313591.758759964,4161404.72686154,0
15076,313591.824199548,4161404.80247689,0
15077,313591.8896811,4161404.87805583,0
15078,313591.955197512,4161404.9536045,0
15079,313592.020741549,4161405.02912919,0
15080,313592.086305975,4161405.10463618,0
15081,313592.151883556,4161405.18013174,0
15082,313592.217467859,4161405.25562147,0
15083,313592.283056227,4161405.33110765,0
15084,313592.348647117,4161405.40659165,0
15085,313592.414238988,4161405.4820748,0
15086,313592.479830296,4161405.55755844,0
15087,313592.5454195,4161405.63304392,0
15088,313592.611005055,4161405.70853258,0
15089,313592.676585382,4161405.78402578,0
15090,313592.742158313,4161405.85952542,0
15091,313592.807721224,4161405.93503376,0
15092,313592.873271475,4161406.01055308,0
15093,313592.938806431,4161406.08608567,0
15094,313593.004323454,4161406.1616338,0
15095,313593.069819906,4161406.23719975,0
15096,313593.13529315,4161406.31278582,0
15097,313593.200741336,4161406.38839359,0
15098,313593.266164794,4161406.46402276,0
15099,313593.331564235,4161406.53967272,0
15100,313593.396940367,4161406.61534282,0
15101,313593.4622939,4161406.69103245,0
15102,313593.5276255,4161406.76674101,0
15103,313593.592935504,4161406.84246821,0
15104,313593.658224102,4161406.91821386,0
15105,313593.723491483,4161406.99397779,0
15106,313593.788737833,4161407.06975984,0
15107,313593.853963342,4161407.14555981,0
15108,313593.919168197,4161407.22137756,0
15109,313593.984352587,4161407.2972129,0
15110,313594.049516797,4161407.37306557,0
15111,313594.114661853,4161407.44893468,0
15112,313594.17978912,4161407.52481907,0
15113,313594.244899965,4161407.60071755,0
15114,313594.309995755,4161407.67662893,0
15115,313594.375077897,4161407.75255202,0
15116,313594.440148615,4161407.8284849,0
15117,313594.505210873,4161407.90442502,0
15118,313594.570267662,4161407.98036983,0
15119,313594.635321973,4161408.05631677,0
15120,313594.700376785,4161408.13226327,0
15121,313594.765433927,4161408.20820778,0
15122,313594.830493101,4161408.28415055,0
15123,313594.895553776,4161408.36009203,0
15124,313594.960615421,4161408.43603268,0
15125,313595.025677508,4161408.51197295,0
15126,313595.090739507,4161408.5879133,0
15127,313595.155800887,4161408.66385417,0
15128,313595.220861116,4161408.73979604,0
15129,313595.285919368,4161408.8157396,0
15130,313595.350974184,4161408.8916861,0
15131,313595.416024027,4161408.96763686,0
15132,313595.481067361,4161409.0435932,0
15133,313595.546102649,4161409.11955642,0
15134,313595.611128438,4161409.19552777,0
15135,313595.67614433,4161409.2715076,0
15136,313595.741150634,4161409.34749563,0
15137,313595.806147675,4161409.42349159,0
15138,313595.871135777,4161409.49949519,0
15139,313595.936115263,4161409.57550616,0
15140,313596.001086458,4161409.65152422,0
15141,313596.066049686,4161409.72754908,0
15142,313596.131005425,4161409.80358034,0
15143,313596.19595626,4161409.87961579,0
15144,313596.260906297,4161409.95565192,0
15145,313596.325859676,4161410.03168519,0
15146,313596.39082054,4161410.10771207,0
15147,313596.455793028,4161410.18372901,0
15148,313596.520780952,4161410.25973277,0
15149,313596.585785794,4161410.33572206,0
15150,313596.650808033,4161410.41169646,0
15151,313596.715848141,4161410.48765557,0
15152,313596.780906592,4161410.56359897,0
15153,313596.845983857,4161410.63952623,0
15154,313596.911079762,4161410.71543751,0
15155,313596.976192299,4161410.79133453,0
15156,313597.041319135,4161410.86721928,0
15157,313597.106457939,4161410.94309376,0
15158,313597.171606379,4161411.01895998,0
15159,313597.236762125,4161411.09481992,0
15160,313597.301922844,4161411.17067559,0
15161,313597.367086221,4161411.24652898,0
15162,313597.432250862,4161411.32238127,0
15163,313597.497416826,4161411.39823243,0
15164,313597.562584298,4161411.47408228,0
15165,313597.627753464,4161411.54993068,0
15166,313597.692924507,4161411.62577746,0
15167,313597.758097613,4161411.70162247,0
15168,313597.823272645,4161411.77746583,0
15169,313597.888448707,4161411.85330831,0
15170,313597.953624793,4161411.92915076,0
15171,313598.018799895,4161412.00499406,0
15172,313598.083973008,4161412.08083907,0
15173,313598.149143124,4161412.15668666,0
15174,313598.214309236,4161412.23253768,0
15175,313598.279470338,4161412.30839301,0
15176,313598.344625625,4161412.38425333,0
15177,313598.40977628,4161412.46011763,0
15178,313598.474924605,4161412.53598393,0
15179,313598.540072918,4161412.61185025,0
15180,313598.605223535,4161412.68771458,0
15181,313598.670378769,4161412.76357495,0
15182,313598.735539756,4161412.83943037,0
15183,313598.800704887,4161412.91528224,0
15184,313598.865872161,4161412.99113227,0
15185,313598.931039577,4161413.06698217,0
15186,313598.996205135,4161413.14283367,0
15187,313599.061366835,4161413.21868849,0
15188,313599.126523196,4161413.29454788,0
15189,313599.191674814,4161413.37041136,0
15190,313599.256822801,4161413.44627795,0
15191,313599.321968266,4161413.52214671,0
15192,313599.387112322,4161413.59801668,0
15193,313599.452256078,4161413.6738869,0
15194,313599.517400647,4161413.74975643,0
15195,313599.582547139,4161413.82562431,0
15196,313599.647696456,4161413.90148976,0
15197,313599.712847844,4161413.97735343,0
15198,313599.777999755,4161414.05321665,0
15199,313599.843150635,4161414.12908076,0
15200,313599.908298933,4161414.20494708,0
15201,313599.973443095,4161414.28081696,0
15202,313600.038581906,4161414.35669143,0
15203,313600.103715987,4161414.43256996,0
15204,313600.168846575,4161414.50845149,0
15205,313600.233974907,4161414.58433496,0
15206,313600.299102223,4161414.66021929,0
15207,313600.364229761,4161414.73610344,0
15208,313600.429358665,4161414.81198642,0
15209,313600.494489342,4161414.88786787,0
15210,313600.559621839,4161414.96374776,0
15211,313600.624756206,4161415.03962605,0
15212,313600.689892488,4161415.11550269,0
15213,313600.755030734,4161415.19137764,0
15214,313600.820170821,4161415.26725102,0
15215,313600.885311889,4161415.34312355,0
15216,313600.950452884,4161415.41899615,0
15217,313601.015592751,4161415.49486971,0
15218,313601.080730436,4161415.57074515,0
15219,313601.145864882,4161415.64662337,0
15220,313601.210995307,4161415.72250504,0
15221,313601.27612229,4161415.79838966,0
15222,313601.341246829,4161415.87427638,0
15223,313601.406369925,4161415.95016434,0
15224,313601.471492575,4161416.02605269,0
15225,313601.53661578,4161416.10194055,0
15226,313601.60174054,4161416.17782708,0
15227,313601.666867853,4161416.25371142,0
15228,313601.73199872,4161416.32959271,0
15229,313601.797133874,4161416.40547032,0
15230,313601.862272703,4161416.48134478,0
15231,313601.927414163,4161416.55721697,0
15232,313601.992557209,4161416.63308781,0
15233,313602.057700798,4161416.70895818,0
15234,313602.122843885,4161416.78482898,0
15235,313602.187985588,4161416.86070097,0
15236,313602.253125863,4161416.93657418,0
15237,313602.318264949,4161417.01244841,0
15238,313602.383403081,4161417.08832347,0
15239,313602.448540497,4161417.16419913,0
15240,313602.513677432,4161417.24007522,0
15241,313602.578814122,4161417.31595151,0
15242,313602.643950776,4161417.39182783,0
15243,313602.709087592,4161417.46770401,0
15244,313602.774224763,4161417.54357989,0
15245,313602.839362485,4161417.6194553,0
15246,313602.904500953,4161417.69533006,0
15247,313602.969640363,4161417.77120402,0
15248,313603.034780909,4161417.847077,0
15249,313603.099922787,4161417.92294884,0
15250,313603.165066187,4161417.99881937,0
15251,313603.230211223,4161418.0746885,0
15252,313603.295357958,4161418.15055616,0
15253,313603.360506453,4161418.22642232,0
15254,313603.42565677,4161418.30228691,0
15255,313603.490808968,4161418.37814989,0
15256,313603.555963101,4161418.4540112,0
15257,313603.621118908,4161418.52987108,0
15258,313603.686275726,4161418.60573009,0
15259,313603.751432867,4161418.68158882,0
15260,313603.816589642,4161418.75744786,0
15261,313603.881745363,4161418.83330781,0
15262,313603.946899343,4161418.90916926,0
15263,313604.012050892,4161418.98503279,0
15264,313604.077199322,4161419.060899,0
15265,313604.14234397,4161419.13676846,0
15266,313604.207485096,4161419.21264094,0
15267,313604.272624138,4161419.28851522,0
15268,313604.337762615,4161419.36438997,0
15269,313604.402902042,4161419.44026392,0
15270,313604.468043936,4161419.51613574,0
15271,313604.533189814,4161419.59200414,0
15272,313604.598341088,4161419.66786791,0
15273,313604.663497443,4161419.74372732,0
15274,313604.728657148,4161419.81958385,0
15275,313604.793818424,4161419.89543902,0
15276,313604.858979498,4161419.97129438,0
15277,313604.924138593,4161420.04715143,0
15278,313604.989294019,4161420.12301163,0
15279,313605.054445534,4161420.19887519,0
15280,313605.119594097,4161420.27474129,0
15281,313605.184740704,4161420.35060907,0
15282,313605.249886352,4161420.42647767,0
15283,313605.315032037,4161420.50234624,0
15284,313605.380178755,4161420.57821392,0
15285,313605.445327503,4161420.65407986,0
15286,313605.510479276,4161420.7299432,0
15287,313605.575635048,4161420.80580311,0
15288,313605.640795014,4161420.88165941,0
15289,313605.705958446,4161420.95751273,0
15290,313605.771124559,4161421.03336376,0
15291,313605.83629257,4161421.10921315,0
15292,313605.901461697,4161421.18506159,0
15293,313605.966631155,4161421.26090974,0
15294,313606.031800188,4161421.33675825,0
15295,313606.096968587,4161421.41260731,0
15296,313606.162136656,4161421.48845665,0
15297,313606.227304722,4161421.564306,0
15298,313606.29247311,4161421.64015507,0
15299,313606.357642144,4161421.71600358,0
15300,313606.42281214,4161421.79185127,0
15301,313606.487983004,4161421.86769821,0
15302,313606.553154117,4161421.94354494,0
15303,313606.61832482,4161422.01939201,0
15304,313606.683494459,4161422.09524001,0
15305,313606.748662376,4161422.17108948,0
15306,313606.813827915,4161422.246941,0
15307,313606.878990538,4161422.32279502,0
15308,313606.944150701,4161422.39865115,0
15309,313607.009309356,4161422.47450858,0
15310,313607.074467463,4161422.55036649,0
15311,313607.139625978,4161422.62622403,0
15312,313607.204785861,4161422.70208041,0
15313,313607.269948056,4161422.7779348,0
15314,313607.335112877,4161422.85378693,0
15315,313607.400279665,4161422.92963738,0
15316,313607.465447677,4161423.00548677,0
15317,313607.530616172,4161423.08133575,0
15318,313607.595784406,4161423.15718495,0
15319,313607.660951639,4161423.23303501,0
15320,313607.726117129,4161423.30888657,0
15321,313607.791280133,4161423.38474026,0
15322,313607.856439909,4161423.46059673,0
15323,313607.921595875,4161423.53645647,0
15324,313607.986748647,4161423.61231895,0
15325,313608.051899381,4161423.68818318,0
15326,313608.117049238,4161423.76404817,0
15327,313608.182199376,4161423.83991291,0
15328,313608.247350955,4161423.91577642,0
15329,313608.312505136,4161423.99163769,0
15330,313608.377662745,4161424.06749602,0
15331,313608.442823167,4161424.14335193,0
15332,313608.507985394,4161424.2192063,0
15333,313608.573148417,4161424.29505997,0
15334,313608.638311229,4161424.37091383,0
15335,313608.703472821,4161424.44676874,0
15336,313608.768632213,4161424.52262554,0
15337,313608.833789098,4161424.59848449,0
15338,313608.898943873,4161424.67434525,0
15339,313608.96409697,4161424.75020745,0
15340,313609.029248818,4161424.82607073,0
15341,313609.09439985,4161424.90193471,0
15342,313609.159550496,4161424.97779902,0
15343,313609.224701105,4161425.05366336,0
15344,313609.289851702,4161425.12952771,0
15345,313609.355002224,4161425.20539212,0
15346,313609.420152613,4161425.28125665,0
15347,313609.485302807,4161425.35712135,0
15348,313609.550452746,4161425.43298626,0
15349,313609.61560237,4161425.50885145,0
15350,313609.680751612,4161425.58471696,0
15351,313609.745900397,4161425.66058287,0
15352,313609.811048647,4161425.73644924,0
15353,313609.876196282,4161425.81231613,0
15354,313609.941343224,4161425.88818362,0
15355,313610.006489395,4161425.96405177,0
15356,313610.071634715,4161426.03992066,0
15357,313610.136779093,4161426.11579035,0
15358,313610.201922425,4161426.19166094,0
15359,313610.26706461,4161426.26753251,0
15360,313610.332205542,4161426.34340516,0
15361,313610.397345121,4161426.41927897,0
15362,313610.462483242,4161426.49515404,0
15363,313610.527619802,4161426.57103044,0
15364,313610.592754699,4161426.64690827,0
15365,313610.657887828,4161426.72278762,0
15366,313610.723019163,4161426.7986685,0
15367,313610.788149095,4161426.8745506,0
15368,313610.853278159,4161426.95043344,0
15369,313610.918406892,4161427.02631656,0
15370,313610.983535827,4161427.1021995,0
15371,313611.048665501,4161427.17808182,0
15372,313611.11379645,4161427.25396304,0
15373,313611.178929125,4161427.32984278,0
15374,313611.244063277,4161427.40572125,0
15375,313611.3091983,4161427.48159897,0
15376,313611.374333586,4161427.55747647,0
15377,313611.439468529,4161427.63335426,0
15378,313611.504602518,4161427.70923287,0
15379,313611.569734952,4161427.78511281,0
15380,313611.634865624,4161427.86099427,0
15381,313611.699995032,4161427.93687681,0
15382,313611.765123746,4161428.01275995,0
15383,313611.830252334,4161428.0886432,0
15384,313611.895381368,4161428.16452606,0
15385,313611.960511415,4161428.24040805,0
15386,313612.025643045,4161428.31628869,0
15387,313612.09077648,4161428.39216777,0
15388,313612.155911243,4161428.46804572,0
15389,313612.22104677,4161428.54392301,0
15390,313612.286182496,4161428.61980013,0
15391,313612.351317857,4161428.69567756,0
15392,313612.41645229,4161428.77155579,0
15393,313612.481585297,4161428.84743524,0
15394,313612.546717018,4161428.9233158,0
15395,313612.611847945,4161428.99919704,0
15396,313612.676978575,4161429.07507853,0
15397,313612.742109403,4161429.15095985,0
15398,313612.807240927,4161429.22684058,0
15399,313612.872373642,4161429.30272028,0
15400,313612.937508009,4161429.37859857,0
15401,313613.002643835,4161429.4544756,0
15402,313613.067780357,4161429.53035204,0
15403,313613.132916791,4161429.60622855,0
15404,313613.198052355,4161429.68210581,0
15405,313613.263186267,4161429.75798449,0
15406,313613.328317743,4161429.83386525,0
15407,313613.393446331,4161429.9097485,0
15408,313613.458572631,4161429.98563371,0
15409,313613.523697456,4161430.06152018,0
15410,313613.588821618,4161430.13740723,0
15411,313613.653945929,4161430.21329414,0
15412,313613.7190712,4161430.28918024,0
15413,313613.784198245,4161430.36506481,0
15414,313613.849327777,4161430.44094724,0
15415,313613.914459393,4161430.51682789,0
15416,313613.979591972,4161430.59270771,0
15417,313614.044724379,4161430.66858768,0
15418,313614.109855482,4161430.74446877,0
15419,313614.174984148,4161430.82035195,0
15420,313614.240109243,4161430.89623819,0
15421,313614.305229973,4161430.97212818,0
15422,313614.370346989,4161431.04802136,0
15423,313614.435461336,4161431.12391682,0
15424,313614.500574056,4161431.19981368,0
15425,313614.565686192,4161431.27571105,0
15426,313614.630798787,4161431.35160802,0
15427,313614.695912885,4161431.4275037,0
15428,313614.761029439,4161431.50339727,0
15429,313614.826148323,4161431.57928885,0
15430,313614.891268683,4161431.65517915,0
15431,313614.956389654,4161431.73106893,0
15432,313615.02151037,4161431.80695894,0
15433,313615.086629965,4161431.8828499,0
15434,313615.151747573,4161431.95874257,0
15435,313615.216862531,4161432.03463751,0
15436,313615.281974881,4161432.11053469,0
15437,313615.347084816,4161432.18643394,0
15438,313615.412192534,4161432.2623351,0
15439,313615.477298229,4161432.33823798,0
15440,313615.542402095,4161432.41414244,0
15441,313615.60750433,4161432.4900483,0
15442,313615.672605121,4161432.56595539,0
15443,313615.737704595,4161432.64186362,0
15444,313615.80280284,4161432.7177729,0
15445,313615.867899945,4161432.79368315,0
15446,313615.932995999,4161432.86959431,0
15447,313615.99809109,4161432.94550629,0
15448,313616.063185305,4161433.02141902,0
15449,313616.128278624,4161433.09733253,0
15450,313616.193370859,4161433.17324696,0
15451,313616.258461807,4161433.2491625,0
15452,313616.323551267,4161433.32507931,0
15453,313616.388639036,4161433.40099757,0
15454,313616.453724911,4161433.47691745,0
15455,313616.51880869,4161433.55283913,0
15456,313616.583890198,4161433.62876276,0
15457,313616.648969627,4161433.70468817,0
15458,313616.714047426,4161433.78061498,0
15459,313616.779124047,4161433.85654279,0
15460,313616.844199945,4161433.93247123,0
15461,313616.909275573,4161434.0083999,0
15462,313616.974351384,4161434.08432841,0
15463,313617.039427831,4161434.16025638,0
15464,313617.104505369,4161434.23618341,0
15465,313617.169584451,4161434.31210912,0
15466,313617.23466553,4161434.38803311,0
15467,313617.299748774,4161434.46395525,0
15468,313617.364833489,4161434.53987613,0
15469,313617.429918817,4161434.61579649,0
15470,313617.495003899,4161434.69171705,0
15471,313617.560087878,4161434.76763856,0
15472,313617.625169896,4161434.84356175,0
15473,313617.690249098,4161434.91948736,0
15474,313617.755325096,4161434.99541571,0
15475,313617.820398479,4161435.0713463,0
15476,313617.88546996,4161435.14727852,0
15477,313617.950540252,4161435.22321176,0
15478,313618.015610068,4161435.29914541,0
15479,313618.080680119,4161435.37507886,0
15480,313618.145751119,4161435.45101149,0
15481,313618.210823752,4161435.52694273,0
15482,313618.275898202,4161435.60287241,0
15483,313618.340974225,4161435.67880074,0
15484,313618.406051569,4161435.75472793,0
15485,313618.471129977,4161435.83065422,0
15486,313618.536209194,4161435.90657981,0
15487,313618.601288966,4161435.98250493,0
15488,313618.666369038,4161436.05842979,0
15489,313618.731449153,4161436.13435461,0
15490,313618.796529059,4161436.21027961,0
15491,313618.861608498,4161436.28620501,0
15492,313618.926687396,4161436.36213088,0
15493,313618.991766213,4161436.43805681,0
15494,313619.056845512,4161436.51398233,0
15495,313619.121925856,4161436.58990696,0
15496,313619.187007807,4161436.66583021,0
15497,313619.252091906,4161436.74175162,0
15498,313619.317178435,4161436.81767094,0
15499,313619.38226751,4161436.89358808,0
15500,313619.447359243,4161436.96950295,0
15501,313619.512453745,4161437.04541543,0
15502,313619.577551129,4161437.12132545,0
15503,313619.642651506,4161437.1972329,0
15504,313619.7077549,4161437.27313776,0
15505,313619.772860857,4161437.34904042,0
15506,313619.837968769,4161437.42494141,0
15507,313619.903078025,4161437.50084124,0
15508,313619.968188016,4161437.57674045,0
15509,313620.033298133,4161437.65263954,0
15510,313620.098407767,4161437.72853905,0
15511,313620.163516312,4161437.8044395,0
15512,313620.22862361,4161437.88034101,0
15513,313620.293730265,4161437.95624308,0
15514,313620.358836962,4161438.03214511,0
15515,313620.423944384,4161438.10804651,0
15516,313620.489053214,4161438.18394671,0
15517,313620.554164135,4161438.25984512,0
15518,313620.61927779,4161438.33574118,0
15519,313620.684394126,4161438.41163494,0
15520,313620.749512509,4161438.48752694,0
15521,313620.814632287,4161438.56341775,0
15522,313620.879752808,4161438.63930792,0
15523,313620.944873419,4161438.71519801,0
15524,313621.009993468,4161438.79108858,0
15525,313621.075112304,4161438.8669802,0
15526,313621.140229532,4161438.94287319,0
15527,313621.205345521,4161439.01876725,0
15528,313621.270460779,4161439.09466194,0
15529,313621.335575813,4161439.17055681,0
15530,313621.400691133,4161439.24645144,0
15531,313621.465807244,4161439.3223454,0
15532,313621.530924655,4161439.39823823,0
15533,313621.596043874,4161439.47412952,0
15534,313621.661165202,4161439.550019,0
15535,313621.726288406,4161439.62590686,0
15536,313621.791413168,4161439.70179339,0
15537,313621.85653917,4161439.77767886,0
15538,313621.921666092,4161439.85356353,0
15539,313621.986793619,4161439.92944769,0
15540,313622.051921441,4161440.00533159,0
15541,313622.117049569,4161440.08121524,0
15542,313622.182178349,4161440.15709832,0
15543,313622.247308144,4161440.23298053,0
15544,313622.312439316,4161440.30886156,0
15545,313622.377572228,4161440.38474109,0
15546,313622.442707244,4161440.46061882,0
15547,313622.507844725,4161440.53649443,0
15548,313622.572984992,4161440.61236765,0
15549,313622.638127993,4161440.68823852,0
15550,313622.703273488,4161440.76410725,0
15551,313622.768421238,4161440.83997405,0
15552,313622.833571001,4161440.91583912,0
15553,313622.898722536,4161440.99170266,0
15554,313622.963875604,4161441.06756489,0
15555,313623.029029963,4161441.14342601,0
15556,313623.094185439,4161441.21928618,0
15557,313623.159342245,4161441.29514519,0
15558,313623.224500744,4161441.37100276,0
15559,313623.289661294,4161441.44685856,0
15560,313623.354824257,4161441.52271229,0
15561,313623.419989993,4161441.59856364,0
15562,313623.485158862,4161441.67441229,0
15563,313623.550331053,4161441.75025809,0
15564,313623.615506101,4161441.82610144,0
15565,313623.680683392,4161441.90194286,0
15566,313623.745862313,4161441.97778287,0
15567,313623.811042249,4161442.05362202,0
15568,313623.876222587,4161442.12946082,0
15569,313623.941402711,4161442.2052998,0
15570,313624.006582007,4161442.2811395,0
15571,313624.071760046,4161442.35698028,0
15572,313624.136936884,4161442.43282208,0
15573,313624.202112663,4161442.5086648,0
15574,313624.26728752,4161442.58450831,0
15575,313624.332461597,4161442.66035249,0
15576,313624.397635033,4161442.73619722,0
15577,313624.462807967,4161442.81204238,0
15578,313624.527980539,4161442.88788786,0
15579,313624.59315289,4161442.96373352,0
15580,313624.658325158,4161443.03957926,0
15581,313624.723497483,4161443.11542494,0
15582,313624.788670006,4161443.19127046,0
15583,313624.853842871,4161443.26711568,0
15584,313624.919016227,4161443.34296048,0
15585,313624.984190223,4161443.41880473,0
15586,313625.049365008,4161443.4946483,0
15587,313625.114540729,4161443.57049107,0
15588,313625.179717536,4161443.6463329,0
15589,313625.244895578,4161443.72217368,0
15590,313625.310074926,4161443.79801333,0
15591,313625.375255086,4161443.87385228,0
15592,313625.440435306,4161443.94969118,0
15593,313625.505614833,4161444.02553068,0
15594,313625.570792915,4161444.10137142,0
15595,313625.635968797,4161444.17721405,0
15596,313625.701141727,4161444.25305921,0
15597,313625.766310956,4161444.32890756,0
15598,313625.831476062,4161444.40475945,0
15599,313625.896637137,4161444.4806148,0
15600,313625.961794323,4161444.55647349,0
15601,313626.026947761,4161444.6323354,0
15602,313626.09209759,4161444.70820042,0
15603,313626.157243951,4161444.7840684,0
15604,313626.222386986,4161444.85993925,0
15605,313626.287526842,4161444.93581282,0
15606,313626.352663797,4161445.01168889,0
15607,313626.41779824,4161445.08756711,0
15608,313626.482930565,4161445.16344714,0
15609,313626.548061163,4161445.23932866,0
15610,313626.613190427,4161445.31521133,0
15611,313626.678318752,4161445.3910948,0
15612,313626.743446529,4161445.46697875,0
15613,313626.808573934,4161445.54286301,0
15614,313626.873700119,4161445.61874832,0
15615,313626.93882393,4161445.69463567,0
15616,313627.003944214,4161445.77052605,0
15617,313627.069059818,4161445.84642043,0
15618,313627.134169589,4161445.92231983,0
15619,313627.199272374,4161445.99822521,0
15620,313627.264367025,4161446.07413757,0
15621,313627.329452821,4161446.15005752,0
15622,313627.394529839,4161446.225985,0
15623,313627.459598243,4161446.30191987,0
15624,313627.524658199,4161446.37786197,0
15625,313627.58970987,4161446.45381117,0
15626,313627.654753421,4161446.52976732,0
15627,313627.719789017,4161446.60573029,0
15628,313627.784816834,4161446.68169991,0
15629,313627.849837502,4161446.75767565,0
15630,313627.914852236,4161446.83365646,0
15631,313627.979862289,4161446.90964128,0
15632,313628.044868911,4161446.98562904,0
15633,313628.109873357,4161447.06161866,0
15634,313628.174876878,4161447.13760907,0
15635,313628.239880726,4161447.2135992,0
15636,313628.304886109,4161447.28958802,0
15637,313628.36989367,4161447.36557497,0
15638,313628.434903669,4161447.44155984,0
15639,313628.499916356,4161447.51754241,0
15640,313628.564931985,4161447.59352246,0
15641,313628.629950807,4161447.66949977,0
15642,313628.694973074,4161447.74547414,0
15643,313628.759999038,4161447.82144535,0
15644,313628.825028908,4161447.89741321,0
15645,313628.890062588,4161447.97337781,0
15646,313628.955099851,4161448.04933934,0
15647,313629.02014047,4161448.125298,0
15648,313629.085184219,4161448.20125398,0
15649,313629.150230871,4161448.27720748,0
15650,313629.215280199,4161448.35315868,0
15651,313629.280331976,4161448.42910778,0
15652,313629.345385969,4161448.50505499,0
15653,313629.410441892,4161448.58100054,0
15654,313629.475499445,4161448.65694469,0
15655,313629.540558327,4161448.73288771,0
15656,313629.605618236,4161448.80882985,0
15657,313629.670678873,4161448.88477136,0
15658,313629.735739936,4161448.96071251,0
15659,313629.800801123,4161449.03665355,0
15660,313629.865862037,4161449.11259483,0
15661,313629.93092188,4161449.18853703,0
15662,313629.995979752,4161449.26448092,0
15663,313630.061034754,4161449.34042726,0
15664,313630.126085986,4161449.41637683,0
15665,313630.191132548,4161449.4923304,0
15666,313630.256173539,4161449.56828874,0
15667,313630.321208062,4161449.64425261,0
15668,313630.386235811,4161449.72022229,0
15669,313630.45125824,4161449.79619652,0
15670,313630.516277132,4161449.87217378,0
15671,313630.581294266,4161449.94815254,0
15672,313630.646311425,4161450.02413128,0
15673,313630.711330387,4161450.10010848,0
15674,313630.776352936,4161450.17608261,0
15675,313630.841380836,4161450.25205216,0
15676,313630.906415148,4161450.32801621,0
15677,313630.971455907,4161450.40397475,0
15678,313631.036503065,4161450.47992781,0
15679,313631.101556579,4161450.55587543,0
15680,313631.1666164,4161450.63181764,0
15681,313631.231682483,4161450.70775449,0
15682,313631.296754783,4161450.78368602,0
15683,313631.361833252,4161450.85961227,0
15684,313631.426918141,4161450.93553301,0
15685,313631.492010514,4161451.01144734,0
15686,313631.557111576,4161451.08735422,0
15687,313631.62222253,4161451.1632526,0
15688,313631.687344581,4161451.23914146,0
15689,313631.752478933,4161451.31501976,0
15690,313631.817626792,4161451.39088646,0
15691,313631.882789322,4161451.46674056,0
15692,313631.947965772,4161451.54258269,0
15693,313632.013152624,4161451.6184159,0
15694,313632.07834614,4161451.69424337,0
15695,313632.143542585,4161451.77006833,0
15696,313632.208738222,4161451.84589399,0
15697,313632.273929316,4161451.92172354,0
15698,313632.339112131,4161451.99756021,0
15699,313632.40428293,4161452.0734072,0
15700,313632.469438904,4161452.14926693,0
15701,313632.534582465,4161452.22513732,0
15702,313632.599717849,4161452.30101474,0
15703,313632.664849293,4161452.37689554,0
15704,313632.729981034,4161452.45277608,0
15705,313632.795117312,4161452.52865273,0
15706,313632.860262363,4161452.60452184,0
15707,313632.925420342,4161452.68037985,0
15708,313632.990592983,4161452.75622526,0
15709,313633.055779294,4161452.83205893,0
15710,313633.120978135,4161452.90788182,0
15711,313633.186188369,4161452.98369493,0
15712,313633.251408856,4161453.05949922,0
15713,313633.316638457,4161453.13529566,0
15714,313633.381876034,4161453.21108525,0
15715,313633.447120447,4161453.28686894,0
15716,313633.512370594,4161453.36264769,0
15717,313633.577625557,4161453.4384223,0
15718,313633.642884479,4161453.51419349,0
15719,313633.708146504,4161453.589962,0
15720,313633.773410774,4161453.66572858,0
15721,313633.838676435,4161453.74149396,0
15722,313633.903942628,4161453.81725889,0
15723,313633.969208498,4161453.89302409,0
15724,313634.034473375,4161453.96879015,0
15725,313634.099737962,4161454.04455647,0
15726,313634.165003571,4161454.1203219,0
15727,313634.230271516,4161454.19608533,0
15728,313634.295543114,4161454.2718456,0
15729,313634.360819678,4161454.34760159,0
15730,313634.426102525,4161454.42335216,0
15731,313634.491392968,4161454.49909619,0
15732,313634.556692261,4161454.57483259,0
15733,313634.622000103,4161454.65056161,0
15734,313634.687314584,4161454.72628491,0
15735,313634.752633717,4161454.8020042,0
15736,313634.817955516,4161454.87772119,0
15737,313634.883277996,4161454.9534376,0
15738,313634.948599169,4161455.02915513,0
15739,313635.013917051,4161455.1048755,0
15740,313635.079229722,4161455.18060037,0
15741,313635.144536406,4161455.2563304,0
15742,313635.209837273,4161455.33206544,0
15743,313635.275132525,4161455.40780533,0
15744,313635.340422361,4161455.48354989,0
15745,313635.405706982,4161455.55929894,0
15746,313635.470986589,4161455.63505231,0
15747,313635.536261381,4161455.71080983,0
15748,313635.601531559,4161455.78657133,0
15749,313635.666797324,4161455.86233663,0
15750,313635.732058875,4161455.93810556,0
15751,313635.797316413,4161456.01387794,0
15752,313635.86257018,4161456.08965357,0
15753,313635.927820721,4161456.16543198,0
15754,313635.993068724,4161456.24121257,0
15755,313636.058314875,4161456.31699476,0
15756,313636.12355986,4161456.39277795,0
15757,313636.188804367,4161456.46856155,0
15758,313636.254049081,4161456.54434497,0
15759,313636.319294691,4161456.62012762,0
15760,313636.384541884,4161456.69590891,0
15761,313636.449791477,4161456.77168814,0
15762,313636.515044493,4161456.84746441,0
15763,313636.580301975,4161456.92323684,0
15764,313636.645564966,4161456.99900453,0
15765,313636.710834492,4161457.07476658,0
15766,313636.776110434,4161457.15052311,0
15767,313636.841390764,4161457.22627586,0
15768,313636.906673272,4161457.30202674,0
15769,313636.971955749,4161457.37777764,0
15770,313637.037235986,4161457.45353046,0
15771,313637.102511774,4161457.52928712,0
15772,313637.167780904,4161457.60504951,0
15773,313637.233041244,4161457.68081947,0
15774,313637.298292093,4161457.7565976,0
15775,313637.363533991,4161457.83238343,0
15776,313637.428767521,4161457.90817648,0
15777,313637.493993267,4161457.98397622,0
15778,313637.559211812,4161458.05978217,0
15779,313637.624423738,4161458.13559383,0
15780,313637.68962963,4161458.21141068,0
15781,313637.754830069,4161458.28723223,0
15782,313637.820025183,4161458.36305837,0
15783,313637.885213219,4161458.43889059,0
15784,313637.950391948,4161458.51473082,0
15785,313638.015559141,4161458.59058094,0
15786,313638.080712566,4161458.66644288,0
15787,313638.145849995,4161458.74231854,0
15788,313638.210969197,4161458.81820982,0
15789,313638.276067941,4161458.89411865,0
15790,313638.341144202,4161458.97004674,0
15791,313638.406199378,4161459.04599291,0
15792,313638.471237723,4161459.1219535,0
15793,313638.536263576,4161459.1979248,0
15794,313638.601281276,4161459.27390309,0
15795,313638.666295165,4161459.34988465,0
15796,313638.731309581,4161459.42586576,0
15797,313638.796328864,4161459.50184271,0
15798,313638.861357335,4161459.57781178,0
15799,313638.926397308,4161459.65377099,0
15800,313638.99144732,4161459.72972161,0
15801,313639.056505493,4161459.80566523,0
15802,313639.121569947,4161459.88160348,0
15803,313639.186638803,4161459.95753795,0
15804,313639.251710183,4161460.03347026,0
15805,313639.316782208,4161460.10940202,0
15806,313639.381852998,4161460.18533483,0
15807,313639.446920861,4161460.26127016,0
15808,313639.511985189,4161460.33720851,0
15809,313639.577045766,4161460.41315008,0
15810,313639.642102378,4161460.48909504,0
15811,313639.707154809,4161460.56504358,0
15812,313639.772202846,4161460.64099589,0
15813,313639.837246273,4161460.71695215,0
15814,313639.902284876,4161460.79291253,0
15815,313639.96731844,4161460.86887724,0
15816,313640.032346747,4161460.94484644,0
15817,313640.097369578,4161461.02082033,0
15818,313640.162386711,4161461.09679909,0
15819,313640.227397924,4161461.17278292,0
15820,313640.292402998,4161461.24877201,0
15821,313640.357401711,4161461.32476653,0
15822,313640.422393842,4161461.40076668,0
15823,313640.48737917,4161461.47677265,0
15824,313640.552357851,4161461.5527843,0
15825,313640.617331298,4161461.62880043,0
15826,313640.682301187,4161461.70481959,0
15827,313640.747269193,4161461.78084037,0
15828,313640.812236992,4161461.85686132,0
15829,313640.877206258,4161461.93288102,0
15830,313640.942178667,4161462.00889803,0
15831,313641.007155893,4161462.08491093,0
15832,313641.072139568,4161462.1609183,0
15833,313641.137129819,4161462.23692006,0
15834,313641.202124954,4161462.31291764,0
15835,313641.267123173,4161462.38891259,0
15836,313641.332122674,4161462.46490643,0
15837,313641.397121658,4161462.54090073,0
15838,313641.462118324,4161462.616897,0
15839,313641.527110871,4161462.6928968,0
15840,313641.592097498,4161462.76890165,0
15841,313641.657076759,4161462.84491281,0
15842,313641.722048582,4161462.92093033,0
15843,313641.787013228,4161462.99695398,0
15844,313641.851970958,4161463.07298354,0
15845,313641.916922034,4161463.14901878,0
15846,313641.981866717,4161463.22505948,0
15847,313642.04680527,4161463.30110542,0
15848,313642.111737952,4161463.37715637,0
15849,313642.17666504,4161463.4532121,0
15850,313642.241587266,4161463.52927197,0
15851,313642.306505906,4161463.6053349,0
15852,313642.371422266,4161463.68139978,0
15853,313642.436337653,4161463.75746548,0
15854,313642.501253374,4161463.83353091,0
15855,313642.566170735,4161463.90959494,0
15856,313642.631091043,4161463.98565646,0
15857,313642.696015604,4161464.06171435,0
15858,313642.760945723,4161464.1377675,0
15859,313642.825882685,4161464.21381482,0
15860,313642.890827767,4161464.2898552,0
15861,313642.955782249,4161464.36588755,0
15862,313643.020747407,4161464.44191077,0
15863,313643.08572452,4161464.51792377,0
15864,313643.150714866,4161464.59392545,0
15865,313643.215719723,4161464.66991471,0
15866,313643.280740369,4161464.74589046,0
15867,313643.345777548,4161464.82185205,0
15868,313643.410830177,4161464.89780042,0
15869,313643.47589678,4161464.97373682,0
15870,313643.540975883,4161465.04966252,0
15871,313643.606066011,4161465.12557877,0
15872,313643.671165688,4161465.20148684,0
15873,313643.736273441,4161465.27738798,0
15874,313643.801387794,4161465.35328346,0
15875,313643.86650732,4161465.4291745,0
15876,313643.931631184,4161465.5050618,0
15877,313643.996758943,4161465.58094576,0
15878,313644.061890159,4161465.65682675,0
15879,313644.127024397,4161465.73270515,0
15880,313644.192161221,4161465.80858132,0
15881,313644.257300194,4161465.88445565,0
15882,313644.322440881,4161465.96032851,0
15883,313644.387582845,4161466.03620027,0
15884,313644.452725877,4161466.11207111,0
15885,313644.517870417,4161466.18794067,0
15886,313644.58301702,4161466.26380845,0
15887,313644.648166242,4161466.33967398,0
15888,313644.713318639,4161466.41553679,0
15889,313644.778474766,4161466.49139639,0
15890,313644.843635178,4161466.56725231,0
15891,313644.908800432,4161466.64310407,0
15892,313644.973971076,4161466.7189512,0
15893,313645.039147299,4161466.79479354,0
15894,313645.10432875,4161466.87063138,0
15895,313645.169515035,4161466.94646507,0
15896,313645.234705762,4161467.02229494,0
15897,313645.299900535,4161467.09812133,0
15898,313645.365098961,4161467.17394459,0
15899,313645.430300645,4161467.24976504,0
15900,313645.495505195,4161467.32558302,0
15901,313645.560712194,4161467.4013989,0
15902,313645.625920879,4161467.47721333,0
15903,313645.691130199,4161467.55302722,0
15904,313645.756339097,4161467.62884146,0
15905,313645.821546517,4161467.70465697,0
15906,313645.886751401,4161467.78047467,0
15907,313645.951952691,4161467.85629546,0
15908,313646.017149331,4161467.93212024,0
15909,313646.082340262,4161468.00794994,0
15910,313646.147524526,4161468.08378537,0
15911,313646.212701726,4161468.15962687,0
15912,313646.277871669,4161468.23547461,0
15913,313646.343034164,4161468.31132874,0
15914,313646.408189016,4161468.38718945,0
15915,313646.473336032,4161468.46305688,0
15916,313646.538475021,4161468.5389312,0
15917,313646.60360579,4161468.61481257,0
15918,313646.668728147,4161468.69070117,0
15919,313646.733842211,4161468.76659688,0
15920,313646.798948735,4161468.84249905,0
15921,313646.864048545,4161468.91840699,0
15922,313646.92914247,4161468.99431997,0
15923,313646.994231337,4161469.07023729,0
15924,313647.059315975,4161469.14615824,0
15925,313647.124397212,4161469.22208211,0
15926,313647.189475874,4161469.29800818,0
15927,313647.25455275,4161469.37393578,0
15928,313647.319627954,4161469.44986482,0
15929,313647.384701048,4161469.52579566,0
15930,313647.449771576,4161469.6017287,0
15931,313647.514839084,4161469.67766433,0
15932,313647.579903117,4161469.75360294,0
15933,313647.644963221,4161469.82954491,0
15934,313647.710018939,4161469.90549063,0
15935,313647.775069818,4161469.9814405,0
15936,313647.840115412,4161470.0573949,0
15937,313647.90515576,4161470.13335379,0
15938,313647.970191594,4161470.20931654,0
15939,313648.035223697,4161470.28528249,0
15940,313648.100252854,4161470.36125096,0
15941,313648.165279851,4161470.43722129,0
15942,313648.23030547,4161470.51319279,0
15943,313648.295330497,4161470.5891648,0
15944,313648.360355717,4161470.66513664,0
15945,313648.425381827,4161470.74110772,0
15946,313648.490408737,4161470.81707812,0
15947,313648.555435933,4161470.89304827,0
15948,313648.620462894,4161470.96901863,0
15949,313648.685489102,4161471.04498962,0
15950,313648.750514036,4161471.12096171,0
15951,313648.815537178,4161471.19693533,0
15952,313648.880558009,4161471.27291092,0
15953,313648.945576009,4161471.34888894,0
15954,313649.010590884,4161471.42486964,0
15955,313649.075603043,4161471.50085266,0
15956,313649.140613035,4161471.57683753,0
15957,313649.205621407,4161471.65282379,0
15958,313649.270628706,4161471.72881097,0
15959,313649.335635482,4161471.80479859,0
15960,313649.40064228,4161471.8807862,0
15961,313649.46564965,4161471.95677331,0
15962,313649.530658139,4161472.03275947,0
15963,313649.595668094,4161472.10874438,0
15964,313649.660679117,4161472.18472837,0
15965,313649.725690634,4161472.26071194,0
15966,313649.790702073,4161472.33669557,0
15967,313649.85571286,4161472.41267976,0
15968,313649.920722424,4161472.488665,0
15969,313649.985730189,4161472.56465178,0
15970,313650.050735585,4161472.64064059,0
15971,313650.115738042,4161472.71663191,0
15972,313650.180737548,4161472.79262575,0
15973,313650.245735237,4161472.86862115,0
15974,313650.310732383,4161472.94461702,0
15975,313650.375730258,4161473.02061226,0
15976,313650.440730137,4161473.09660579,0
15977,313650.505733291,4161473.17259651,0
15978,313650.570740994,4161473.24858334,0
15979,313650.63575452,4161473.32456518,0
15980,313650.70077511,4161473.40054098,0
15981,313650.765802969,4161473.47651056,0
15982,313650.830837068,4161473.5524748,0
15983,313650.895876302,4161473.62843465,0
15984,313650.96091957,4161473.70439104,0
15985,313651.025965767,4161473.78034492,0
15986,313651.09101379,4161473.85629724,0
15987,313651.156062536,4161473.93224895,0
15988,313651.221110901,4161474.00820098,0
15989,313651.286157797,4161474.08415426,0
15990,313651.351202815,4161474.16010916,0
15991,313651.416246517,4161474.23606518,0
15992,313651.481289536,4161474.31202178,0
15993,313651.546332507,4161474.38797842,0
15994,313651.611376063,4161474.46393457,0
15995,313651.676420841,4161474.53988966,0
15996,313651.741467473,4161474.61584317,0
15997,313651.806516594,4161474.69179455,0
15998,313651.871568827,4161474.76774327,0
15999,313651.936624674,4161474.84368889,0
16000,313652.001684575,4161474.91963104,0
16001,313652.066748968,4161474.99556934,0
16002,313652.131818292,4161475.07150341,0
16003,313652.196892983,4161475.14743288,0
16004,313652.26197348,4161475.22335738,0
16005,313652.327060221,4161475.29927652,0
16006,313652.392153644,4161475.37518993,0
16007,313652.457254087,4161475.45109733,0
16008,313652.522361317,4161475.5269989,0
16009,313652.587474904,4161475.60289502,0
16010,313652.652594415,4161475.67878605,0
16011,313652.71771942,4161475.75467237,0
16012,313652.782849488,4161475.83055435,0
16013,313652.847984186,4161475.90643236,0
16014,313652.913123084,4161475.98230676,0
16015,313652.978265752,4161476.05817792,0
16016,313653.04341197,4161476.13404604,0
16017,313653.108561932,4161476.20991094,0
16018,313653.173715881,4161476.28577241,0
16019,313653.238874058,4161476.36163025,0
16020,313653.304036707,4161476.43748425,0
16021,313653.36920407,4161476.5133342,0
16022,313653.434376389,4161476.58917989,0
16023,313653.499553906,4161476.66502112,0
16024,313653.564736864,4161476.74085767,0
16025,313653.629925475,4161476.81668936,0
16026,313653.695119907,4161476.89251605,0
16027,313653.760320325,4161476.96833759,0
16028,313653.825526894,4161477.04415384,0
16029,313653.890739779,4161477.11996465,0
16030,313653.955959144,4161477.1957699,0
16031,313654.021185155,4161477.27156942,0
16032,313654.08641797,4161477.34736309,0
16033,313654.151657482,4161477.42315099,0
16034,313654.216903204,4161477.49893354,0
16035,313654.282154619,4161477.5747112,0
16036,313654.347411211,4161477.65048439,0
16037,313654.412672465,4161477.72625358,0
16038,313654.477937865,4161477.80201919,0
16039,313654.543206895,4161477.87778167,0
16040,313654.608479038,4161477.95354148,0
16041,313654.673753781,4161478.02929904,0
16042,313654.739030706,4161478.10505472,0
16043,313654.804309553,4161478.18080875,0
16044,313654.869590073,4161478.25656133,0
16045,313654.934872019,4161478.33231269,0
16046,313655.000155143,4161478.40806302,0
16047,313655.065439198,4161478.48381256,0
16048,313655.130723936,4161478.5595615,0
16049,313655.19600911,4161478.63531007,0
16050,313655.261294567,4161478.7110584,0
16051,313655.326580685,4161478.78680615,0
16052,313655.391868015,4161478.86255286,0
16053,313655.457157112,4161478.93829805,0
16054,313655.522448529,4161479.01404124,0
16055,313655.587742819,4161479.08978196,0
16056,313655.653040537,4161479.16551972,0
16057,313655.718342236,4161479.24125405,0
16058,313655.783648305,4161479.31698462,0
16059,313655.848957437,4161479.39271255,0
16060,313655.914267317,4161479.46843983,0
16061,313655.979575616,4161479.54416848,0
16062,313656.044880006,4161479.61990049,0
16063,313656.110178158,4161479.69563788,0
16064,313656.175467744,4161479.77138264,0
16065,313656.240746434,4161479.84713678,0
16066,313656.306011902,4161479.92290232,0
16067,313656.371262641,4161479.99868054,0
16068,313656.436499967,4161480.07447031,0
16069,313656.501725797,4161480.15026999,0
16070,313656.566942051,4161480.22607791,0
16071,313656.632150647,4161480.30189242,0
16072,313656.697353504,4161480.37771187,0
16073,313656.762552541,4161480.45353461,0
16074,313656.827749676,4161480.52935899,0
16075,313656.892946748,4161480.60518342,0
16076,313656.958144748,4161480.68100705,0
16077,313657.023344158,4161480.75682945,0
16078,313657.088545453,4161480.83265024,0
16079,313657.153749106,4161480.90846899,0
16080,313657.218955594,4161480.98428531,0
16081,313657.284165389,4161481.06009877,0
16082,313657.349378967,4161481.13590898,0
16083,313657.414596705,4161481.21171562,0
16084,313657.479817716,4161481.28751943,0
16085,313657.545040239,4161481.36332195,0
16086,313657.610262493,4161481.43912469,0
16087,313657.675482698,4161481.51492921,0
16088,313657.740699073,4161481.59073702,0
16089,313657.805909839,4161481.66654967,0
16090,313657.871113214,4161481.74236868,0
16091,313657.936307419,4161481.81819558,0
16092,313658.00149064,4161481.89403193,0
16093,313658.066661018,4161481.96987933,0
16094,313658.13181669,4161482.04573935,0
16095,313658.196955793,4161482.1216136,0
16096,313658.262076464,4161482.19750365,0
16097,313658.327176839,4161482.27341111,0
16098,313658.392255056,4161482.34933756,0
16099,313658.457309281,4161482.42528457,0
16100,313658.522340633,4161482.50125117,0
16101,313658.587355611,4161482.5772318,0
16102,313658.652361286,4161482.65322039,0
16103,313658.71736473,4161482.72921089,0
16104,313658.782373011,4161482.80519724,0
16105,313658.847393202,4161482.88117337,0
16106,313658.912432374,4161482.95713324,0
16107,313658.977497515,4161483.03307085,0
16108,313659.04259149,4161483.10898375,0
16109,313659.107711161,4161483.18487463,0
16110,313659.172852917,4161483.26074656,0
16111,313659.238013149,4161483.33660266,0
16112,313659.303188246,4161483.41244601,0
16113,313659.368374598,4161483.48827969,0
16114,313659.433568595,4161483.56410681,0
16115,313659.498766626,4161483.63993045,0
16116,313659.563965772,4161483.71575312,0
16117,313659.629165626,4161483.79157516,0
16118,313659.694366349,4161483.86739644,0
16119,313659.759568103,4161483.94321682,0
16120,313659.82477105,4161484.01903617,0
16121,313659.889975353,4161484.09485435,0
16122,313659.955181173,4161484.17067123,0
16123,313660.020388671,4161484.24648666,0
16124,313660.085597943,4161484.32230058,0
16125,313660.150808798,4161484.39811313,0
16126,313660.216020973,4161484.47392456,0
16127,313660.281234205,4161484.54973507,0
16128,313660.34644823,4161484.62554491,0
16129,313660.411662785,4161484.70135429,0
16130,313660.476877606,4161484.77716345,0
16131,313660.542092433,4161484.8529726,0
16132,313660.607307213,4161484.92878178,0
16133,313660.672522237,4161485.00459076,0
16134,313660.737737828,4161485.08039925,0
16135,313660.80295431,4161485.15620697,0
16136,313660.868172006,4161485.23201364,0
16137,313660.93339124,4161485.30781899,0
16138,313660.998612334,4161485.38362274,0
16139,313661.063835614,4161485.45942462,0
16140,313661.129061273,4161485.53522444,0
16141,313661.19428887,4161485.6110226,0
16142,313661.259517763,4161485.68681964,0
16143,313661.324747308,4161485.76261612,0
16144,313661.389976863,4161485.83841259,0
16145,313661.455205787,4161485.91420961,0
16146,313661.520433436,4161485.99000772,0
16147,313661.585659183,4161486.06580747,0
16148,313661.650882788,4161486.14160906,0
16149,313661.716104446,4161486.21741233,0
16150,313661.781324371,4161486.29321708,0
16151,313661.846542779,4161486.36902315,0
16152,313661.911759886,4161486.44483033,0
16153,313661.976975908,4161486.52063845,0
16154,313662.042191061,4161486.59644731,0
16155,313662.10740556,4161486.67225674,0
16156,313662.17261962,4161486.74806654,0
16157,313662.237833459,4161486.82387654,0
16158,313662.303047291,4161486.89968654,0
16159,313662.36826126,4161486.97549642,0
16160,313662.43347537,4161487.05130618,0
16161,313662.498689609,4161487.12711583,0
16162,313662.563903964,4161487.20292538,0
16163,313662.629118424,4161487.27873484,0
16164,313662.694332976,4161487.35454422,0
16165,313662.759547607,4161487.43035353,0
16166,313662.824762305,4161487.50616279,0
16167,313662.889977023,4161487.58197203,0
16168,313662.955191666,4161487.65778133,0
16169,313663.02040613,4161487.73359079,0
16170,313663.085620314,4161487.80940048,0
16171,313663.150834117,4161487.88521051,0
16172,313663.216047437,4161487.96102095,0
16173,313663.281260172,4161488.03683189,0
16174,313663.346472221,4161488.11264343,0
16175,313663.411683481,4161488.18845564,0
16176,313663.476893852,4161488.26426862,0
16177,313663.542103232,4161488.34008245,0
16178,313663.607311518,4161488.41589722,0
16179,313663.67251866,4161488.49171297,0
16180,313663.737724728,4161488.56752965,0
16181,313663.802929817,4161488.64334717,0
16182,313663.868134017,4161488.71916545,0
16183,313663.933337423,4161488.79498442,0
16184,313663.998540125,4161488.87080399,0
16185,313664.063742217,4161488.94662409,0
16186,313664.128943792,4161489.02244464,0
16187,313664.194144992,4161489.0982655,0
16188,313664.259346024,4161489.17408651,0
16189,313664.324547095,4161489.24990748,0
16190,313664.389748417,4161489.32572824,0
16191,313664.454950197,4161489.40154861,0
16192,313664.520152646,4161489.4773684,0
16193,313664.585355973,4161489.55318744,0
16194,313664.650560263,4161489.62900564,0
16195,313664.715765053,4161489.70482342,0
16196,313664.780969732,4161489.78064129,0
16197,313664.846173686,4161489.85645979,0
16198,313664.911376303,4161489.93227944,0
16199,313664.97657697,4161490.00810076,0
16200,313665.041775075,4161490.08392429,0
16201,313665.106970012,4161490.15975053,0
16202,313665.172161664,4161490.23557961,0
16203,313665.237350675,4161490.31141095,0
16204,313665.302537757,4161490.38724396,0
16205,313665.367723621,4161490.46307801,0
16206,313665.432908979,4161490.53891249,0
16207,313665.498094542,4161490.6147468,0
16208,313665.563281023,4161490.69058032,0
16209,313665.628468886,4161490.76641265,0
16210,313665.693657641,4161490.84224422,0
16211,313665.758846568,4161490.91807563,0
16212,313665.824034944,4161490.99390752,0
16213,313665.889222048,4161491.06974051,0
16214,313665.954407157,4161491.14557521,0
16215,313666.01958955,4161491.22141224,0
16216,313666.084768543,4161491.2972522,0
16217,313666.14994457,4161491.37309471,0
16218,313666.215119354,4161491.44893828,0
16219,313666.280294685,4161491.52478139,0
16220,313666.345472357,4161491.60062248,0
16221,313666.41065416,4161491.67646002,0
16222,313666.475841887,4161491.75229247,0
16223,313666.541037331,4161491.82811828,0
16224,313666.60624174,4161491.90393638,0
16225,313666.671454086,4161491.97974765,0
16226,313666.736672741,4161492.0555535,0
16227,313666.801896076,4161492.13135533,0
16228,313666.867122463,4161492.20715453,0
16229,313666.932350273,4161492.28295251,0
16230,313666.997577877,4161492.35875066,0
16231,313667.062803674,4161492.43455037,0
16232,313667.128027076,4161492.51035214,0
16233,313667.1932488,4161492.58615535,0
16234,313667.258469652,4161492.66195931,0
16235,313667.323690433,4161492.73776334,0
16236,313667.388911948,4161492.81356673,0
16237,313667.454135,4161492.88936879,0
16238,313667.519360392,4161492.96516884,0
16239,313667.584588583,4161493.04096648,0
16240,313667.649819146,4161493.11676208,0
16241,313667.715051517,4161493.19255613,0
16242,313667.780285128,4161493.26834911,0
16243,313667.845519412,4161493.34414151,0
16244,313667.910753805,4161493.41993382,0
16245,313667.975987739,4161493.49572653,0
16246,313668.041220992,4161493.57151984,0
16247,313668.106455353,4161493.64731219,0
16248,313668.171693343,4161493.72310141,0
16249,313668.236937486,4161493.79888533,0
16250,313668.302190302,4161493.87466178,0
16251,313668.367454314,4161493.95042858,0
16252,313668.432732044,4161494.02618355,0
16253,313668.498025619,4161494.10192487,0
16254,313668.563333881,4161494.17765353,0
16255,313668.628654036,4161494.25337193,0
16256,313668.693983279,4161494.3290825,0
16257,313668.759318805,4161494.40478766,0
16258,313668.82465781,4161494.48048981,0
16259,313668.889997489,4161494.55619138,0
16260,313668.955335099,4161494.63189474,0
16261,313669.020669492,4161494.70760087,0
16262,313669.086001197,4161494.78330931,0
16263,313669.151330824,4161494.85901954,0
16264,313669.216658982,4161494.93473105,0
16265,313669.281986281,4161495.01044329,0
16266,313669.347313331,4161495.08615575,0
16267,313669.412640752,4161495.16186789,0
16268,313669.477969415,4161495.23757896,0
16269,313669.543300433,4161495.313288,0
16270,313669.608634933,4161495.38899403,0
16271,313669.673974038,4161495.46469609,0
16272,313669.739318874,4161495.5403932,0
16273,313669.804670566,4161495.61608439,0
16274,313669.870030228,4161495.69176869,0
16275,313669.935397959,4161495.76744603,0
16276,313670.000771946,4161495.84311796,0
16277,313670.066150167,4161495.91878624,0
16278,313670.131530598,4161495.99445261,0
16279,313670.196911217,4161496.07011882,0
16280,313670.262290002,4161496.14578661,0
16281,313670.327664999,4161496.22145768,0
16282,313670.39303598,4161496.29713221,0
16283,313670.458404508,4161496.37280886,0
16284,313670.523772227,4161496.44848621,0
16285,313670.589140784,4161496.52416284,0
16286,313670.654511823,4161496.59983732,0
16287,313670.719886991,4161496.67550823,0
16288,313670.785267867,4161496.75117422,0
16289,313670.850654395,4161496.82683531,0
16290,313670.916044823,4161496.90249304,0
16291,313670.981437316,4161496.97814899,0
16292,313671.046830041,4161497.05380473,0
16293,313671.112221164,4161497.12946186,0
16294,313671.177608852,4161497.20512196,0
16295,313671.242991443,4161497.28078646,0
16296,313671.308368779,4161497.3564555,0
16297,313671.373741475,4161497.43212855,0
16298,313671.439110153,4161497.50780507,0
16299,313671.504475436,4161497.58348453,0
16300,313671.569837947,4161497.65916638,0
16301,313671.635198307,4161497.73485009,0
16302,313671.70055708,4161497.81053517,0
16303,313671.765914067,4161497.88622179,0
16304,313671.831268542,4161497.96191058,0
16305,313671.896619766,4161498.03760217,0
16306,313671.961967002,4161498.11329721,0
16307,313672.027309513,4161498.18899633,0
16308,313672.092646561,4161498.26470016,0
16309,313672.157977638,4161498.34040914,0
16310,313672.223304061,4161498.41612214,0
16311,313672.288628012,4161498.49183727,0
16312,313672.35395168,4161498.56755265,0
16313,313672.419277251,4161498.64326639,0
16314,313672.484606914,4161498.71897659,0
16315,313672.549942855,4161498.79468138,0
16316,313672.615286236,4161498.87037975,0
16317,313672.680634539,4161498.94607387,0
16318,313672.745984425,4161499.02176663,0
16319,313672.811332554,4161499.0974609,0
16320,313672.876675588,4161499.17315956,0
16321,313672.942010186,4161499.2488655,0
16322,313673.007333012,4161499.3245816,0
16323,313673.07264192,4161499.4003097,0
16324,313673.137938087,4161499.4760488,0
16325,313673.203223266,4161499.55179737,0
16326,313673.268499208,4161499.6275539,0
16327,313673.333767663,4161499.70331689,0
16328,313673.399030385,4161499.77908481,0
16329,313673.464289084,4161499.8548562,0
16330,313673.529544912,4161499.93063005,0
16331,313673.594798612,4161500.00640574,0
16332,313673.660050917,4161500.08218263,0
16333,313673.72530256,4161500.15796008,0
16334,313673.790554275,4161500.23373748,0
16335,313673.855806793,4161500.30951418,0
16336,313673.921060771,4161500.38528963,0
16337,313673.986315889,4161500.4610641,0
16338,313674.051571165,4161500.53683844,0
16339,313674.116825603,4161500.61261349,0
16340,313674.18207821,4161500.68839012,0
16341,313674.247327989,4161500.76416918,0
16342,313674.312573946,4161500.83995152,0
16343,313674.377815014,4161500.91573807,0
16344,313674.443049262,4161500.99153048,0
16345,313674.508274189,4161501.06733092,0
16346,313674.573487281,4161501.14314155,0
16347,313674.638686028,4161501.21896453,0
16348,313674.703867917,4161501.29480205,0
16349,313674.769030883,4161501.37065587,0
16350,313674.834180324,4161501.44652134,0
16351,313674.899327787,4161501.52238851,0
16352,313674.964485008,4161501.59824725,0
16353,313675.029663719,4161501.67408745,0
16354,313675.094875654,4161501.749899,0
16355,313675.160132548,4161501.82567176,0
16356,313675.225443969,4161501.90139749,0
16357,313675.29080821,4161501.97707766,0
16358,313675.356219903,4161502.05271688,0
16359,313675.421673676,4161502.12831979,0
16360,313675.48716416,4161502.203891,0
16361,313675.552685983,4161502.27943515,0
16362,313675.618233776,4161502.35495684,0
16363,313675.683802166,4161502.43046071,0
16364,313675.749385785,4161502.50595138,0
16365,313675.814979217,4161502.58143352,0
16366,313675.880573928,4161502.65691449,0
16367,313675.946156251,4161502.73240613,0
16368,313676.011712039,4161502.80792068,0
16369,313676.077227147,4161502.8834704,0
16370,313676.142687428,4161502.95906753,0
16371,313676.208078879,4161503.0347242,0
16372,313676.273394774,4161503.11044619,0
16373,313676.33863894,4161503.18623012,0
16374,313676.403816029,4161503.26207187,0
16375,313676.468930697,4161503.33796732,0
16376,313676.533987597,4161503.41391236,0
16377,313676.598991382,4161503.48990288,0
16378,313676.663945816,4161503.56593554,0
16379,313676.728850429,4161503.64201065,0
16380,313676.793703498,4161503.71812964,0
16381,313676.858503298,4161503.79429391,0
16382,313676.923248106,4161503.87050488,0
16383,313676.987936198,4161503.94676396,0
16384,313677.052566236,4161504.02307222,0
16385,313677.117141312,4161504.09942703,0
16386,313677.181667359,4161504.17582332,0
16387,313677.246150355,4161504.25225601,0
16388,313677.310596276,4161504.32871999,0
16389,313677.375011102,4161504.40521018,0
16390,313677.439400435,4161504.48172181,0
16391,313677.503766226,4161504.5582532,0
16392,313677.568108354,4161504.63480446,0
16393,313677.632426677,4161504.7113757,0
16394,313677.696721051,4161504.78796703,0
16395,313677.760991333,4161504.86457857,0
16396,313677.8252374,4161504.94121042,0
16397,313677.8894597,4161505.01786219,0
16398,313677.953659341,4161505.09453295,0
16399,313678.017837469,4161505.17122174,0
16400,313678.08199523,4161505.24792758,0
16401,313678.146133769,4161505.3246495,0
16402,313678.210254233,4161505.40138654,0
16403,313678.274357766,4161505.47813774,0
16404,313678.338445515,4161505.55490211,0
16405,313678.402518613,4161505.63167871,0
16406,313678.46657726,4161505.70846736,0
16407,313678.530620103,4161505.78526917,0
16408,313678.594645638,4161505.8620854,0
16409,313678.658652363,4161505.93891729,0
16410,313678.722638773,4161506.01576609,0
16411,313678.786603367,4161506.09263304,0
16412,313678.850545879,4161506.16951836,0
16413,313678.914470627,4161506.24641846,0
16414,313678.978382989,4161506.32332887,0
16415,313679.042288342,4161506.4002451,0
16416,313679.106192063,4161506.4771627,0
16417,313679.170099531,4161506.55407718,0
16418,313679.234014646,4161506.6309853,0
16419,313679.297936175,4161506.70788808,0
16420,313679.361861767,4161506.78478749,0
16421,313679.425789071,4161506.86168547,0
16422,313679.489715735,4161506.93858398,0
16423,313679.553639411,4161507.01548498,0
16424,313679.617559002,4161507.09238938,0
16425,313679.681476523,4161507.16929549,0
16426,313679.745394464,4161507.24620126,0
16427,313679.809315313,4161507.32310461,0
16428,313679.873241561,4161507.40000347,0
16429,313679.937175698,4161507.47689577,0
16430,313680.001119528,4161507.55378001,0
16431,313680.065072404,4161507.63065672,0
16432,313680.129033121,4161507.70752692,0
16433,313680.193000479,4161507.78439159,0
16434,313680.256973276,4161507.86125173,0
16435,313680.320950309,4161507.93810836,0
16436,313680.384930988,4161508.01496194,0
16437,313680.448916524,4161508.09181148,0
16438,313680.512908462,4161508.16865569,0
16439,313680.576908342,4161508.24549328,0
16440,313680.64091771,4161508.32232296,0
16441,313680.70493808,4161508.39914348,0
16442,313680.768969853,4161508.47595449,0
16443,313680.833011955,4161508.5527569,0
16444,313680.897063211,4161508.62955167,0
16445,313680.961122445,4161508.70633979,0
16446,313681.025188483,4161508.78312223,0
16447,313681.089260158,4161508.85989997,0
16448,313681.153336906,4161508.93667348,0
16449,313681.21741908,4161509.01344245,0
16450,313681.281507113,4161509.09020653,0
16451,313681.345601436,4161509.16696536,0
16452,313681.40970248,4161509.24371857,0
16453,313681.473810676,4161509.32046582,0
16454,313681.537926389,4161509.39720678,0
16455,313681.602049894,4161509.47394124,0
16456,313681.666181465,4161509.55066895,0
16457,313681.730321372,4161509.62738969,0
16458,313681.794469887,4161509.70410324,0
16459,313681.858627,4161509.78080959,0
16460,313681.922791508,4161509.85750976,0
16461,313681.986961901,4161509.93420501,0
16462,313682.051136666,4161510.0108966,0
16463,313682.115314291,4161510.08758579,0
16464,313682.179493264,4161510.16427386,0
16465,313682.243672662,4161510.24096157,0
16466,313682.30785315,4161510.31764837,0
16467,313682.372035662,4161510.39433347,0
16468,313682.436221128,4161510.47101611,0
16469,313682.50041048,4161510.54769548,0
16470,313682.564604614,4161510.62437086,0
16471,313682.628803337,4161510.70104239,0
16472,313682.693005198,4161510.77771129,0
16473,313682.757208676,4161510.85437885,0
16474,313682.821412251,4161510.93104632,0
16475,313682.885614401,4161511.00771498,0
16476,313682.949814197,4161511.08438562,0
16477,313683.014012581,4161511.16105743,0
16478,313683.078210862,4161511.23772934,0
16479,313683.142410353,4161511.31440023,0
16480,313683.206612362,4161511.39106901,0
16481,313683.270818197,4161511.46773458,0
16482,313683.33502836,4161511.54439654,0
16483,313683.3992417,4161511.62105583,0
16484,313683.463456856,4161511.6977136,0
16485,313683.527672471,4161511.77437098,0
16486,313683.591887184,4161511.85102912,0
16487,313683.6560997,4161511.92768911,0
16488,313683.720309678,4161512.00435121,0
16489,313683.784517525,4161512.08101511,0
16490,313683.848723672,4161512.15768042,0
16491,313683.912928545,4161512.23434681,0
16492,313683.977132575,4161512.3110139,0
16493,313684.041336078,4161512.38768143,0
16494,313684.105539059,4161512.46434939,0
16495,313684.169741463,4161512.54101784,0
16496,313684.233943238,4161512.61768682,0
16497,313684.29814433,4161512.69435637,0
16498,313684.36234469,4161512.77102653,0
16499,313684.426544348,4161512.84769728,0
16500,313684.490743394,4161512.92436854,0
16501,313684.554941923,4161513.00104024,0
16502,313684.61914003,4161513.07771229,0
16503,313684.68333781,4161513.15438461,0
16504,313684.747535313,4161513.23105717,0
16505,313684.81173244,4161513.30773003,0
16506,313684.875929055,4161513.38440333,0
16507,313684.940125019,4161513.46107718,0
16508,313685.004320198,4161513.53775168,0
16509,313685.068514471,4161513.61442693,0
16510,313685.132707786,4161513.691103,0
16511,313685.196900106,4161513.76777989,0
16512,313685.261091396,4161513.84445765,0
16513,313685.325281621,4161513.92113629,0
16514,313685.389470744,4161513.99781587,0
16515,313685.453658668,4161514.07449644,0
16516,313685.517845122,4161514.15117824,0
16517,313685.582029806,4161514.22786153,0
16518,313685.64621242,4161514.30454655,0
16519,313685.710392662,4161514.38123355,0
16520,313685.774570321,4161514.45792272,0
16521,313685.838745647,4161514.53461383,0
16522,313685.902919049,4161514.61130656,0
16523,313685.967090933,4161514.68800056,0
16524,313686.031261705,4161514.76469549,0
16525,313686.09543176,4161514.84139102,0
16526,313686.159601372,4161514.91808691,0
16527,313686.223770729,4161514.99478303,0
16528,313686.287940017,4161515.0714792,0
16529,313686.352109423,4161515.14817527,0
16530,313686.41627913,4161515.22487109,0
16531,313686.480449089,4161515.3015667,0
16532,313686.54461896,4161515.37826238,0
16533,313686.608788382,4161515.45495844,0
16534,313686.672956994,4161515.53165517,0
16535,313686.737124437,4161515.60835289,0
16536,313686.801290553,4161515.68505171,0
16537,313686.865455868,4161515.7617512,0
16538,313686.929621049,4161515.83845081,0
16539,313686.993786765,4161515.91514997,0
16540,313687.057953683,4161515.99184812,0
16541,313687.122122355,4161516.06854481,0
16542,313687.186292799,4161516.14524001,0
16543,313687.250464879,4161516.22193384,0
16544,313687.314638459,4161516.29862642,0
16545,313687.378813404,4161516.37531786,0
16546,313687.44298954,4161516.4520083,0
16547,313687.507166233,4161516.52869827,0
16548,313687.571342549,4161516.60538856,0
16549,313687.635517544,4161516.68207996,0
16550,313687.699690279,4161516.75877324,0
16551,313687.763859863,4161516.83546916,0
16552,313687.828026386,4161516.91216765,0
16553,313687.892190818,4161516.98886788,0
16554,313687.956354158,4161517.06556903,0
16555,313688.020517409,4161517.14227025,0
16556,313688.084681572,4161517.2189707,0
16557,313688.148847646,4161517.29566956,0
16558,313688.213016634,4161517.37236598,0
16559,313688.277188995,4161517.44905958,0
16560,313688.34136369,4161517.52575123,0
16561,313688.405539424,4161517.602442,0
16562,313688.4697149,4161517.679133,0
16563,313688.533888822,4161517.75582529,0
16564,313688.598060214,4161517.8325197,0
16565,313688.662229152,4161517.90921616,0
16566,313688.726395931,4161517.98591443,0
16567,313688.790560848,4161518.06261426,0
16568,313688.854724196,4161518.1393154,0
16569,313688.918886271,4161518.2160176,0
16570,313688.983047367,4161518.29272062,0
16571,313689.047207783,4161518.36942422,0
16572,313689.111367905,4161518.44612805,0
16573,313689.1755282,4161518.52283175,0
16574,313689.239689138,4161518.5995349,0
16575,313689.30385119,4161518.67623713,0
16576,313689.368014821,4161518.75293803,0
16577,313689.432180192,4161518.82963748,0
16578,313689.496347029,4161518.9063357,0
16579,313689.560515027,4161518.98303295,0
16580,313689.62468388,4161519.05972948,0
16581,313689.688853282,4161519.13642555,0
16582,313689.753022927,4161519.21312143,0
16583,313689.817192508,4161519.28981735,0
16584,313689.881361721,4161519.36651358,0
16585,313689.945530259,4161519.44321038,0
16586,313690.009697825,4161519.51990799,0
16587,313690.073864215,4161519.59660659,0
16588,313690.138029283,4161519.67330629,0
16589,313690.202192882,4161519.75000722,0
16590,313690.266354866,4161519.8267095,0
16591,313690.330515089,4161519.90341325,0
16592,313690.394673405,4161519.9801186,0
16593,313690.458829681,4161520.05682565,0
16594,313690.522984022,4161520.13353433,0
16595,313690.587136731,4161520.21024436,0
16596,313690.651288114,4161520.28695551,0
16597,313690.715438479,4161520.36366751,0
16598,313690.779588134,4161520.4403801,0
16599,313690.843737386,4161520.51709303,0
16600,313690.907886543,4161520.59380604,0
16601,313690.972035962,4161520.67051883,0
16602,313691.036186088,4161520.74723103,0
16603,313691.10033737,4161520.82394226,0
16604,313691.16449026,4161520.90065214,0
16605,313691.228645205,4161520.97736031,0
16606,313691.292802391,4161521.0540666,0
16607,313691.356961542,4161521.13077125,0
16608,313691.421122338,4161521.20747453,0
16609,313691.485284457,4161521.28417669,0
16610,313691.549447577,4161521.36087802,0
16611,313691.613611378,4161521.43757878,0
16612,313691.677775537,4161521.51427925,0
16613,313691.741939734,4161521.59097968,0
16614,313691.806103688,4161521.66768031,0
16615,313691.870267832,4161521.74438079,0
16616,313691.934433213,4161521.82108023,0
16617,313691.998600899,4161521.89777774,0
16618,313692.062771955,4161521.97447243,0
16619,313692.126947448,4161522.05116341,0
16620,313692.191128444,4161522.12784978,0
16621,313692.255314436,4161522.20453196,0
16622,313692.319500463,4161522.28121411,0
16623,313692.383680782,4161522.35790104,0
16624,313692.447849646,4161522.43459757,0
16625,313692.512001312,4161522.51130849,0
16626,313692.576130035,4161522.58803862,0
16627,313692.640232051,4161522.66479111,0
16628,313692.704318705,4161522.74155646,0
16629,313692.768408294,4161522.81831934,0
16630,313692.832519154,4161522.89506441,0
16631,313692.896669619,4161522.97177629,0
16632,313692.960878024,4161523.04843965,0
16633,313693.025162329,4161523.12503943,0
16634,313693.089530723,4161523.20156869,0
16635,313693.153980948,4161523.27802917,0
16636,313693.218510236,4161523.354423,0
16637,313693.28311582,4161523.43075233,0
16638,313693.347794932,4161523.50701932,0
16639,313693.412544793,4161523.58322611,0
16640,313693.477358214,4161523.65937869,0
16641,313693.542216739,4161523.7354928,0
16642,313693.607100139,4161523.81158572,0
16643,313693.671988185,4161523.88767474,0
16644,313693.736860651,4161523.96377712,0
16645,313693.801697307,4161524.03991015,0
16646,313693.866479461,4161524.11608976,0
16647,313693.931194986,4161524.19232604,0
16648,313693.99583351,4161524.26862756,0
16649,313694.060384659,4161524.34500287,0
16650,313694.124838061,4161524.42146054,0
16651,313694.189183341,4161524.49800911,0
16652,313694.253410659,4161524.57465667,0
16653,313694.317512966,4161524.65140889,0
16654,313694.381484122,4161524.72827061,0
16655,313694.445317993,4161524.80524668,0
16656,313694.509008439,4161524.88234195,0
16657,313694.572549325,4161524.95956128,0
16658,313694.635935127,4161525.03690886,0
16659,313694.699162044,4161525.11438704,0
16660,313694.762226582,4161525.19199785,0
16661,313694.825125243,4161525.26974333,0
16662,313694.887854532,4161525.3476255,0
16663,313694.950410952,4161525.42564638,0
16664,313695.012791006,4161525.50380801,0
16665,313695.074991199,4161525.58211242,0
16666,313695.137008035,4161525.66056163,0
16667,313695.198838016,4161525.73915768,0
16668,313695.26047768,4161525.81790257,0
16669,313695.321924796,4161525.89679739,0
16670,313695.38317871,4161525.97584208,0
16671,313695.444238867,4161526.05503649,0
16672,313695.505104716,4161526.1343805,0
16673,313695.565775699,4161526.21387395,0
16674,313695.626250712,4161526.29351702,0
16675,313695.686527456,4161526.37331053,0
16676,313695.746603478,4161526.45325537,0
16677,313695.806476326,4161526.53335247,0
16678,313695.866143547,4161526.61360272,0
16679,313695.925602687,4161526.69400704,0
16680,313695.984851294,4161526.77456633,0
16681,313696.043887224,4161526.85528132,0
16682,313696.102709192,4161526.93615218,0
16683,313696.161316064,4161527.01717905,0
16684,313696.219706703,4161527.09836201,0
16685,313696.277879974,4161527.17970118,0
16686,313696.335833828,4161527.26119721,0
16687,313696.393563524,4161527.34285241,0
16688,313696.451063821,4161527.42466938,0
16689,313696.50832948,4161527.50665073,0
16690,313696.56535526,4161527.58879905,0
16691,313696.622135924,4161527.67111695,0
16692,313696.67866651,4161527.75360684,0
16693,313696.734946165,4161527.8362683,0
16694,313696.790977141,4161527.91909879,0
16695,313696.846761769,4161528.00209569,0
16696,313696.902302381,4161528.0852564,0
16697,313696.957601306,4161528.16857831,0
16698,313697.012660875,4161528.25205881,0
16699,313697.06748342,4161528.3356953,0
16700,313697.122070538,4161528.41948564,0
16701,313697.176413311,4161528.50343435,0
16702,313697.230494948,4161528.58755092,0
16703,313697.284298467,4161528.67184498,0
16704,313697.337806884,4161528.75632617,0
16705,313697.39100322,4161528.84100409,0
16706,313697.443870863,4161528.92588813,0
16707,313697.49640287,4161529.01098108,0
16708,313697.548602607,4161529.0962787,0
16709,313697.600473942,4161529.18177641,0
16710,313697.652020745,4161529.26746966,0
16711,313697.703246884,4161529.35335385,0
16712,313697.754153412,4161529.43942622,0
16713,313697.804718436,4161529.52569862,0
16714,313697.854908877,4161529.61219006,0
16715,313697.904691579,4161529.69891956,0
16716,313697.954033387,4161529.78590618,0
16717,313698.002900852,4161529.87316905,0
16718,313698.051235448,4161529.96073587,0
16719,313698.098934795,4161530.04864926,0
16720,313698.145892087,4161530.13695335,0
16721,313698.192000519,4161530.22569227,0
16722,313698.237153287,4161530.31491015,0
16723,313698.281277017,4161530.40463551,0
16724,313698.324533774,4161530.49478685,0
16725,313698.367186762,4161530.58523542,0
16726,313698.409499575,4161530.67585229,0
16727,313698.451735807,4161530.76650853,0
16728,313698.494158872,4161530.8570753,0
16729,313698.536955959,4161530.94746089,0
16730,313698.580120092,4161531.03766822,0
16731,313698.623613825,4161531.12771504,0
16732,313698.667399713,4161531.21761911,0
16733,313698.711440313,4161531.3073982,0
16734,313698.755698366,4161531.39706997,0
16735,313698.800142801,4161531.48664942,0
16736,313698.844750039,4161531.57614829,0
16737,313698.889496951,4161531.66557811,0
16738,313698.934360408,4161531.75495043,0
16739,313698.97931728,4161531.8442768,0
16740,313699.024344506,4161531.93356871,0
16741,313699.069437937,4161532.02282786,0
16742,313699.114638141,4161532.11203271,0
16743,313699.159992148,4161532.20115837,0
16744,313699.205546988,4161532.29017997,0
16745,313699.251349693,4161532.37907261,0
16746,313699.297447291,4161532.4678114,0
16747,313699.343873481,4161532.55637847,0
16748,313699.39059093,4161532.64479323,0
16749,313699.43753874,4161532.73308748,0
16750,313699.484656,4161532.82129303,0
16751,313699.531881799,4161532.90944168,0
16752,313699.579155223,4161532.99756525,0
16753,313699.626416476,4161533.08569497,0
16754,313699.673620666,4161533.17385445,0
16755,313699.72073354,4161533.26206187,0
16756,313699.767721074,4161533.3503353,0
16757,313699.814549243,4161533.43869279,0
16758,313699.861184025,4161533.5271524,0
16759,313699.907591397,4161533.6157322,0
16760,313699.953741144,4161533.70444782,0
16761,313699.999614959,4161533.79330731,0
16762,313700.045196861,4161533.88231724,0
16763,313700.090470867,4161533.9714842,0
16764,313700.135420993,4161534.06081475,0
16765,313700.180031257,4161534.15031547,0
16766,313700.224285928,4161534.23999279,0
16767,313700.268174169,4161534.32985034,0
16768,313700.311689593,4161534.41988922,0
16769,313700.354825977,4161534.51011042,0
16770,313700.397577096,4161534.60051493,0
16771,313700.439936727,4161534.69110376,0
16772,313700.481898645,4161534.7818779,0
16773,313700.523456772,4161534.87283815,0
16774,313700.564605592,4161534.96398455,0
16775,313700.605339728,4161535.05531695,0
16776,313700.645653801,4161535.14683519,0
16777,313700.685542431,4161535.23853914,0
16778,313700.725000241,4161535.33042864,0
16779,313700.764022024,4161535.42250349,0
16780,313700.802610654,4161535.51476036,0
16781,313700.840780334,4161535.6071916,0
16782,313700.878546116,4161535.69978925,0
16783,313700.91592305,4161535.79254532,0
16784,313700.95292619,4161535.88545184,0
16785,313700.989570584,4161535.97850082,0
16786,313701.025870703,4161536.07168455,0
16787,313701.061831228,4161536.1649994,0
16788,313701.09744873,4161536.25844516,0
16789,313701.132719538,4161536.35202173,0
16790,313701.167639977,4161536.44572902,0
16791,313701.202206375,4161536.53956691,0
16792,313701.236415058,4161536.6335353,0
16793,313701.270262995,4161536.72763387,0
16794,313701.303758321,4161536.82185845,0
16795,313701.336918639,4161536.91620159,0
16796,313701.369761853,4161537.01065575,0
16797,313701.402305868,4161537.10521338,0
16798,313701.43456852,4161537.19986699,0
16799,313701.466565914,4161537.29461016,0
16800,313701.498312277,4161537.38943766,0
16801,313701.52982175,4161537.4843443,0
16802,313701.561108468,4161537.57932491,0
16803,313701.592186569,4161537.67437432,0
16804,313701.623060788,4161537.76949032,0
16805,313701.653703389,4161537.86468098,0
16806,313701.684079636,4161537.9599566,0
16807,313701.714154791,4161538.05532747,0
16808,313701.743894117,4161538.15080389,0
16809,313701.773265291,4161538.24639517,0
16810,313701.802250099,4161538.34210504,0
16811,313701.830835431,4161538.43793514,0
16812,313701.859008185,4161538.53388716,0
16813,313701.886755258,4161538.62996274,0
16814,313701.914063777,4161538.72616349,0
16815,313701.940932496,4161538.82248787,0
16816,313701.967377129,4161538.91892971,0
16817,313701.993414732,4161539.01548252,0
16818,313702.019062361,4161539.11213978,0
16819,313702.04433707,4161539.20889497,0
16820,313702.069256027,4161539.30574191,0
16821,313702.093836638,4161539.40267507,0
16822,313702.118096342,4161539.49968904,0
16823,313702.142052577,4161539.59677839,0
16824,313702.165722782,4161539.69393769,0
16825,313702.189124197,4161539.79116164,0
16826,313702.21227257,4161539.8884459,0
16827,313702.235182968,4161539.98578655,0
16828,313702.257870454,4161540.08317967,0
16829,313702.280350094,4161540.18062134,0
16830,313702.302636949,4161540.27810766,0
16831,313702.324746085,4161540.3756347,0
16832,313702.346687522,4161540.47319967,0
16833,313702.368454081,4161540.57080364,0
16834,313702.390034917,4161540.66844846,0
16835,313702.411419186,4161540.76613601,0
16836,313702.432596041,4161540.86386816,0
16837,313702.453554639,4161540.96164679,0
16838,313702.474284897,4161541.0594736,0
16839,313702.494794561,4161541.15734678,0
16840,313702.515109356,4161541.25526095,0
16841,313702.535255802,4161541.35321056,0
16842,313702.555260417,4161541.45119005,0
16843,313702.575149721,4161541.54919389,0
16844,313702.594950159,4161541.64721653,0
16845,313702.614663243,4161541.74525724,0
16846,313702.634229488,4161541.84332699,0
16847,313702.653580256,4161541.94143848,0
16848,313702.672646905,4161542.03960446,0
16849,313702.691360797,4161542.13783764,0
16850,313702.709653292,4161542.23615074,0
16851,313702.727462726,4161542.33455471,0
16852,313702.744762883,4161542.43305138,0
16853,313702.761538776,4161542.53163973,0
16854,313702.777775424,4161542.63031872,0
16855,313702.793457846,4161542.72908732,0
16856,313702.808571061,4161542.82794449,0
16857,313702.823100464,4161542.92688913,0
16858,313702.837040205,4161543.02591871,0
16859,313702.850393246,4161543.1250292,0
16860,313702.863162935,4161543.22421655,0
16861,313702.875352622,4161543.32347668,0
16862,313702.886965656,4161543.42280553,0
16863,313702.898005391,4161543.52219901,0
16864,313702.908478438,4161543.62165306,0
16865,313702.918400353,4161543.72116359,0
16866,313702.927788214,4161543.82072651,0
16867,313702.936659099,4161543.92033774,0
16868,313702.945030086,4161544.01999319,0
16869,313702.952918253,4161544.11968876,0
16870,313702.960340678,4161544.21942038,0
16871,313702.967311911,4161544.3191842,0
16872,313702.973833354,4161544.41897767,0
16873,313702.979902151,4161544.51879868,0
16874,313702.985515446,4161544.61864509,0
16875,313702.99067038,4161544.71851477,0
16876,313702.995364095,4161544.8184056,0
16877,313702.999593789,4161544.91831546,0
16878,313703.003365499,4161545.01824251,0
16879,313703.00670368,4161545.11818554,0
16880,313703.009635091,4161545.2181434,0
16881,313703.012186489,4161545.31811496,0
16882,313703.014384575,4161545.41809907,0
16883,313703.016232879,4161545.51809391,0
16884,313703.017676242,4161545.61809595,0
16885,313703.01865035,4161545.7181014,0
16886,313703.01909089,4161545.81810646,0
16887,313703.01893355,4161545.91810732,0
16888,313703.018114016,4161546.01810021,0
16889,313703.016571651,4161546.11808142,0
16890,313703.014333866,4161546.21804996,0
16891,313703.011518115,4161546.3180076,0
16892,313703.008245924,4161546.4179562,0
16893,313703.004638821,4161546.51789765,0
16894,313703.000818334,4161546.61783382,0
16895,313702.996905989,4161546.71776659,0
16896,313702.993017058,4161546.81769782,0
16897,313702.989209948,4161546.91762913,0
16898,313702.985512726,4161547.01756203,0
16899,313702.981953175,4161547.11749801,0
16900,313702.978559079,4161547.21743857,0
16901,313702.97535822,4161547.31738522,0
16902,313702.972378383,4161547.41733945,0
16903,313702.969647766,4161547.51730265,0
16904,313702.967199653,4161547.61727464,0
16905,313702.965070723,4161547.71725421,0
16906,313702.963297718,4161547.81724013,0
16907,313702.961917382,4161547.91723119,0
16908,313702.96096391,4161548.01722615,0
16909,313702.960414722,4161548.11722401,0
16910,313702.960191442,4161548.21722393,0
16911,313702.960213339,4161548.31722508,0
16912,313702.960399685,4161548.41722666,0
16913,313702.960669749,4161548.51722782,0
16914,313702.960949908,4161548.617228,0
16915,313702.961192146,4161548.71722752,0
16916,313702.96135422,4161548.81722688,0
16917,313702.961393887,4161548.9172266,0
16918,313702.961268902,4161549.01722718,0
16919,313702.960936211,4161549.11722894,0
16920,313702.960345901,4161549.2172304,0
16921,313702.959444607,4161549.31722921,0
16922,313702.958178933,4161549.41722301,0
16923,313702.956495486,4161549.51720942,0
16924,313702.954340877,4161549.61718607,0
16925,313702.951678487,4161549.71715086,0
16926,313702.948527014,4161549.81710243,0
16927,313702.944916541,4161549.9170396,0
16928,313702.940877153,4161550.01696122,0
16929,313702.936438936,4161550.11686608,0
16930,313702.931627512,4161550.21675302,0
16931,313702.926447469,4161550.31662075,0
16932,313702.920897197,4161550.416468,0
16933,313702.914975088,4161550.51629349,0
16934,313702.908679532,4161550.61609592,0
16935,313702.902009783,4161550.71587409,0
16936,313702.894973812,4161550.8156274,0
16937,313702.887584626,4161550.91535564,0
16938,313702.879855296,4161551.0150586,0
16939,313702.87179889,4161551.11473606,0
16940,313702.86342848,4161551.21438783,0
16941,313702.854757129,4161551.31401368,0
16942,313702.845794681,4161551.41361327,0
16943,313702.836542268,4161551.51318591,0
16944,313702.826999568,4161551.61273082,0
16945,313702.817166256,4161551.71224724,0
16946,313702.807042009,4161551.81173442,0
16947,313702.796626504,4161551.91119159,0
16948,313702.785919044,4161552.01061791,0
16949,313702.774916878,4161552.11001221,0
16950,313702.76361655,4161552.20937314,0
16951,313702.752014602,4161552.30869938,0
16952,313702.740107577,4161552.40798962,0
16953,313702.727892017,4161552.50724252,0
16954,313702.715364344,4161552.60645674,0
16955,313702.702518126,4161552.70563033,0
16956,313702.68934402,4161552.80476074,0
16957,313702.675832558,4161552.90384537,0
16958,313702.661974269,4161553.00288165,0
16959,313702.647759684,4161553.10186699,0
16960,313702.633180678,4161553.20079902,0
16961,313702.61823897,4161553.29967699,0
16962,313702.602940647,4161553.39850082,0
16963,313702.587291812,4161553.49727045,0
16964,313702.571298573,4161553.59598583,0
16965,313702.554966783,4161553.69464684,0
16966,313702.538287698,4161553.79325036,0
16967,313702.521230186,4161553.89178863,0
16968,313702.503761216,4161553.99025351,0
16969,313702.485847756,4161554.08863686,0
16970,313702.467456775,4161554.18693053,0
16971,313702.448564931,4161554.28512836,0
16972,313702.429199137,4161554.3832345,0
16973,313702.409402545,4161554.48125642,0
16974,313702.389218317,4161554.57920157,0
16975,313702.368689614,4161554.67707744,0
16976,313702.347849655,4161554.77488923,0
16977,313702.32666394,4161554.87262669,0
16978,313702.305069736,4161554.97027315,0
16979,313702.283004218,4161555.0678119,0
16980,313702.260404559,4161555.16522624,0
16981,313702.237207934,4161555.26249947,0
16982,313702.213352822,4161555.35961504,0
16983,313702.188800547,4161555.45655912,0
16984,313702.163531881,4161555.5533202,0
16985,313702.137528219,4161555.64988685,0
16986,313702.110770955,4161555.74624763,0
16987,313702.083242492,4161555.84239138,0
16988,313702.054944288,4161555.93831247,0
16989,313702.025894831,4161556.03401015,0
16990,313701.996113204,4161556.12948386,0
16991,313701.965618491,4161556.22473305,0
16992,313701.934429776,4161556.31975715,0
16993,313701.902566142,4161556.41455559,0
16994,313701.87004698,4161556.50912841,0
16995,313701.836893215,4161556.60347856,0
16996,313701.803126254,4161556.69760995,0
16997,313701.768767507,4161556.79152647,0
16998,313701.733838381,4161556.88523201,0
16999,313701.69836025,4161556.97873047,0
17000,313701.662353106,4161557.07202593,0
17001,313701.625835141,4161557.16512268,0
17002,313701.588824425,4161557.25802502,0
17003,313701.55133903,4161557.35073729,0
17004,313701.513397026,4161557.44326377,0
17005,313701.475012984,4161557.53560748,0
17006,313701.43618781,4161557.62776625,0
17007,313701.396919071,4161557.71973667,0
17008,313701.357204336,4161557.81151532,0
17009,313701.317041173,4161557.90309879,0
17010,313701.276427138,4161557.99448365,0
17011,313701.235358348,4161558.08566555,0
17012,313701.193828144,4161558.17663831,0
17013,313701.151829546,4161558.26739556,0
17014,313701.109355579,4161558.35793093,0
17015,313701.066399264,4161558.44823804,0
17016,313701.022954098,4161558.53831075,0
17017,313700.97902318,4161558.62814765,0
17018,313700.934618554,4161558.71775172,0
17019,313700.889752603,4161558.80712612,0
17020,313700.844437711,4161558.89627402,0
17021,313700.798686261,4161558.98519858,0
17022,313700.752510484,4161559.07390297,0
17023,313700.705921399,4161559.16239055,0
17024,313700.658929449,4161559.25066474,0
17025,313700.61154507,4161559.338729,0
17026,313700.563778701,4161559.42658674,0
17027,313700.515640781,4161559.51424141,0
17028,313700.467141485,4161559.60169632,0
17029,313700.418287362,4161559.68895315,0
17030,313700.369082304,4161559.77601241,0
17031,313700.319530144,4161559.86287456,0
17032,313700.269634713,4161559.94954005,0
17033,313700.219399844,4161560.03600937,0
17034,313700.168829063,4161560.12228279,0
17035,313700.117919881,4161560.20835695,0
17036,313700.066664308,4161560.29422518,0
17037,313700.015054153,4161560.37988068,0
17038,313699.963081224,4161560.46531664,0
17039,313699.910737327,4161560.55052626,0
17040,313699.858014338,4161560.63550275,0
17041,313699.804905675,4161560.72023961,0
17042,313699.751406312,4161560.80473062,0
17043,313699.697511295,4161560.88896958,0
17044,313699.643215667,4161560.97295027,0
17045,313699.588514474,4161561.0566665,0
17046,313699.533402761,4161561.14011205,0
17047,313699.477881179,4161561.22328471,0
17048,313699.421968768,4161561.30619529,0
17049,313699.365688331,4161561.38885728,0
17050,313699.309062672,4161561.47128416,0
17051,313699.252114594,4161561.55348944,0
17052,313699.194866902,4161561.63548659,0
17053,313699.13734166,4161561.71728864,0
17054,313699.079547252,4161561.79889966,0
17055,313699.021479997,4161561.88031587,0
17056,313698.963135804,4161561.96153325,0
17057,313698.904510578,4161562.04254774,0
17058,313698.845600228,4161562.12335529,0
17059,313698.78640066,4161562.20395187,0
17060,313698.726908356,4161562.28433356,0
17061,313698.667121239,4161562.36449678,0
17062,313698.607037458,4161562.44443799,0
17063,313698.546655162,4161562.52415368,0
17064,313698.485972498,4161562.60364031,0
17065,313698.424987615,4161562.68289434,0
17066,313698.363699011,4161562.76191255,0
17067,313698.30211848,4161562.84070269,0
17068,313698.240274885,4161562.91928669,0
17069,313698.178198214,4161562.99768737,0
17070,313698.115918452,4161563.07592757,0
17071,313698.053465104,4161563.15402975,0
17072,313697.990845372,4161563.23199848,0
17073,313697.928035222,4161563.30981327,0
17074,313697.865008294,4161563.38745179,0
17075,313697.801738223,4161563.46489169,0
17076,313697.73819866,4161563.54211065,0
17077,313697.674369959,4161563.6190915,0
17078,313697.610250072,4161563.69583066,0
17079,313697.545839806,4161563.77232675,0
17080,313697.481139966,4161563.84857839,0
17081,313697.416151359,4161563.92458421,0
17082,313697.35087412,4161564.00034224,0
17083,313697.28530601,4161564.0758485,0
17084,313697.219444258,4161564.15109855,0
17085,313697.153286094,4161564.22608794,0
17086,313697.08682875,4161564.30081224,0
17087,313697.020069978,4161564.37526744,0
17088,313696.953011665,4161564.44945313,0
17089,313696.885657671,4161564.52337061,0
17090,313696.818011866,4161564.59702116,0
17091,313696.750078121,4161564.67040609,0
17092,313696.681860619,4161564.74352701,0
17093,313696.613368452,4161564.81639056,0
17094,313696.544614609,4161564.88900734,0
17095,313696.475612186,4161564.96138808,0
17096,313696.406374282,4161565.0335435,0
17097,313696.336913992,4161565.10548431,0
17098,313696.267244154,4161565.17722137,0
17099,313696.197376905,4161565.24876588,0
17100,313696.127324259,4161565.32012912,0
17101,313696.057098234,4161565.39132234,0
17102,313695.986710846,4161565.46235682,0
17103,313695.916172338,4161565.53324201,0
17104,313695.845473172,4161565.6039671,0
17105,313695.774591434,4161565.67450861,0
17106,313695.703505017,4161565.74484286,0
17107,313695.632191816,4161565.81494618,0
17108,313695.560629732,4161565.88479489,0
17109,313695.488804656,4161565.95437342,0
17110,313695.416726008,4161566.02369004,0
17111,313695.344407518,4161566.09275741,0
17112,313695.271862914,4161566.16158817,0
17113,313695.199105927,4161566.23019495,0
17114,313695.126148714,4161566.29858877,0
17115,313695.052990256,4161566.36676679,0
17116,313694.979622942,4161566.4347193,0
17117,313694.906039113,4161566.5024365,0
17118,313694.832231109,4161566.56990862,0
17119,313694.7581913,4161566.63712591,0
17120,313694.683917743,4161566.70408493,0
17121,313694.609421027,4161566.77079611,0
17122,313694.534713415,4161566.83727178,0
17123,313694.45980717,4161566.90352421,0
17124,313694.384714554,4161566.96956573,0
17125,313694.30944733,4161567.03540808,0
17126,313694.234009426,4161567.1010544,0
17127,313694.158398545,4161567.16650096,0
17128,313694.082612219,4161567.23174385,0
17129,313694.006647977,4161567.29677918,0
17130,313693.930503352,4161567.36160303,0
17131,313693.854175968,4161567.4262116,0
17132,313693.777665739,4161567.4906037,0
17133,313693.70097494,4161567.55478084,0
17134,313693.624105954,4161567.61874463,0
17135,313693.547061165,4161567.68249671,0
17136,313693.469842955,4161567.7460387,0
17137,313693.39245355,4161567.80937204,0
17138,313693.314894117,4161567.87249699,0
17139,313693.237165387,4161567.93541327,0
17140,313693.159268092,4161567.99812064,0
17141,313693.081202964,4161568.06061884,0
17142,313693.002970732,4161568.12290761,0
17143,313692.924572359,4161568.18498702,0
17144,313692.846010019,4161568.24685876,0
17145,313692.767286281,4161568.30852509,0
17146,313692.688403712,4161568.36998823,0
17147,313692.609364884,4161568.43125044,0
17148,313692.530172359,4161568.49231396,0
17149,313692.450827778,4161568.55317981,0
17150,313692.371330779,4161568.61384641,0
17151,313692.291680734,4161568.67431185,0
17152,313692.211877015,4161568.7345742,0
17153,313692.131918997,4161568.79463154,0
17154,313692.051806055,4161568.85448195,0
17155,313691.971538419,4161568.91412468,0
17156,313691.891118323,4161568.97356175,0
17157,313691.810548285,4161569.03279554,0
17158,313691.729830825,4161569.09182846,0
17159,313691.648968461,4161569.1506629,0
17160,313691.567963712,4161569.20930126,0
17161,313691.486818171,4161569.26774465,0
17162,313691.405531149,4161569.32599101,0
17163,313691.324101601,4161569.38403779,0
17164,313691.242528487,4161569.44188244,0
17165,313691.160810766,4161569.49952242,0
17166,313691.078947394,4161569.55695517,0
17167,313690.996938022,4161569.61417916,0
17168,313690.914784739,4161569.67119641,0
17169,313690.832490179,4161569.72800976,0
17170,313690.750056972,4161569.78462201,0
17171,313690.667487749,4161569.84103599,0
17172,313690.584785142,4161569.89725453,0
17173,313690.50195077,4161569.9532789,0
17174,313690.418983039,4161570.00910555,0
17175,313690.335879719,4161570.06472996,0
17176,313690.252638581,4161570.12014762,0
17177,313690.169257396,4161570.17535399,0
17178,313690.085733934,4161570.23034456,0
17179,313690.002066269,4161570.28511527,0
17180,313689.918255743,4161570.33966716,0
17181,313689.834305687,4161570.39400432,0
17182,313689.75021946,4161570.44813091,0
17183,313689.666000421,4161570.50205107,0
17184,313689.58165193,4161570.55576896,0
17185,313689.497177182,4161570.60928845,0
17186,313689.412576625,4161570.66260896,0
17187,313689.327848422,4161570.71572614,0
17188,313689.242990668,4161570.76863556,0
17189,313689.158001458,4161570.82133277,0
17190,313689.072878887,4161570.87381333,0
17191,313688.987621058,4161570.92607283,0
17192,313688.90222731,4161570.97810916,0
17193,313688.816699417,4161571.02992483,0
17194,313688.731039436,4161571.0815229,0
17195,313688.645249425,4161571.13290641,0
17196,313688.559331444,4161571.18407842,0
17197,313688.473287549,4161571.23504196,0
17198,313688.387116033,4161571.285793,0
17199,313688.30079781,4161571.33629476,0
17200,313688.214308788,4161571.38650103,0
17201,313688.127624876,4161571.43636562,0
17202,313688.040721981,4161571.48584233,0
17203,313687.953576012,4161571.53488495,0
17204,313687.866165216,4161571.58345155,0
17205,313687.778501303,4161571.63156137,0
17206,313687.690620977,4161571.67927929,0
17207,313687.602561544,4161571.72667132,0
17208,313687.514360308,4161571.77380346,0
17209,313687.426054575,4161571.82074169,0
17210,313687.337681638,4161571.86755201,0
17211,313687.249271326,4161571.91428757,0
17212,313687.160833127,4161571.96096661,0
17213,313687.072373097,4161572.0076015,0
17214,313686.983897292,4161572.05420458,0
17215,313686.895411765,4161572.10078821,0
17216,313686.806922573,4161572.14736474,0
17217,313686.718435755,4161572.19394649,0
17218,313686.629956399,4161572.24054353,0
17219,313686.541488129,4161572.28716253,0
17220,313686.453034445,4161572.33380984,0
17221,313686.364598846,4161572.38049182,0
17222,313686.276184832,4161572.42721483,0
17223,313686.187795901,4161572.47398524,0
17224,313686.099435192,4161572.52080872,0
17225,313686.011103365,4161572.56768646,0
17226,313685.922800036,4161572.61461768,0
17227,313685.834524819,4161572.66160164,0
17228,313685.746277327,4161572.70863758,0
17229,313685.658057175,4161572.75572474,0
17230,313685.569863975,4161572.80286236,0
17231,313685.481697208,4161572.85004943,0
17232,313685.393555821,4161572.89728393,0
17233,313685.305438625,4161572.9445636,0
17234,313685.217344434,4161572.99188616,0
17235,313685.129272057,4161573.03924934,0
17236,313685.041220308,4161573.08665086,0
17237,313684.953187998,4161573.13408845,0
17238,313684.865174037,4161573.18156004,0
17239,313684.777177573,4161573.22906402,0
17240,313684.689197787,4161573.27659887,0
17241,313684.601233863,4161573.32416305,0
17242,313684.513284983,4161573.37175504,0
17243,313684.425350331,4161573.4193733,0
17244,313684.337429087,4161573.4670163,0
17245,313684.249520216,4161573.51468212,0
17246,313684.161622088,4161573.56236775,0
17247,313684.073732977,4161573.61006999,0
17248,313683.985851157,4161573.65778568,0
17249,313683.897974902,4161573.70551162,0
17250,313683.810102485,4161573.75324463,0
17251,313683.72223218,4161573.80098153,0
17252,313683.634362727,4161573.84871999,0
17253,313683.54649428,4161573.89646029,0
17254,313683.458627261,4161573.94420322,0
17255,313683.370762092,4161573.99194955,0
17256,313683.282899194,4161574.03970005,0
17257,313683.19503899,4161574.08745551,0
17258,313683.107181898,4161574.1352167,0
17259,313683.019327975,4161574.18298371,0
17260,313682.931476465,4161574.23075516,0
17261,313682.843626507,4161574.27852947,0
17262,313682.755777239,4161574.32630506,0
17263,313682.667927798,4161574.37408032,0
17264,313682.580077323,4161574.42185369,0
17265,313682.492224952,4161574.46962357,0
17266,313682.404369841,4161574.51738841,0
17267,313682.316511279,4161574.5651469,0
17268,313682.228648615,4161574.61289785,0
17269,313682.140781197,4161574.66064004,0
17270,313682.052908373,4161574.70837228,0
17271,313681.965029492,4161574.75609338,0
17272,313681.877143902,4161574.80380212,0
17273,313681.789250956,4161574.85149731,0
17274,313681.701350131,4161574.89917799,0
17275,313681.613441058,4161574.94684346,0
17276,313681.525523382,4161574.99449307,0
17277,313681.437596746,4161575.04212613,0
17278,313681.349660791,4161575.08974198,0
17279,313681.261715162,4161575.13733995,0
17280,313681.1737595,4161575.18491938,0
17281,313681.085793979,4161575.23248057,0
17282,313680.997820762,4161575.28002752,0
17283,313680.909842478,4161575.3275651,0
17284,313680.821861756,4161575.37509818,0
17285,313680.733881226,4161575.42263161,0
17286,313680.645903517,4161575.47017025,0
17287,313680.557931259,4161575.51771898,0
17288,313680.469966452,4161575.5652815,0
17289,313680.382007292,4161575.61285445,0
17290,313680.294050544,4161575.66043187,0
17291,313680.206092972,4161575.70800777,0
17292,313680.118131341,4161575.75557615,0
17293,313680.030162491,4161575.80313118,0
17294,313679.942185489,4161575.85067113,0
17295,313679.854201923,4161575.89819894,0
17296,313679.766213515,4161575.94571778,0
17297,313679.678221987,4161575.99323085,0
17298,313679.590229063,4161576.04074133,0
17299,313679.502236018,4161576.08825158,0
17300,313679.41424146,4161576.13575903,0
17301,313679.326243011,4161576.18325927,0
17302,313679.23823829,4161576.23074789,0
17303,313679.150224917,4161576.27822048,0
17304,313679.062200625,4161576.32567286,0
17305,313678.974164706,4161576.37310369,0
17306,313678.886117572,4161576.42051368,0
17307,313678.798059656,4161576.46790361,0
17308,313678.709991396,4161576.51527424,0
17309,313678.621913288,4161576.56262646,0
17310,313678.533827216,4161576.6099638,0
17311,313678.445736433,4161576.65729241,0
17312,313678.357644249,4161576.70461854,0
17313,313678.269553977,4161576.75194846,0
17314,313678.181468865,4161576.79928831,0
17315,313678.0933848,4161576.84663036,0
17316,313678.005283327,4161576.8939399,0
17317,313677.917144336,4161576.9411791,0
17318,313677.828947716,4161576.98831012,0
17319,313677.74067336,4161577.03529512,0
17320,313677.652307799,4161577.08210867,0
17321,313677.563858676,4161577.12876472,0
17322,313677.475337822,4161577.17528503,0
17323,313677.386757069,4161577.22169137,0
17324,313677.298128245,4161577.26800548,0
17325,313677.209463058,4161577.31424895,0
17326,313677.120770785,4161577.36043939,0
17327,313677.0320585,4161577.4065909,0
17328,313676.943333199,4161577.45271743,0
17329,313676.854601875,4161577.49883291,0
17330,313676.765871525,4161577.5449513,0
17331,313676.677149143,4161577.59108656,0
17332,313676.588441723,4161577.63725262,0
17333,313676.499756729,4161577.68346425,0
17334,313676.411109027,4161577.72974902,0
17335,313676.322519378,4161577.7761447,0
17336,313676.23400871,4161577.82268934,0
17337,313676.145597951,4161577.869421,0
17338,313676.057308028,4161577.91637774,0
17339,313675.969159869,4161577.96359762,0
17340,313675.881174399,4161578.01111869,0
17341,313675.793369664,4161578.05897359,0
17342,313675.705740339,4161578.10715107,0
17343,313675.618269771,4161578.15561859,0
17344,313675.530941229,4161578.20434345,0
17345,313675.443737983,4161578.253293,0
17346,313675.356643559,4161578.30243503,0
17347,313675.269647883,4161578.35175003,0
17348,313675.182747609,4161578.40123177,0
17349,313675.095939709,4161578.45087463,0
17350,313675.009221157,4161578.50067304,0
17351,313674.922588926,4161578.55062138,0
17352,313674.836039697,4161578.60071354,0
17353,313674.749568643,4161578.6509408,0
17354,313674.663170452,4161578.70129358,0
17355,313674.57683981,4161578.7517623,0
17356,313674.490571404,4161578.80233738,0
17357,313674.404359925,4161578.85300927,0
17358,313674.318200358,4161578.90376908,0
17359,313674.232088115,4161578.95460898,0
17360,313674.146018641,4161579.00552118,0
17361,313674.059987384,4161579.05649791,0
17362,313673.973989791,4161579.10753141,0
17363,313673.888021908,4161579.15861493,0
17364,313673.80208117,4161579.20974411,0
17365,313673.716165206,4161579.26091494,0
17366,313673.63027165,4161579.31212338,0
17367,313673.544398131,4161579.36336541,0
17368,313673.458542276,4161579.41463702,0
17369,313673.372701502,4161579.46593383,0
17370,313673.286872969,4161579.51725111,0
17371,313673.201053823,4161579.56858408,0
17372,313673.115241209,4161579.61992798,0
17373,313673.029432272,4161579.67127802,0
17374,313672.943624204,4161579.72262951,0
17375,313672.857814757,4161579.7739787,0
17376,313672.772002055,4161579.82532245,0
17377,313672.686184229,4161579.87665763,0
17378,313672.600359409,4161579.92798112,0
17379,313672.51452574,4161579.9792898,0
17380,313672.428682033,4161580.0305817,0
17381,313672.342827996,4161580.08185631,0
17382,313672.2569634,4161580.13311324,0
17383,313672.171088016,4161580.18435209,0
17384,313672.085201617,4161580.23557247,0
17385,313671.999303984,4161580.28677401,0
17386,313671.913395125,4161580.33795672,0
17387,313671.827475253,4161580.38912093,0
17388,313671.741544588,4161580.44026701,0
17389,313671.655603352,4161580.49139533,0
17390,313671.569651763,4161580.54250625,0
17391,313671.483689986,4161580.59360003,0
17392,313671.39771775,4161580.64467622,0
17393,313671.311734595,4161580.69573401,0
17394,313671.225740058,4161580.74677263,0
17395,313671.139733676,4161580.79779129,0
17396,313671.053714987,4161580.84878919,0
17397,313670.967683818,4161580.89976603,0
17398,313670.881640728,4161580.95072275,0
17399,313670.795586385,4161581.00166047,0
17400,313670.70952146,4161581.05258031,0
17401,313670.623446624,4161581.1034834,0
17402,313670.537362547,4161581.15437086,0
17403,313670.451269707,4161581.20524349,0
17404,313670.365168118,4161581.2561013,0
17405,313670.279057727,4161581.30694421,0
17406,313670.192938479,4161581.35777211,0
17407,313670.106810321,4161581.40858491,0
17408,313670.020673224,4161581.45938256,0
17409,313669.934527382,4161581.51016538,0
17410,313669.848373105,4161581.56093388,0
17411,313669.762210701,4161581.6116886,0
17412,313669.676040481,4161581.66243004,0
17413,313669.589862756,4161581.71315874,0
17414,313669.503677846,4161581.76387522,0
17415,313669.417486335,4161581.81458048,0
17416,313669.331289055,4161581.86527593,0
17417,313669.245086855,4161581.91596302,0
17418,313669.158880578,4161581.96664318,0
17419,313669.072671071,4161582.01731784,0
17420,313668.986459031,4161582.0679882,0
17421,313668.900244075,4161582.11865359,0
17422,313668.814025345,4161582.16931256,0
17423,313668.727801984,4161582.21996364,0
17424,313668.641573131,4161582.27060537,0
17425,313668.555337928,4161582.32123629,0
17426,313668.469095625,4161582.3718551,0
17427,313668.38284654,4161582.42246237,0
17428,313668.296591594,4161582.47305964,0
17429,313668.210331713,4161582.52364851,0
17430,313668.124067825,4161582.57423055,0
17431,313668.037800855,4161582.62480732,0
17432,313667.951531726,4161582.67538042,0
17433,313667.865261312,4161582.72595132,0
17434,313667.778990469,4161582.77652148,0
17435,313667.692720051,4161582.82709237,0
17436,313667.606450912,4161582.87766544,0
17437,313667.520183907,4161582.92824216,0
17438,313667.433919792,4161582.97882379,0
17439,313667.347658337,4161583.02940997,0
17440,313667.261398746,4161583.07999933,0
17441,313667.175140219,4161583.1305905,0
17442,313667.088881955,4161583.18118212,0
17443,313667.002623153,4161583.23177282,0
17444,313666.916363216,4161583.28236159,0
17445,313666.830102394,4161583.33294885,0
17446,313666.743841155,4161583.38353539,0
17447,313666.657579968,4161583.43412203,0
17448,313666.571319302,4161583.48470955,0
17449,313666.485059624,4161583.53529876,0
17450,313666.398801391,4161583.58589043,0
17451,313666.312544793,4161583.63648489,0
17452,313666.226289783,4161583.68708205,0
17453,313666.140036305,4161583.73768183,0
17454,313666.053784303,4161583.78828412,0
17455,313665.967533721,4161583.83888884,0
17456,313665.881284516,4161583.88949591,0
17457,313665.79503677,4161583.94010546,0
17458,313665.708790637,4161583.99071776,0
17459,313665.622546269,4161584.04133306,0
17460,313665.53630382,4161584.09195164,0
17461,313665.450063443,4161584.14257375,0
17462,313665.363825291,4161584.19319964,0
17463,313665.277589518,4161584.24382959,0
17464,313665.191356277,4161584.29446385,0
17465,313665.10512572,4161584.34510268,0
17466,313665.018898003,4161584.39574634,0
17467,313664.932673249,4161584.44639505,0
17468,313664.846451306,4161584.49704855,0
17469,313664.760231859,4161584.54770629,0
17470,313664.67401459,4161584.59836774,0
17471,313664.587799183,4161584.64903236,0
17472,313664.501585321,4161584.69969961,0
17473,313664.415372781,4161584.75036911,0
17474,313664.329161712,4161584.80104111,0
17475,313664.242952353,4161584.85171602,0
17476,313664.156744943,4161584.90239425,0
17477,313664.070539723,4161584.9530762,0
17478,313663.984336932,4161585.00376227,0
17479,313663.898136808,4161585.05445289,0
17480,313663.811939422,4161585.10514816,0
17481,313663.725744349,4161585.15584737,0
17482,313663.639551074,4161585.20654963,0
17483,313663.553359083,4161585.25725408,0
17484,313663.467167862,4161585.30795983,0
17485,313663.380976897,4161585.35866602,0
17486,313663.294785948,4161585.40937223,0
17487,313663.208595283,4161585.46007894,0
17488,313663.122405232,4161585.51078668,0
17489,313663.036216122,4161585.56149602,0
17490,313662.95002828,4161585.61220751,0
17491,313662.863842034,4161585.66292172,0
17492,313662.777657639,4161585.71363908,0
17493,313662.691474733,4161585.76435896,0
17494,313662.605292655,4161585.81508025,0
17495,313662.51911074,4161585.86580182,0
17496,313662.432928323,4161585.91652254,0
17497,313662.346744739,4161585.96724127,0
17498,313662.260559387,4161586.017957,0
17499,313662.174372443,4161586.06867002,0
17500,313662.088184609,4161586.11938153,0
17501,313662.001996596,4161586.17009274,0
17502,313661.915809117,4161586.22080485,0
17503,313661.829622884,4161586.27151908,0
17504,313661.743438604,4161586.32223663,0
17505,313661.657256547,4161586.37295796,0
17506,313661.5710762,4161586.42368219,0
17507,313661.484896969,4161586.47440832,0
17508,313661.398718257,4161586.52513533,0
17509,313661.312539471,4161586.57586222,0
17510,313661.226360015,4161586.62658797,0
17511,313661.14017934,4161586.67731164,0
17512,313661.053997376,4161586.72803313,0
17513,313660.967814353,4161586.77875281,0
17514,313660.881630501,4161586.82947109,0
17515,313660.795446054,4161586.88018836,0
17516,313660.709261242,4161586.930905,0
17517,313660.6230763,4161586.98162143,0
17518,313660.536891493,4161587.03233808,0
17519,313660.450707112,4161587.08305546,0
17520,313660.364523448,4161587.13377406,0
17521,313660.278340794,4161587.18449437,0
17522,313660.192159441,4161587.23521689,0
17523,313660.105979678,4161587.28594212,0
17524,313660.019801513,4161587.33667006,0
17525,313659.933624391,4161587.38739977,0
17526,313659.847447694,4161587.43813021,0
17527,313659.761270801,4161587.48886031,0
17528,313659.675093093,4161587.53958902,0
17529,313659.588913951,4161587.5903153,0
17530,313659.502732795,4161587.64103816,0
17531,313659.416549738,4161587.69175779,0
17532,313659.330365496,4161587.7424754,0
17533,313659.244180799,4161587.79319224,0
17534,313659.15799638,4161587.84390956,0
17535,313659.071812973,4161587.89462859,0
17536,313658.985631308,4161587.94535058,0
17537,313658.899451744,4161587.99607615,0
17538,313658.813273797,4161588.04680446,0
17539,313658.727096869,4161588.0975345,0
17540,313658.640920357,4161588.14826525,0
17541,313658.554743663,4161588.19899569,0
17542,313658.468566186,4161588.24972479,0
17543,313658.382387333,4161588.30045157,0
17544,313658.296206873,4161588.35117561,0
17545,313658.21002509,4161588.4018974,0
17546,313658.123842307,4161588.45261749,0
17547,313658.037658847,4161588.50333644,0
17548,313657.951475033,4161588.55405478,0
17549,313657.865291187,4161588.60477307,0
17550,313657.779107393,4161588.65549144,0
17551,313657.692923274,4161588.70620927,0
17552,313657.606738401,4161588.75692581,0
17553,313657.520552346,4161588.80764034,0
17554,313657.434364679,4161588.85835214,0
17555,313657.348174971,4161588.90906046,0
17556,313657.261982801,4161588.9597646,0
17557,313657.175788271,4161589.01046473,0
17558,313657.089592315,4161589.06116244,0
17559,313657.003395944,4161589.11185944,0
17560,313656.917200167,4161589.16255744,0
17561,313656.831005994,4161589.21325818,0
17562,313656.744814435,4161589.26396336,0
17563,313656.658626428,4161589.31467457,0
17564,313656.5724417,4161589.36539136,0
17565,313656.486258984,4161589.41611157,0
17566,313656.400076981,4161589.46683299,0
17567,313656.313894392,4161589.51755341,0
17568,313656.227709918,4161589.56827063,0
17569,313656.141522278,4161589.61898247,0
17570,313656.055331055,4161589.66968822,0
17571,313655.969137039,4161589.72038922,0
17572,313655.882941115,4161589.77108698,0
17573,313655.796744167,4161589.821783,0
17574,313655.710547078,4161589.87247878,0
17575,313655.624350732,4161589.92317582,0
17576,313655.538156003,4161589.97387561,0
17577,313655.451963267,4161590.02457879,0
17578,313655.365772182,4161590.07528477,0
17579,313655.279582353,4161590.12599289,0
17580,313655.193393382,4161590.17670247,0
17581,313655.107204875,4161590.22741284,0
17582,313655.021016433,4161590.27812331,0
17583,313654.93482767,4161590.32883324,0
17584,313654.848638431,4161590.37954237,0
17585,313654.762448831,4161590.43025087,0
17586,313654.676258997,4161590.48095899,0
17587,313654.590069058,4161590.53166692,0
17588,313654.503879141,4161590.58237489,0
17589,313654.417689376,4161590.63308312,0
17590,313654.331499883,4161590.68379181,0
17591,313654.245310766,4161590.73450114,0
17592,313654.159122122,4161590.78521127,0
17593,313654.072934051,4161590.83592238,0
17594,313653.986746652,4161590.88663463,0
17595,313653.900560023,4161590.93734819,0
17596,313653.814374262,4161590.98806322,0
17597,313653.728189339,4161591.03877968,0
17598,313653.642004967,4161591.08949707,0
17599,313653.55582083,4161591.14021486,0
17600,313653.469636609,4161591.19093251,0
17601,313653.383451988,4161591.24164948,0
17602,313653.297266649,4161591.29236524,0
17603,313653.211080277,4161591.34307923,0
17604,313653.124892647,4161591.39379109,0
17605,313653.038703752,4161591.44450079,0
17606,313652.952513612,4161591.49520838,0
17607,313652.866322248,4161591.5459139,0
17608,313652.780129682,4161591.59661736,0
17609,313652.693935933,4161591.64731882,0
17610,313652.607741065,4161591.69801837,0
17611,313652.52154545,4161591.74871666,0
17612,313652.43534959,4161591.79941452,0
17613,313652.349153989,4161591.85011283,0
17614,313652.262959153,4161591.90081244,0
17615,313652.176765585,4161591.9515142,0
17616,313652.09057379,4161592.00221898,0
17617,313652.004384258,4161592.0529276,0
17618,313651.918197028,4161592.10364014,0
17619,313651.832011594,4161592.15435573,0
17620,313651.745827418,4161592.20507346,0
17621,313651.659643961,4161592.25579241,0
17622,313651.573460684,4161592.30651166,0
17623,313651.48727705,4161592.35723031,0
17624,313651.401092589,4161592.40794755,0
17625,313651.314907251,4161592.4586633,0
17626,313651.228721138,4161592.50937774,0
17627,313651.142534351,4161592.56009103,0
17628,313651.056346991,4161592.61080335,0
17629,313650.970159161,4161592.66151486,0
17630,313650.883970961,4161592.71222575,0
17631,313650.797782479,4161592.76293616,0
17632,313650.711593735,4161592.81364612,0
17633,313650.62540473,4161592.86435564,0
17634,313650.539215466,4161592.91506472,0
17635,313650.453025944,4161592.96577336,0
17636,313650.366836165,4161593.01648157,0
17637,313650.280646131,4161593.06718934,0
17638,313650.194455849,4161593.11789669,0
17639,313650.108265343,4161593.16860366,0
17640,313650.022074642,4161593.21931029,0
17641,313649.935883774,4161593.27001665,0
17642,313649.849692767,4161593.32072276,0
17643,313649.763501651,4161593.3714287,0
17644,313649.677310452,4161593.42213449,0
17645,313649.5911192,4161593.47284019,0
17646,313649.504927923,4161593.52354585,0
17647,313649.418736649,4161593.57425151,0
17648,313649.332545411,4161593.62495723,0
17649,313649.246354275,4161593.67566313,0
17650,313649.160163325,4161593.72636935,0
17651,313649.073972645,4161593.77707602,0
17652,313648.987782318,4161593.82778329,0
17653,313648.901592429,4161593.87849131,0
17654,313648.81540306,4161593.92920021,0
17655,313648.729214285,4161593.97991012,0
17656,313648.643026036,4161594.03062093,0
17657,313648.556838138,4161594.08133233,0
17658,313648.470650414,4161594.13204403,0
17659,313648.384462687,4161594.18275572,0
17660,313648.298274782,4161594.23346711,0
17661,313648.21208652,4161594.28417789,0
17662,313648.125897725,4161594.33488777,0
17663,313648.039708221,4161594.38559644,0
17664,313647.953517831,4161594.4363036,0
17665,313647.867326377,4161594.48700896,0
17666,313647.781133701,4161594.53771224,0
17667,313647.694939842,4161594.58841351,0
17668,313647.608744969,4161594.63911306,0
17669,313647.52254925,4161594.68981116,0
17670,313647.436352855,4161594.74050812,0
17671,313647.350155953,4161594.79120422,0
17672,313647.263958715,4161594.84189974,0
17673,313647.177761302,4161594.89259497,0
17674,313647.091563744,4161594.94328995,0
17675,313647.005365955,4161594.99398453,0
17676,313646.919167842,4161595.04467857,0
17677,313646.832969316,4161595.0953719,0
17678,313646.746770284,4161595.14606438,0
17679,313646.660570657,4161595.19675584,0
17680,313646.57437034,4161595.24744613,0
17681,313646.488169227,4161595.29813507,0
17682,313646.401967208,4161595.34882246,0
17683,313646.315764172,4161595.39950813,0
17684,313646.229560006,4161595.45019187,0
17685,313646.143354602,4161595.50087351,0
17686,313646.057147846,4161595.55155285,0
17687,313645.97093963,4161595.6022297,0
17688,313645.884729841,4161595.65290388,0
17689,313645.798518369,4161595.70357519,0
17690,313645.712305102,4161595.75424345,0
17691,313645.626090189,4161595.80490891,0
17692,313645.53987464,4161595.85557329,0
17693,313645.453659651,4161595.90623862,0
17694,313645.367446416,4161595.95690693,0
17695,313645.28123613,4161596.00758026,0
17696,313645.195029987,4161596.05826064,0
17697,313645.108829181,4161596.10895011,0
17698,313645.022634682,4161596.1596503,0
17699,313644.936444471,4161596.21035779,0
17700,313644.850254427,4161596.26106557,0
17701,313644.76406038,4161596.31176653,0
17702,313644.677858163,4161596.36245359,0
17703,313644.591643608,4161596.41311966,0
17704,313644.505412547,4161596.46375764,0
17705,313644.419160818,4161596.51436045,0
17706,313644.332885193,4161596.56492257,0
17707,313644.246584346,4161596.61544166,0
17708,313644.160257186,4161596.66591579,0
17709,313644.073902621,4161596.716343,0
17710,313643.987519561,4161596.76672134,0
17711,313643.901106912,4161596.81704888,0
17712,313643.814663622,4161596.86732374,0
17713,313643.728190252,4161596.91754682,0
17714,313643.641689568,4161596.96772286,0
17715,313643.555164496,4161597.01785688,0
17716,313643.468617963,4161597.06795387,0
17717,313643.382052894,4161597.11801885,0
17718,313643.295472215,4161597.16805682,0
17719,313643.208878852,4161597.21807279,0
17720,313643.122276014,4161597.26807228,0
17721,313643.035669207,4161597.31806481,0
17722,313642.949065047,4161597.3680619,0
17723,313642.862470158,4161597.41807505,0
17724,313642.775891163,4161597.46811577,0
17725,313642.689334685,4161597.51819557,0
17726,313642.602807348,4161597.56832596,0
17727,313642.516315697,4161597.61851828,0
17728,313642.429865687,4161597.66878252,0
17729,313642.34346301,4161597.7191281,0
17730,313642.257113353,4161597.7695644,0
17731,313642.170822405,4161597.82010084,0
17732,313642.084595856,4161597.8707468,0
17733,313641.998439393,4161597.9215117,0
17734,313641.912358633,4161597.97240481,0
17735,313641.826355626,4161598.02342933,0
17736,313641.740427344,4161598.07457981,0
17737,313641.65457037,4161598.12585015,0
17738,313641.568781286,4161598.17723423,0
17739,313641.483056675,4161598.22872595,0
17740,313641.39739312,4161598.28031919,0
17741,313641.311787205,4161598.33200786,0
17742,313641.226235772,4161598.38378639,0
17743,313641.140736142,4161598.43565027,0
17744,313641.055285686,4161598.48759507,0
17745,313640.969881779,4161598.5396164,0
17746,313640.884521792,4161598.59170984,0
17747,313640.7992031,4161598.64387097,0
17748,313640.713923074,4161598.69609539,0
17749,313640.628679087,4161598.74837869,0
17750,313640.543468514,4161598.80071644,0
17751,313640.458288726,4161598.85310425,0
17752,313640.373137096,4161598.9055377,0
17753,313640.288011242,4161598.9580128,0
17754,313640.202910004,4161599.01052763,0
17755,313640.117832603,4161599.06308094,0
17756,313640.032778261,4161599.11567145,0
17757,313639.947746197,4161599.16829791,0
17758,313639.862735634,4161599.22095906,0
17759,313639.777745793,4161599.27365363,0
17760,313639.692775877,4161599.32638033,0
17761,313639.607824529,4161599.37913697,0
17762,313639.52288974,4161599.4319203,0
17763,313639.437969463,4161599.484727,0
17764,313639.353061653,4161599.53755378,0
17765,313639.268164262,4161599.59039733,0
17766,313639.183275243,4161599.64325433,0
17767,313639.098392553,4161599.69612148,0
17768,313639.01351451,4161599.74899607,0
17769,313638.928640183,4161599.8018766,0
17770,313638.843768733,4161599.85476173,0
17771,313638.758899321,4161599.90765013,0
17772,313638.674031109,4161599.96054044,0
17773,313638.589163258,4161600.01343132,0
17774,313638.50429493,4161600.06632144,0
17775,313638.419425287,4161600.11920946,0
17776,313638.334553686,4161600.17209434,0
17777,313638.249679797,4161600.22497555,0
17778,313638.16480332,4161600.27785261,0
17779,313638.079923953,4161600.33072504,0
17780,313637.995041397,4161600.38359234,0
17781,313637.910155352,4161600.43645405,0
17782,313637.825265516,4161600.48930968,0
17783,313637.740371501,4161600.54215859,0
17784,313637.655472742,4161600.59499988,0
17785,313637.570568649,4161600.6478326,0
17786,313637.485658635,4161600.7006558,0
17787,313637.400742111,4161600.75346853,0
17788,313637.31581849,4161600.80626984,0
17789,313637.230887182,4161600.85905878,0
17790,313637.145947659,4161600.91183451,0
17791,313637.060999923,4161600.96459701,0
17792,313636.976044246,4161601.01734674,0
17793,313636.891080908,4161601.07008412,0
17794,313636.806110184,4161601.12280961,0
17795,313636.721132352,4161601.17552365,0
17796,313636.636147689,4161601.22822667,0
17797,313636.551156471,4161601.28091913,0
17798,313636.466158795,4161601.33360117,0
17799,313636.381154263,4161601.38627215,0
17800,313636.296142395,4161601.43893128,0
17801,313636.211122711,4161601.49157778,0
17802,313636.126094729,4161601.54421088,0
17803,313636.041057969,4161601.59682979,0
17804,313635.956011951,4161601.64943374,0
17805,313635.870956207,4161601.70202195,0
17806,313635.785890675,4161601.75459434,0
17807,313635.700815759,4161601.80715154,0
17808,313635.615731891,4161601.85969425,0
17809,313635.530639502,4161601.91222316,0
17810,313635.445539024,4161601.96473897,0
17811,313635.360430889,4161602.01724237,0
17812,313635.275315527,4161602.06973405,0
17813,313635.190193364,4161602.1222147,0
17814,313635.105064804,4161602.17468497,0
17815,313635.019930249,4161602.2271455,0
17816,313634.934790099,4161602.27959696,0
17817,313634.849644758,4161602.33203999,0
17818,313634.764494625,4161602.38447524,0
17819,313634.679340103,4161602.43690336,0
17820,313634.594181592,4161602.489325,0
17821,313634.50901937,4161602.54174061,0
17822,313634.423853517,4161602.59415032,0
17823,313634.338684092,4161602.64655423,0
17824,313634.253511156,4161602.69895243,0
17825,313634.168334769,4161602.75134501,0
17826,313634.083154992,4161602.80373209,0
17827,313633.997971883,4161602.85611375,0
17828,313633.912785514,4161602.9084901,0
17829,313633.827596062,4161602.96086144,0
17830,313633.742403783,4161603.01322818,0
17831,313633.657208928,4161603.06559073,0
17832,313633.572011752,4161603.11794951,0
17833,313633.486812509,4161603.17030492,0
17834,313633.401611454,4161603.22265738,0
17835,313633.316408839,4161603.27500731,0
17836,313633.231204844,4161603.32735498,0
17837,313633.145999429,4161603.37970035,0
17838,313633.060792514,4161603.43204328,0
17839,313632.97558402,4161603.48438363,0
17840,313632.890373869,4161603.53672129,0
17841,313632.80516198,4161603.58905611,0
17842,313632.719948275,4161603.64138798,0
17843,313632.634732676,4161603.69371676,0
17844,313632.549515294,4161603.74604264,0
17845,313632.464296572,4161603.79836634,0
17846,313632.379076988,4161603.85068864,0
17847,313632.293857018,4161603.9030103,0
17848,313632.208637142,4161603.95533212,0
17849,313632.123417836,4161604.00765487,0
17850,313632.038199578,4161604.05997932,0
17851,313631.95298284,4161604.11230625,0
17852,313631.867767769,4161604.1646359,0
17853,313631.782554023,4161604.2169677,0
17854,313631.697341222,4161604.26930104,0
17855,313631.612128985,4161604.3216353,0
17856,313631.52691693,4161604.37396986,0
17857,313631.441704677,4161604.42630409,0
17858,313631.356491845,4161604.47863738,0
17859,313631.271278187,4161604.53096932,0
17860,313631.18606375,4161604.5833,0
17861,313631.100848627,4161604.63562956,0
17862,313631.015632906,4161604.68795815,0
17863,313630.930416678,4161604.74028591,0
17864,313630.845200033,4161604.79261299,0
17865,313630.759983061,4161604.84493954,0
17866,313630.674765852,4161604.8972657,0
17867,313630.589548495,4161604.94959162,0
17868,313630.504331082,4161605.00191745,0
17869,313630.419113702,4161605.05424334,0
17870,313630.333896443,4161605.10656942,0
17871,313630.248679353,4161605.15889577,0
17872,313630.163462456,4161605.21122244,0
17873,313630.078245777,4161605.26354947,0
17874,313629.993029339,4161605.31587688,0
17875,313629.907813165,4161605.36820473,0
17876,313629.822597279,4161605.42053305,0
17877,313629.737381704,4161605.47286188,0
17878,313629.652166465,4161605.52519125,0
17879,313629.566951645,4161605.5775213,0
17880,313629.48173757,4161605.62985257,0
17881,313629.396524627,4161605.68218568,0
17882,313629.3113132,4161605.73452126,0
17883,313629.226103677,4161605.78685994,0
17884,313629.140896441,4161605.83920234,0
17885,313629.05569188,4161605.89154909,0
17886,313628.970490341,4161605.94390076,0
17887,313628.885291671,4161605.9962571,0
17888,313628.80009536,4161606.04861729,0
17889,313628.714900892,4161606.10098047,0
17890,313628.629707748,4161606.1533458,0
17891,313628.544515412,4161606.20571245,0
17892,313628.459323366,4161606.25807957,0
17893,313628.374131094,4161606.31044633,0
17894,313628.288938097,4161606.3628119,0
17895,313628.203744202,4161606.41517601,0
17896,313628.118549502,4161606.46753882,0
17897,313628.033354094,4161606.51990047,0
17898,313627.94815808,4161606.57226113,0
17899,313627.862961558,4161606.62462097,0
17900,313627.777764629,4161606.67698014,0
17901,313627.692567392,4161606.72933882,0
17902,313627.607369945,4161606.78169715,0
17903,313627.522172378,4161606.83405529,0
17904,313627.436974773,4161606.88641337,0
17905,313627.351777216,4161606.93877152,0
17906,313627.266579789,4161606.99112989,0
17907,313627.181382577,4161607.0434886,0
17908,313627.096185663,4161607.0958478,0
17909,313627.01098913,4161607.14820762,0
17910,313626.925793063,4161607.2005682,0
17911,313626.840597544,4161607.25292967,0
17912,313626.755402659,4161607.30529217,0
17913,313626.670208491,4161607.35765584,0
17914,313626.585015118,4161607.4100208,0
17915,313626.499822575,4161607.46238711,0
17916,313626.414630861,4161607.51475477,0
17917,313626.329439979,4161607.56712378,0
17918,313626.244249927,4161607.61949415,0
17919,313626.159060708,4161607.67186587,0
17920,313626.073872322,4161607.72423894,0
17921,313625.988684769,4161607.77661337,0
17922,313625.90349805,4161607.82898916,0
17923,313625.818312044,4161607.88136611,0
17924,313625.733126422,4161607.93374368,0
17925,313625.647940833,4161607.9861213,0
17926,313625.562754925,4161608.03849841,0
17927,313625.477568346,4161608.09087442,0
17928,313625.392380744,4161608.14324878,0
17929,313625.307191767,4161608.19562089,0
17930,313625.222001064,4161608.24799019,0
17931,313625.136808284,4161608.30035612,0
17932,313625.051613074,4161608.35271809,0
17933,313624.966415083,4161608.40507554,0
17934,313624.881214009,4161608.45742797,0
17935,313624.796010319,4161608.50977614,0
17936,313624.71080507,4161608.56212178,0
17937,313624.625599332,4161608.61446662,0
17938,313624.540394178,4161608.66681241,0
17939,313624.455190679,4161608.7191609,0
17940,313624.369989908,4161608.77151382,0
17941,313624.284792935,4161608.82387292,0
17942,313624.19960051,4161608.87623942,0
17943,313624.114411832,4161608.92861202,0
17944,313624.029225631,4161608.98098864,0
17945,313623.944040636,4161609.03336723,0
17946,313623.858855579,4161609.08574572,0
17947,313623.77366919,4161609.13812204,0
17948,313623.6884802,4161609.19049414,0
17949,313623.603287338,4161609.24285993,0
17950,313623.518089339,4161609.29521738,0
17951,313623.432886145,4161609.34756637,0
17952,313623.347680777,4161609.39991183,0
17953,313623.262476734,4161609.45225944,0
17954,313623.177277518,4161609.5046149,0
17955,313623.092086629,4161609.5569839,0
17956,313623.006907567,4161609.60937214,0
17957,313622.921743833,4161609.6617853,0
17958,313622.836598906,4161609.71422905,0
17959,313622.751475214,4161609.76670732,0
17960,313622.666373684,4161609.81922154,0
17961,313622.581295128,4161609.87177299,0
17962,313622.496240358,4161609.92436291,0
17963,313622.411210184,4161609.97699258,0
17964,313622.326205419,4161610.02966326,0
17965,313622.241226874,4161610.0823762,0
17966,313622.156275334,4161610.13513262,0
17967,313622.071350143,4161610.18793143,0
17968,313621.986448501,4161610.24076812,0
17969,313621.901567433,4161610.29363787,0
17970,313621.816703965,4161610.34653588,0
17971,313621.73185512,4161610.39945736,0
17972,313621.647017926,4161610.45239749,0
17973,313621.562189406,4161610.50535149,0
17974,313621.477366583,4161610.55831453,0
17975,313621.392546082,4161610.61128121,0
17976,313621.307723713,4161610.66424486,0
17977,313621.222895189,4161610.71719866,0
17978,313621.138056218,4161610.77013581,0
17979,313621.053202514,4161610.82304949,0
17980,313620.968329787,4161610.87593288,0
17981,313620.883433695,4161610.92877908,0
17982,313620.798508853,4161610.9815793,0
17983,313620.713548922,4161611.03432309,0
17984,313620.628547529,4161611.08699991,0
17985,313620.5434983,4161611.13959922,0
17986,313620.458394862,4161611.19211048,0
17987,313620.373230839,4161611.24452317,0
17988,313620.287999858,4161611.29682675,0
17989,313620.20269597,4161611.34901136,0
17990,313620.117318662,4161611.40107597,0
17991,313620.031871202,4161611.45302564,0
17992,313619.946356932,4161611.50486558,0
17993,313619.860779195,4161611.55660097,0
17994,313619.775141333,4161611.60823702,0
17995,313619.689446688,4161611.65977892,0
17996,313619.603698603,4161611.71123186,0
17997,313619.51790042,4161611.76260104,0
17998,313619.43205505,4161611.813891,0
17999,313619.346164038,4161611.86510421,0
18000,313619.260228662,4161611.91624273,0
18001,313619.174250196,4161611.96730862,0
18002,313619.088229917,4161612.01830395,0
18003,313619.002169101,4161612.06923077,0
18004,313618.916069025,4161612.12009115,0
18005,313618.829931003,4161612.17088722,0
18006,313618.743756881,4161612.22162204,0
18007,313618.657548873,4161612.2722993,0
18008,313618.571309201,4161612.32292273,0
18009,313618.485040088,4161612.37349605,0
18010,313618.398743757,4161612.42402298,0
18011,313618.312422429,4161612.47450722,0
18012,313618.226078327,4161612.52495251,0
18013,313618.139713656,4161612.57536252,0
18014,313618.053330023,4161612.62573997,0
18015,313617.966928317,4161612.67608637,0
18016,313617.880509382,4161612.72640316,0
18017,313617.794074063,4161612.77669177,0
18018,313617.707623203,4161612.82695366,0
18019,313617.621157648,4161612.87719026,0
18020,313617.534678241,4161612.92740302,0
18021,313617.448185827,4161612.97759337,0
18022,313617.36168125,4161613.02776277,0
18023,313617.275165356,4161613.07791264,0
18024,313617.188638987,4161613.12804444,0
18025,313617.102102989,4161613.1781596,0
18026,313617.015558206,4161613.22825957,0
18027,313616.929005458,4161613.27834576,0
18028,313616.842445519,4161613.32841949,0
18029,313616.755879158,4161613.37848211,0
18030,313616.669307143,4161613.42853494,0
18031,313616.582730244,4161613.47857931,0
18032,313616.496149228,4161613.52861657,0
18033,313616.409564865,4161613.57864803,0
18034,313616.322977906,4161613.628675,0
18035,313616.236388861,4161613.67869836,0
18036,313616.149798069,4161613.7287187,0
18037,313616.063205866,4161613.7787366,0
18038,313615.976612586,4161613.82875263,0
18039,313615.890018566,4161613.87876739,0
18040,313615.80342414,4161613.92878144,0
18041,313615.716829643,4161613.97879538,0
18042,313615.630235412,4161614.02880977,0
18043,313615.543641765,4161614.07882518,0
18044,313615.457048737,4161614.12884166,0
18045,313615.370456103,4161614.17885882,0
18046,313615.283863629,4161614.22887625,0
18047,313615.197271084,4161614.27889356,0
18048,313615.110678233,4161614.32891034,0
18049,313615.024084844,4161614.37892619,0
18050,313614.937490684,4161614.42894069,0
18051,313614.85089558,4161614.47895355,0
18052,313614.764300214,4161614.52896596,0
18053,313614.677705901,4161614.57898019,0
18054,313614.591113969,4161614.62899854,0
18055,313614.504525745,4161614.67902332,0
18056,313614.417942557,4161614.72905682,0
18057,313614.331365733,4161614.77910135,0
18058,313614.244796601,4161614.8291592,0
18059,313614.15823649,4161614.87923269,0
18060,313614.071685963,4161614.92932279,0
18061,313613.985141877,4161614.97942404,0
18062,313613.898599968,4161615.02952905,0
18063,313613.81205597,4161615.07963042,0
18064,313613.725505617,4161615.12972074,0
18065,313613.638944643,4161615.17979262,0
18066,313613.552368784,4161615.22983865,0
18067,313613.465773774,4161615.27985144,0
18068,313613.379156501,4161615.32982559,0
18069,313613.292517943,4161615.37976281,0
18070,313613.205859985,4161615.42966637,0
18071,313613.119184511,4161615.47953956,0
18072,313613.032493406,4161615.52938565,0
18073,313612.945788553,4161615.57920793,0
18074,313612.859071838,4161615.62900967,0
18075,313612.772345145,4161615.67879416,0
18076,313612.685610357,4161615.72856466,0
18077,313612.59886936,4161615.77832447,0
18078,313612.512124038,4161615.82807685,0
18079,313612.425376275,4161615.8778251,0
18080,313612.338627966,4161615.92757251,0
18081,313612.251882322,4161615.97732463,0
18082,313612.165145177,4161616.02709152,0
18083,313612.078422671,4161616.07688378,0
18084,313611.991720946,4161616.126712,0
18085,313611.905046145,4161616.17658677,0
18086,313611.818404408,4161616.22651867,0
18087,313611.731801878,4161616.27651829,0
18088,313611.645244696,4161616.32659624,0
18089,313611.558738632,4161616.37676245,0
18090,313611.47228478,4161616.42701873,0
18091,313611.385881037,4161616.47736135,0
18092,313611.299525238,4161616.52778644,0
18093,313611.21321522,4161616.57829017,0
18094,313611.126948816,4161616.62886868,0
18095,313611.040723864,4161616.67951811,0
18096,313610.954538197,4161616.73023462,0
18097,313610.868389651,4161616.78101435,0
18098,313610.782276062,4161616.83185347,0
18099,313610.696195266,4161616.8827481,0
18100,313610.610145096,4161616.9336944,0
18101,313610.52412339,4161616.98468853,0
18102,313610.438128165,4161617.03572695,0
18103,313610.352158744,4161617.08680849,0
18104,313610.266215017,4161617.13793295,0
18105,313610.180296875,4161617.18910016,0
18106,313610.09440421,4161617.24030996,0
18107,313610.008536914,4161617.29156217,0
18108,313609.922694879,4161617.34285661,0
18109,313609.836877996,4161617.39419312,0
18110,313609.75108603,4161617.4455713,0
18111,313609.665317659,4161617.49698893,0
18112,313609.579571004,4161617.54844285,0
18113,313609.493844186,4161617.5999299,0
18114,313609.408135321,4161617.6514469,0
18115,313609.32244253,4161617.70299069,0
18116,313609.236763929,4161617.75455811,0
18117,313609.151097638,4161617.80614598,0
18118,313609.065441775,4161617.85775114,0
18119,313608.979794776,4161617.90937096,0
18120,313608.894156237,4161617.96100476,0
18121,313608.80852602,4161618.01265232,0
18122,313608.722903987,4161618.06431341,0
18123,313608.637289999,4161618.1159878,0
18124,313608.551683917,4161618.16767528,0
18125,313608.466085603,4161618.21937561,0
18126,313608.380494918,4161618.27108857,0
18127,313608.294911717,4161618.32281393,0
18128,313608.209335656,4161618.3745511,0
18129,313608.123766171,4161618.42629916,0
18130,313608.03820269,4161618.47805716,0
18131,313607.952644639,4161618.52982415,0
18132,313607.867091444,4161618.58159917,0
18133,313607.78154253,4161618.63338126,0
18134,313607.695997325,4161618.68516949,0
18135,313607.610455255,4161618.73696289,0
18136,313607.524915752,4161618.78876053,0
18137,313607.439378333,4161618.84056161,0
18138,313607.353842566,4161618.89236541,0
18139,313607.268308023,4161618.94417122,0
18140,313607.182774272,4161618.99597834,0
18141,313607.097240885,4161619.04778606,0
18142,313607.011707431,4161619.09959367,0
18143,313606.92617348,4161619.15140045,0
18144,313606.840638602,4161619.2032057,0
18145,313606.755102368,4161619.25500871,0
18146,313606.669564347,4161619.30680877,0
18147,313606.58402411,4161619.35860517,0
18148,313606.498481227,4161619.41039721,0
18149,313606.412935321,4161619.46218425,0
18150,313606.327386219,4161619.51396601,0
18151,313606.2418338,4161619.5657423,0
18152,313606.156277941,4161619.6175129,0
18153,313606.070718519,4161619.66927762,0
18154,313605.985155412,4161619.72103624,0
18155,313605.899588499,4161619.77278857,0
18156,313605.814017655,4161619.8245344,0
18157,313605.7284428,4161619.8762736,0
18158,313605.642864014,4161619.92800629,0
18159,313605.557281411,4161619.97973267,0
18160,313605.471695111,4161620.03145293,0
18161,313605.386105229,4161620.08316726,0
18162,313605.300511842,4161620.13487579,0
18163,313605.214914854,4161620.18657837,0
18164,313605.129314128,4161620.23827475,0
18165,313605.043709525,4161620.28996471,0
18166,313604.958100906,4161620.34164802,0
18167,313604.872488133,4161620.39332445,0
18168,313604.786871067,4161620.44499377,0
18169,313604.70124957,4161620.49665575,0
18170,313604.615623515,4161620.54831017,0
18171,313604.529992838,4161620.59995693,0
18172,313604.444357498,4161620.65159596,0
18173,313604.358717454,4161620.70322718,0
18174,313604.273072665,4161620.75485054,0
18175,313604.187423089,4161620.80646595,0
18176,313604.101768684,4161620.85807335,0
18177,313604.01610941,4161620.90967266,0
18178,313603.930445226,4161620.96126382,0
18179,313603.844776137,4161621.01284683,0
18180,313603.759102426,4161621.06442217,0
18181,313603.673424472,4161621.11599046,0
18182,313603.587742654,4161621.16755232,0
18183,313603.502057353,4161621.2191084,0
18184,313603.416368947,4161621.27065933,0
18185,313603.330677816,4161621.32220572,0
18186,313603.24498434,4161621.37374821,0
18187,313603.159288897,4161621.42528744,0
18188,313603.073591751,4161621.47682383,0
18189,313602.987892704,4161621.52835706,0
18190,313602.902191442,4161621.5798866,0
18191,313602.816487653,4161621.63141194,0
18192,313602.730781022,4161621.68293256,0
18193,313602.645071238,4161621.73444792,0
18194,313602.559357986,4161621.78595752,0
18195,313602.473640956,4161621.83746082,0
18196,313602.387919962,4161621.88895753,0
18197,313602.302195058,4161621.94044774,0
18198,313602.21646632,4161621.99193156,0
18199,313602.130733827,4161622.04340913,0
18200,313602.044997655,4161622.09488057,0
18201,313601.959257882,4161622.14634602,0
18202,313601.873514586,4161622.19780559,0
18203,313601.787767843,4161622.24925943,0
18204,313601.702017732,4161622.30070765,0
18205,313601.616264329,4161622.35215038,0
18206,313601.530507713,4161622.40358776,0
18207,313601.44474796,4161622.4550199,0
18208,313601.358985149,4161622.50644694,0
18209,313601.273219357,4161622.55786901,0
18210,313601.187450663,4161622.60928625,0
18211,313601.101679149,4161622.66069877,0
18212,313601.015904891,4161622.71210671,0
18213,313600.930127972,4161622.76351022,0
18214,313600.844348468,4161622.81490941,0
18215,313600.758566461,4161622.86630442,0
18216,313600.67278203,4161622.91769539,0
18217,313600.586995254,4161622.96908244,0
18218,313600.501206226,4161623.02046573,0
18219,313600.415415061,4161623.07184546,0
18220,313600.329621877,4161623.12322181,0
18221,313600.24382679,4161623.17459498,0
18222,313600.158029917,4161623.22596518,0
18223,313600.072231375,4161623.27733258,0
18224,313599.98643128,4161623.32869739,0
18225,313599.90062975,4161623.38005981,0
18226,313599.814826902,4161623.43142002,0
18227,313599.729022851,4161623.48277822,0
18228,313599.643217716,4161623.53413461,0
18229,313599.557411613,4161623.58548939,0
18230,313599.471604666,4161623.63684275,0
18231,313599.385797008,4161623.68819493,0
18232,313599.299988775,4161623.73954614,0
18233,313599.2141801,4161623.79089662,0
18234,313599.128371117,4161623.84224658,0
18235,313599.042561961,4161623.89359625,0
18236,313598.956752765,4161623.94494585,0
18237,313598.870943664,4161623.99629561,0
18238,313598.785134782,4161624.04764574,0
18239,313598.699326128,4161624.09899625,0
18240,313598.613517634,4161624.15034703,0
18241,313598.527709231,4161624.20169796,0
18242,313598.44190085,4161624.25304893,0
18243,313598.356092424,4161624.30439982,0
18244,313598.270283881,4161624.35575051,0
18245,313598.184475155,4161624.4071009,0
18246,313598.098666183,4161624.45845088,0
18247,313598.012857015,4161624.50980053,0
18248,313597.927047789,4161624.56115009,0
18249,313597.84123865,4161624.61249979,0
18250,313597.755429738,4161624.66384987,0
18251,313597.669621197,4161624.71520057,0
18252,313597.583813169,4161624.76655212,0
18253,313597.498005795,4161624.81790477,0
18254,313597.412199218,4161624.86925875,0
18255,313597.326393581,4161624.9206143,0
18256,313597.240589026,4161624.97197166,0
18257,313597.154785695,4161625.02333107,0
18258,313597.068983706,4161625.07469272,0
18259,313596.983182876,4161625.1260563,0
18260,313596.897382813,4161625.17742117,0
18261,313596.811583119,4161625.22878665,0
18262,313596.725783398,4161625.28015209,0
18263,313596.639983255,4161625.33151682,0
18264,313596.554182291,4161625.38288017,0
18265,313596.468380111,4161625.43424149,0
18266,313596.382576329,4161625.48560014,0
18267,313596.296770992,4161625.53695618,0
18268,313596.210964698,4161625.58831062,0
18269,313596.125158082,4161625.63966453,0
18270,313596.03935178,4161625.69101896,0
18271,313595.953546425,4161625.74237497,0
18272,313595.867742653,4161625.79373363,0
18273,313595.7819411,4161625.845096,0
18274,313595.696142399,4161625.89646314,0
18275,313595.610347186,4161625.94783611,0
18276,313595.524556096,4161625.99921598,0
18277,313595.438769763,4161626.0506038,0
18278,313595.35298882,4161626.10200064,0
18279,313595.267212896,4161626.15340586,0
18280,313595.181439317,4161626.20481501,0
18281,313595.095665082,4161626.25622305,0
18282,313595.009887192,4161626.30762498,0
18283,313594.924102645,4161626.35901577,0
18284,313594.838308442,4161626.4103904,0
18285,313594.752501583,4161626.46174386,0
18286,313594.666679068,4161626.51307112,0
18287,313594.580838375,4161626.56436797,0
18288,313594.494980441,4161626.61563597,0
18289,313594.409107714,4161626.66687923,0
18290,313594.323222653,4161626.71810185,0
18291,313594.237327713,4161626.76930794,0
18292,313594.151425354,4161626.82050161,0
18293,313594.065518031,4161626.87168698,0
18294,313593.979608201,4161626.92286815,0
18295,313593.89369835,4161626.97404928,0
18296,313593.807791033,4161627.02523465,0
18297,313593.721888818,4161627.07642856,0
18298,313593.635994271,4161627.1276353,0
18299,313593.55010996,4161627.17885917,0
18300,313593.464238452,4161627.23010446,0
18301,313593.378382314,4161627.28137549,0
18302,313593.292544111,4161627.33267652,0
18303,313593.206725393,4161627.38401017,0
18304,313593.120925174,4161627.43537476,0
18305,313593.035142083,4161627.48676798,0
18306,313592.949374746,4161627.53818752,0
18307,313592.86362179,4161627.58963107,0
18308,313592.777881843,4161627.64109631,0
18309,313592.692153531,4161627.69258092,0
18310,313592.606435492,4161627.74408262,0
18311,313592.520726732,4161627.79559974,0
18312,313592.435026716,4161627.84713137,0
18313,313592.349334939,4161627.8986767,0
18314,313592.263650897,4161627.95023486,0
18315,313592.177974085,4161628.00180504,0
18316,313592.092303998,4161628.05338639,0
18317,313592.006640131,4161628.10497806,0
18318,313591.920982021,4161628.1565793,0
18319,313591.835329415,4161628.20818967,0
18320,313591.749682119,4161628.25980886,0
18321,313591.664039942,4161628.31143655,0
18322,313591.578402692,4161628.36307241,0
18323,313591.492770177,4161628.41471613,0
18324,313591.407142205,4161628.46636738,0
18325,313591.321518584,4161628.51802584,0
18326,313591.235899165,4161628.56969126,0
18327,313591.150284043,4161628.62136381,0
18328,313591.0646734,4161628.67304377,0
18329,313590.979067416,4161628.72473144,0
18330,313590.893466273,4161628.77642714,0
18331,313590.807870154,4161628.82813114,0
18332,313590.722279239,4161628.87984377,0
18333,313590.636693708,4161628.9315653,0
18334,313590.551113558,4161628.98329573,0
18335,313590.465538455,4161629.03503452,0
18336,313590.379968032,4161629.08678104,0
18337,313590.294401923,4161629.1385347,0
18338,313590.20883976,4161629.19029489,0
18339,313590.123281177,4161629.24206099,0
18340,313590.037725806,4161629.2938324,0
18341,313589.952173315,4161629.34560857,0
18342,313589.866623529,4161629.39738921,0
18343,313589.781076314,4161629.44917409,0
18344,313589.695531536,4161629.500963,0
18345,313589.609989059,4161629.55275571,0
18346,313589.524448751,4161629.604552,0
18347,313589.438910477,4161629.65635165,0
18348,313589.353374103,4161629.70815444,0
18349,313589.267839495,4161629.75996014,0
18350,313589.182306518,4161629.81176854,0
18351,313589.096775039,4161629.86357941,0
18352,313589.011244909,4161629.91539251,0
18353,313588.925715911,4161629.96720747,0
18354,313588.8401878,4161630.0190239,0
18355,313588.754660335,4161630.0708414,0
18356,313588.669133273,4161630.12265955,0
18357,313588.58360637,4161630.17447798,0
18358,313588.498079385,4161630.22629626,0
18359,313588.412552077,4161630.27811402,0
18360,313588.327024309,4161630.32993101,0
18361,313588.241496088,4161630.38174726,0
18362,313588.15596743,4161630.43356278,0
18363,313588.070438351,4161630.48537761,0
18364,313587.984908867,4161630.53719177,0
18365,313587.899378996,4161630.58900529,0
18366,313587.813848753,4161630.6408182,0
18367,313587.728318154,4161630.69263052,0
18368,313587.642787216,4161630.74444229,0
18369,313587.557255956,4161630.79625352,0
18370,313587.471724389,4161630.84806424,0
18371,313587.386192504,4161630.89987445,0
18372,313587.300660068,4161630.95168374,0
18373,313587.215126732,4161631.00349154,0
18374,313587.129592152,4161631.05529729,0
18375,313587.04405598,4161631.10710041,0
18376,313586.95851787,4161631.15890033,0
18377,313586.872977476,4161631.21069648,0
18378,313586.78743446,4161631.26248829,0
18379,313586.701888986,4161631.31427604,0
18380,313586.61634196,4161631.36606123,0
18381,313586.530794343,4161631.41784544,0
18382,313586.445247101,4161631.46963027,0
18383,313586.359701196,4161631.52141732,0
18384,313586.274157592,4161631.57320818,0
18385,313586.188617243,4161631.62500442,0
18386,313586.103079595,4161631.67680513,0
18387,313586.017540893,4161631.72860411,0
18388,313585.931996975,4161631.78039446,0
18389,313585.84644368,4161631.8321693,0
18390,313585.760876844,4161631.88392176,0
18391,313585.675292307,4161631.93564494,0
18392,313585.589685905,4161631.98733197,0
18393,313585.504053817,4161632.03897652,0
18394,313585.418394475,4161632.09057592,0
18395,313585.332707219,4161632.14212897,0
18396,313585.246991397,4161632.19363451,0
18397,313585.161246354,4161632.24509135,0
18398,313585.075471435,4161632.2964983,0
18399,313584.989665986,4161632.34785418,0
18400,313584.90382944,4161632.39915797,0
18401,313584.817964139,4161632.45041355,0
18402,313584.732075975,4161632.50163082,0
18403,313584.646171052,4161632.55282004,0
18404,313584.560255475,4161632.60399147,0
18405,313584.47433535,4161632.65515537,0
18406,313584.388416781,4161632.70632199,0
18407,313584.302505866,4161632.7575016,0
18408,313584.216608444,4161632.80870392,0
18409,313584.130730052,4161632.85993814,0
18410,313584.044876209,4161632.91121339,0
18411,313583.959052433,4161632.9625388,0
18412,313583.873264244,4161633.0139235,0
18413,313583.787517159,4161633.06537663,0
18414,313583.701816699,4161633.11690733,0
18415,313583.616166852,4161633.16852217,0
18416,313583.53056595,4161633.22021827,0
18417,313583.445011008,4161633.27199056,0
18418,313583.359499046,4161633.32383395,0
18419,313583.274027081,4161633.37574338,0
18420,313583.188592132,4161633.42771376,0
18421,313583.103191216,4161633.47974002,0
18422,313583.017821749,4161633.53181776,0
18423,313582.932483116,4161633.58394589,0
18424,313582.847175309,4161633.63612437,0
18425,313582.76189832,4161633.68835311,0
18426,313582.676652142,4161633.74063209,0
18427,313582.591436767,4161633.79296123,0
18428,313582.506252179,4161633.84534047,0
18429,313582.421097877,4161633.89776895,0
18430,313582.335972651,4161633.95024466,0
18431,313582.250875237,4161634.00276551,0
18432,313582.165804371,4161634.05532941,0
18433,313582.080758786,4161634.10793426,0
18434,313581.995737219,4161634.16057796,0
18435,313581.910738403,4161634.21325842,0
18436,313581.825761075,4161634.26597355,0
18437,313581.74080397,4161634.31872124,0
18438,313581.655865823,4161634.37149941,0
18439,313581.570945691,4161634.42430649,0
18440,313581.486043382,4161634.47714216,0
18441,313581.401158808,4161634.53000627,0
18442,313581.316291881,4161634.58289867,0
18443,313581.231442515,4161634.63581921,0
18444,313581.146610623,4161634.68876775,0
18445,313581.061796117,4161634.74174413,0
18446,313580.976998718,4161634.7947479,0
18447,313580.892217743,4161634.84777795,0
18448,313580.807452456,4161634.9008331,0
18449,313580.722702123,4161634.95391215,0
18450,313580.637966006,4161635.00701392,0
18451,313580.553243371,4161635.06013721,0
18452,313580.468533483,4161635.11328083,0
18453,313580.383835606,4161635.1664436,0
18454,313580.299149004,4161635.21962432,0
18455,313580.214472942,4161635.27282181,0
18456,313580.129806694,4161635.3260349,0
18457,313580.045149626,4161635.37926256,0
18458,313579.960501164,4161635.43250389,0
18459,313579.875860733,4161635.48575797,0
18460,313579.79122776,4161635.5390239,0
18461,313579.706601669,4161635.59230076,0
18462,313579.621981886,4161635.64558764,0
18463,313579.537367886,4161635.6988837,0
18464,313579.452759422,4161635.75218856,0
18465,313579.368156346,4161635.80550197,0
18466,313579.283558513,4161635.85882371,0
18467,313579.198965776,4161635.91215353,0
18468,313579.114377989,4161635.96549119,0
18469,313579.029795,4161636.01883647,0
18470,313578.945216481,4161636.07218883,0
18471,313578.860641888,4161636.12554741,0
18472,313578.776070668,4161636.17891133,0
18473,313578.691502264,4161636.23227972,0
18474,313578.60693612,4161636.2856517,0
18475,313578.522371682,4161636.33902637,0
18476,313578.437808395,4161636.39240287,0
18477,313578.353245701,4161636.44578031,0
18478,313578.268683047,4161636.49915781,0
18479,313578.184119886,4161636.55253451,0
18480,313578.099555836,4161636.6059098,0
18481,313578.014990649,4161636.65928329,0
18482,313577.930424084,4161636.71265459,0
18483,313577.845855896,4161636.76602332,0
18484,313577.761285843,4161636.8193891,0
18485,313577.676713682,4161636.87275154,0
18486,313577.592139186,4161636.92611028,0
18487,313577.50756221,4161636.97946508,0
18488,313577.422982635,4161637.03281577,0
18489,313577.338400342,4161637.08616215,0
18490,313577.253815212,4161637.13950403,0
18491,313577.169227126,4161637.19284122,0
18492,313577.084635964,4161637.24617353,0
18493,313577.000041609,4161637.29950078,0
18494,313576.91544394,4161637.35282277,0
18495,313576.830842839,4161637.40613931,0
18496,313576.746238212,4161637.45945026,0
18497,313576.661630089,4161637.51275566,0
18498,313576.577018541,4161637.56605563,0
18499,313576.492403639,4161637.61935026,0
18500,313576.407785453,4161637.67263969,0
18501,313576.323164055,4161637.72592401,0
18502,313576.238539514,4161637.77920334,0
18503,313576.153911953,4161637.83247788,0
18504,313576.069281765,4161637.88574824,0
18505,313575.984649427,4161637.93901518,0
18506,313575.900015418,4161637.99227947,0
18507,313575.815380218,4161638.04554187,0
18508,313575.730744303,4161638.09880313,0
18509,313575.646108018,4161638.15206381,0
18510,313575.561471136,4161638.20532353,0
18511,313575.476833279,4161638.25858171,0
18512,313575.392194071,4161638.31183774,0
18513,313575.307553133,4161638.36509102,0
18514,313575.222910089,4161638.41834095,0
18515,313575.138264562,4161638.47158693,0
18516,313575.053616174,4161638.52482837,0
18517,313574.968964549,4161638.57806466,0
18518,313574.884309315,4161638.6312952,0
18519,313574.799650323,4161638.68451978,0
18520,313574.714987696,4161638.73773857,0
18521,313574.630321577,4161638.7909518,0
18522,313574.545652105,4161638.8441597,0
18523,313574.46097942,4161638.89736249,0
18524,313574.376303666,4161638.95056039,0
18525,313574.291625015,4161639.00375368,0
18526,313574.206943684,4161639.05694271,0
18527,313574.122259893,4161639.11012781,0
18528,313574.037573859,4161639.16330935,0
18529,313573.952885803,4161639.21648767,0
18530,313573.868195944,4161639.26966311,0
18531,313573.7835045,4161639.32283603,0
18532,313573.69881169,4161639.37600677,0
18533,313573.614117734,4161639.42917569,0
18534,313573.529422868,4161639.48234316,0
18535,313573.444727419,4161639.5355097,0
18536,313573.360031739,4161639.58867587,0
18537,313573.275336184,4161639.64184224,0
18538,313573.190641107,4161639.69500938,0
18539,313573.105946862,4161639.74817783,0
18540,313573.021253681,4161639.80134799,0
18541,313572.936561195,4161639.85451925,0
18542,313572.851868841,4161639.90769071,0
18543,313572.767176055,4161639.9608615,0
18544,313572.682482277,4161640.0140307,0
18545,313572.597786949,4161640.06719743,0
18546,313572.513089992,4161640.12036157,0
18547,313572.428392086,4161640.17352419,0
18548,313572.34369398,4161640.2266865,0
18549,313572.258996423,4161640.27984968,0
18550,313572.174300163,4161640.33301493,0
18551,313572.089605923,4161640.38618339,0
18552,313572.004913792,4161640.43935522,0
18553,313571.920223241,4161640.49252956,0
18554,313571.835533713,4161640.54570553,0
18555,313571.750844651,4161640.59888224,0
18556,313571.6661555,4161640.65205881,0
18557,313571.581465806,4161640.70523452,0
18558,313571.496775546,4161640.75840932,0
18559,313571.412084799,4161640.81158335,0
18560,313571.327393647,4161640.86475674,0
18561,313571.242702173,4161640.91792961,0
18562,313571.158010468,4161640.97110211,0
18563,313571.073318765,4161641.02427462,0
18564,313570.988627376,4161641.07744763,0
18565,313570.903936621,4161641.13062164,0
18566,313570.819246815,4161641.18379717,0
18567,313570.734558275,4161641.23697472,0
18568,313570.649871318,4161641.29015478,0
18569,313570.565186261,4161641.34333787,0
18570,313570.480503223,4161641.39652418,0
18571,313570.395821516,4161641.4497126,0
18572,313570.311140247,4161641.50290172,0
18573,313570.226458526,4161641.55609012,0
18574,313570.141775458,4161641.60927638,0
18575,313570.057090274,4161641.66245927,0
18576,313569.972403149,4161641.71563907,0
18577,313569.887714711,4161641.76881677,0
18578,313569.803025589,4161641.82199339,0
18579,313569.718336413,4161641.87516992,0
18580,313569.633647775,4161641.92834731,0
18581,313569.548959805,4161641.98152576,0
18582,313569.464272319,4161642.03470499,0
18583,313569.37958513,4161642.08788468,0
18584,313569.294898047,4161642.14106454,0
18585,313569.210210881,4161642.19424428,0
18586,313569.125523444,4161642.24742358,0
18587,313569.040835547,4161642.30060215,0
18588,313568.95614704,4161642.35377974,0
18589,313568.871457864,4161642.40695627,0
18590,313568.786767969,4161642.46013166,0
18591,313568.702077307,4161642.51330583,0
18592,313568.617385829,4161642.56647869,0
18593,313568.532693487,4161642.61965018,0
18594,313568.448000232,4161642.67282021,0
18595,313568.363306016,4161642.72598872,0
18596,313568.278610789,4161642.77915561,0
18597,313568.193914548,4161642.83232089,0
18598,313568.109217471,4161642.88548483,0
18599,313568.024519786,4161642.93864781,0
18600,313567.93982172,4161642.99181018,0
18601,313567.8551235,4161643.04497231,0
18602,313567.770425354,4161643.09813455,0
18603,313567.685727506,4161643.15129727,0
18604,313567.601030038,4161643.20446059,0
18605,313567.516332843,4161643.25762435,0
18606,313567.431635798,4161643.31078834,0
18607,313567.346938781,4161643.36395239,0
18608,313567.262241672,4161643.41711628,0
18609,313567.177544347,4161643.47027983,0
18610,313567.092846684,4161643.52344285,0
18611,313567.008148563,4161643.57660513,0
18612,313566.923449831,4161643.62976644,0
18613,313566.838750194,4161643.6829263,0
18614,313566.754049319,4161643.7360842,0
18615,313566.669346872,4161643.78923959,0
18616,313566.584642519,4161643.84239194,0
18617,313566.499935927,4161643.89554073,0
18618,313566.415226797,4161643.94868547,0
18619,313566.330515221,4161644.00182631,0
18620,313566.245801536,4161644.05496378,0
18621,313566.161086084,4161644.10809845,0
18622,313566.076369206,4161644.16123083,0
18623,313565.991651245,4161644.2143615,0
18624,313565.90693247,4161644.26749086,0
18625,313565.822212879,4161644.32061892,0
18626,313565.73749241,4161644.37374558,0
18627,313565.652771002,4161644.42687074,0
18628,313565.56804859,4161644.47999431,0
18629,313565.483325114,4161644.53311617,0
18630,313565.398600648,4161644.58623646,0
18631,313565.313875701,4161644.63935598,0
18632,313565.229150863,4161644.69247567,0
18633,313565.144426724,4161644.74559648,0
18634,313565.059703875,4161644.79871935,0
18635,313564.974982807,4161644.85184505,0
18636,313564.890263225,4161644.90497313,0
18637,313564.805544458,4161644.9581025,0
18638,313564.720825832,4161645.0112321,0
18639,313564.636106674,4161645.06436086,0
18640,313564.551386346,4161645.11748774,0
18641,313564.466664562,4161645.17061231,0
18642,313564.381941242,4161645.22373442,0
18643,313564.297216313,4161645.27685397,0
18644,313564.212489697,4161645.32997083,0
18645,313564.12776132,4161645.38308488,0
18646,313564.043031105,4161645.43619599,0
18647,313563.958299044,4161645.48930416,0
18648,313563.873565276,4161645.54240961,0
18649,313563.78882996,4161645.59551259,0
18650,313563.704093255,4161645.64861335,0
18651,313563.619355322,4161645.70171215,0
18652,313563.534616318,4161645.75480924,0
18653,313563.449876526,4161645.80790508,0
18654,313563.365136722,4161645.86100089,0
18655,313563.280397809,4161645.91409813,0
18656,313563.195660689,4161645.96719823,0
18657,313563.110926266,4161646.02030263,0
18658,313563.026195337,4161646.07341261,0
18659,313562.941467225,4161646.12652708,0
18660,313562.856740173,4161646.17964325,0
18661,313562.7720124,4161646.23275826,0
18662,313562.687282123,4161646.28586928,0
18663,313562.602547566,4161646.33897346,0
18664,313562.517807875,4161646.39206946,0
18665,313562.433064191,4161646.44515908,0
18666,313562.348317916,4161646.49824457,0
18667,313562.263570449,4161646.55132815,0
18668,313562.178823191,4161646.60441207,0
18669,313562.094077507,4161646.6574985,0
18670,313562.009333594,4161646.71058775,0
18671,313561.924590212,4161646.76367785,0
18672,313561.839846037,4161646.81676669,0
18673,313561.755099744,4161646.86985215,0
18674,313561.670350007,4161646.92293212,0
18675,313561.585595443,4161646.97600439,0
18676,313561.500834456,4161647.0290664,0
18677,313561.416065402,4161647.08211552,0
18678,313561.331286637,4161647.1351491,0
18679,313561.246496517,4161647.18816452,0
18680,313561.16169368,4161647.24115958,0
18681,313561.076879829,4161647.29413701,0
18682,313560.99205854,4161647.34710254,0
18683,313560.907233413,4161647.40006195,0
18684,313560.822408052,4161647.45302098,0
18685,313560.737586057,4161647.50598543,0
18686,313560.652771,4161647.55896101,0
18687,313560.56796625,4161647.61195308,0
18688,313560.483175099,4161647.66496688,0
18689,313560.398400837,4161647.71800767,0
18690,313560.313646755,4161647.77108066,0
18691,313560.228915322,4161647.8241898,0
18692,313560.144202682,4161647.87732892,0
18693,313560.059502029,4161647.93048717,0
18694,313559.974806544,4161647.98365368,0
18695,313559.890109407,4161648.03681756,0
18696,313559.805403865,4161648.08996804,0
18697,313559.72068605,4161648.14309895,0
18698,313559.635955953,4161648.19621027,0
18699,313559.551213837,4161648.24930241,0
18700,313559.466459965,4161648.30237577,1
18701,313559.381694601,4161648.35543077,2
18702,313559.296918552,4161648.40846869,3
18703,313559.212133842,4161648.46149276,4
18704,313559.127342663,4161648.5145065,5
18705,313559.042547206,4161648.5675134,6
